CustomerID,Gender,Age,Partner,Dependents,TenureYears,ContractType,PaymentMethod,InternetService,MonthlyCharges,TotalCharges,TechSupport,PaperlessBilling,Churn
CUST00001,Male,36,Yes,No,2.9,Month-to-Month,Credit Card,Fiber Optic,75.44,2639.38,No,Yes,No
CUST00002,Female,55,Yes,Yes,3.4,Month-to-Month,Mailed Check,No,31.51,1358.45,No,No,Yes
CUST00003,Male,20,Yes,No,2.0,Two Year,Mailed Check,Fiber Optic,87.59,2309.98,No,No,No
CUST00004,Male,22,No,No,0.1,Month-to-Month,Electronic Check,No,20.0,65.91,Yes,Yes,No
CUST00005,Male,30,No,Yes,3.2,Month-to-Month,Bank Transfer,DSL,46.93,1706.0,No,No,No
CUST00006,Female,64,Yes,No,5.5,Month-to-Month,Electronic Check,Fiber Optic,70.53,4715.34,No,Yes,No
CUST00007,Male,63,No,No,3.8,Month-to-Month,Bank Transfer,Fiber Optic,89.49,4163.19,No,No,Yes
CUST00008,Male,48,No,Yes,5.3,Two Year,Electronic Check,No,27.12,1820.88,No,Yes,No
CUST00009,Male,72,Yes,No,0.7,One Year,Credit Card,DSL,49.19,491.25,Yes,No,No
CUST00010,Female,33,No,No,6.6,One Year,Electronic Check,Fiber Optic,101.51,7912.64,No,Yes,No
CUST00011,Male,67,No,No,1.2,Month-to-Month,Electronic Check,DSL,40.58,553.42,No,Yes,No
CUST00012,Male,49,Yes,No,0.0,Two Year,Credit Card,Fiber Optic,95.28,0.0,No,No,Yes
CUST00013,Male,39,Yes,No,5.6,One Year,Mailed Check,No,15.0,1005.69,Yes,No,No
CUST00014,Male,46,No,Yes,8.5,Month-to-Month,Mailed Check,DSL,50.83,5147.53,No,No,No
CUST00015,Female,39,No,No,3.2,Month-to-Month,Credit Card,No,16.41,612.99,No,No,No
CUST00016,Male,60,Yes,No,0.8,Two Year,Credit Card,No,23.44,188.47,No,No,No
CUST00017,Female,20,Yes,No,0.9,One Year,Electronic Check,DSL,50.67,703.04,No,No,Yes
CUST00018,Female,71,Yes,No,1.9,One Year,Credit Card,Fiber Optic,79.32,1382.14,Yes,Yes,Yes
CUST00019,Female,27,No,No,6.8,Month-to-Month,Credit Card,DSL,57.0,4506.59,No,Yes,Yes
CUST00020,Male,59,No,No,0.5,Month-to-Month,Bank Transfer,DSL,62.02,668.18,No,Yes,No
CUST00021,Female,38,No,No,5.2,One Year,Bank Transfer,Fiber Optic,84.09,5413.03,No,No,Yes
CUST00022,Male,33,Yes,No,1.0,One Year,Mailed Check,Fiber Optic,87.59,1104.63,No,Yes,Yes
CUST00023,Female,29,No,No,5.0,Month-to-Month,Credit Card,Fiber Optic,97.49,5848.36,No,Yes,Yes
CUST00024,Female,19,No,No,7.6,One Year,Electronic Check,DSL,49.42,4448.91,No,Yes,No
CUST00025,Female,58,Yes,No,1.7,Month-to-Month,Mailed Check,No,37.23,664.47,No,No,No
CUST00026,Female,41,Yes,Yes,1.4,One Year,Mailed Check,Fiber Optic,105.2,1844.8,No,Yes,Yes
CUST00027,Female,52,No,No,4.9,Two Year,Mailed Check,DSL,69.51,4198.55,No,Yes,No
CUST00028,Female,73,No,No,2.3,Two Year,Credit Card,Fiber Optic,98.03,2569.88,No,Yes,Yes
CUST00029,Female,47,No,No,3.5,Month-to-Month,Credit Card,DSL,60.82,2333.63,No,Yes,Yes
CUST00030,Female,74,No,No,2.9,Month-to-Month,Electronic Check,DSL,64.21,2319.84,No,Yes,Yes
CUST00031,Male,47,Yes,No,0.5,Two Year,Electronic Check,Fiber Optic,81.13,612.56,No,Yes,Yes
CUST00032,Male,64,No,Yes,5.6,One Year,Mailed Check,Fiber Optic,84.35,5808.6,Yes,Yes,No
CUST00033,Female,52,No,No,0.7,Month-to-Month,Credit Card,DSL,53.42,431.79,Yes,No,No
CUST00034,Female,36,No,No,8.1,Two Year,Electronic Check,Fiber Optic,79.69,7402.14,No,No,No
CUST00035,Female,67,No,Yes,0.9,Month-to-Month,Bank Transfer,DSL,56.17,469.02,No,Yes,Yes
CUST00036,Male,25,No,Yes,4.0,Month-to-Month,Bank Transfer,Fiber Optic,80.8,4086.33,Yes,No,No
CUST00037,Female,43,Yes,No,1.0,Month-to-Month,Mailed Check,DSL,55.5,516.07,No,No,Yes
CUST00038,Male,66,No,No,1.1,Month-to-Month,Bank Transfer,Fiber Optic,73.95,1079.72,No,No,No
CUST00039,Male,57,Yes,No,1.1,Month-to-Month,Mailed Check,DSL,50.73,566.05,No,Yes,Yes
CUST00040,Male,24,Yes,No,4.1,Two Year,Credit Card,Fiber Optic,95.53,4485.5,No,Yes,No
CUST00041,Male,47,Yes,No,2.4,Month-to-Month,Mailed Check,Fiber Optic,86.56,2809.01,Yes,No,No
CUST00042,Male,24,Yes,No,6.4,Month-to-Month,Mailed Check,DSL,65.68,5288.74,No,Yes,No
CUST00043,Female,20,No,No,1.1,Two Year,Credit Card,DSL,50.16,678.43,Yes,Yes,Yes
CUST00044,Female,18,No,Yes,3.5,One Year,Electronic Check,Fiber Optic,83.01,3406.11,No,Yes,No
CUST00045,Female,53,No,No,4.2,One Year,Electronic Check,DSL,56.72,2975.73,No,No,No
CUST00046,Female,42,No,No,0.5,Month-to-Month,Electronic Check,Fiber Optic,83.44,237.04,No,Yes,Yes
CUST00047,Female,54,Yes,No,1.5,Two Year,Electronic Check,Fiber Optic,73.85,1508.17,No,Yes,Yes
CUST00048,Male,18,No,No,2.0,Month-to-Month,Mailed Check,Fiber Optic,89.53,2510.65,Yes,No,Yes
CUST00049,Female,32,Yes,No,1.3,Month-to-Month,Electronic Check,No,22.12,370.68,Yes,No,No
CUST00050,Female,54,Yes,Yes,1.2,Month-to-Month,Bank Transfer,Fiber Optic,84.92,1025.32,No,Yes,Yes
CUST00051,Male,30,No,Yes,3.5,Month-to-Month,Bank Transfer,Fiber Optic,67.96,3061.37,No,Yes,No
CUST00052,Female,57,Yes,Yes,0.7,Month-to-Month,Electronic Check,Fiber Optic,79.81,720.34,No,No,Yes
CUST00053,Male,25,Yes,Yes,3.7,One Year,Bank Transfer,No,28.99,1279.02,Yes,Yes,Yes
CUST00054,Female,22,No,No,8.2,Month-to-Month,Bank Transfer,DSL,59.49,5738.57,Yes,No,No
CUST00055,Male,26,No,Yes,2.5,One Year,Credit Card,No,20.12,557.64,No,No,No
CUST00056,Female,18,Yes,Yes,2.8,Month-to-Month,Credit Card,No,22.87,821.21,No,Yes,No
CUST00057,Female,53,No,No,0.2,Month-to-Month,Electronic Check,Fiber Optic,99.11,222.77,Yes,Yes,Yes
CUST00058,Male,52,No,No,6.0,Month-to-Month,Mailed Check,DSL,70.72,5079.71,No,Yes,No
CUST00059,Male,19,No,Yes,1.0,Two Year,Mailed Check,No,34.12,418.01,Yes,No,No
CUST00060,Male,57,Yes,No,2.9,Two Year,Credit Card,Fiber Optic,95.24,2942.37,No,Yes,No
CUST00061,Male,40,No,No,11.6,Two Year,Credit Card,Fiber Optic,81.84,11388.63,Yes,Yes,No
CUST00062,Male,26,No,Yes,2.7,One Year,Mailed Check,Fiber Optic,90.23,2922.17,No,Yes,No
CUST00063,Male,51,No,Yes,3.9,One Year,Electronic Check,DSL,59.82,2978.68,Yes,Yes,No
CUST00064,Male,63,No,No,1.8,One Year,Mailed Check,DSL,47.47,1103.86,No,Yes,No
CUST00065,Male,31,Yes,No,0.2,One Year,Mailed Check,Fiber Optic,86.57,0.0,No,Yes,No
CUST00066,Female,21,Yes,No,4.8,Month-to-Month,Bank Transfer,Fiber Optic,82.64,4694.88,Yes,No,No
CUST00067,Female,47,Yes,Yes,0.1,Month-to-Month,Mailed Check,No,32.94,108.47,No,Yes,Yes
CUST00068,Male,48,Yes,No,3.6,Month-to-Month,Credit Card,Fiber Optic,80.72,3276.77,Yes,Yes,Yes
CUST00069,Female,55,No,No,0.1,Month-to-Month,Electronic Check,No,18.36,84.31,Yes,No,No
CUST00070,Female,28,Yes,Yes,5.9,Month-to-Month,Mailed Check,DSL,55.14,3899.3,No,No,No
CUST00071,Female,52,No,No,0.5,Month-to-Month,Bank Transfer,Fiber Optic,91.64,648.15,No,No,No
CUST00072,Female,25,No,No,2.2,Month-to-Month,Credit Card,DSL,61.65,1572.97,No,Yes,Yes
CUST00073,Male,20,Yes,No,2.7,Month-to-Month,Credit Card,Fiber Optic,70.79,2229.1,No,Yes,No
CUST00074,Female,31,Yes,No,1.8,Two Year,Bank Transfer,No,31.46,621.52,No,No,No
CUST00075,Male,30,No,No,1.3,Month-to-Month,Credit Card,DSL,60.51,1129.91,No,No,Yes
CUST00076,Female,62,No,No,1.9,Month-to-Month,Bank Transfer,No,31.1,745.8,No,No,No
CUST00077,Female,49,Yes,No,1.1,Two Year,Credit Card,DSL,61.92,697.63,Yes,No,Yes
CUST00078,Female,51,Yes,Yes,1.7,Month-to-Month,Credit Card,DSL,43.72,953.48,No,Yes,Yes
CUST00079,Male,62,No,No,1.3,Month-to-Month,Credit Card,DSL,45.84,801.33,No,No,Yes
CUST00080,Female,36,No,Yes,2.5,Month-to-Month,Credit Card,Fiber Optic,89.71,2885.49,No,No,Yes
CUST00081,Male,55,Yes,Yes,0.8,Month-to-Month,Bank Transfer,DSL,52.21,530.64,Yes,Yes,No
CUST00082,Female,33,No,No,13.4,Month-to-Month,Mailed Check,Fiber Optic,94.38,15209.2,No,Yes,No
CUST00083,Male,19,Yes,No,2.1,Month-to-Month,Credit Card,Fiber Optic,87.45,2040.93,Yes,Yes,No
CUST00084,Female,57,Yes,No,0.6,Month-to-Month,Bank Transfer,DSL,47.84,471.83,Yes,Yes,No
CUST00085,Male,34,Yes,No,1.9,Two Year,Bank Transfer,Fiber Optic,77.43,1868.74,No,Yes,No
CUST00086,Male,72,Yes,Yes,6.0,One Year,Bank Transfer,Fiber Optic,69.99,5177.4,No,No,No
CUST00087,Female,51,Yes,No,0.1,One Year,Mailed Check,No,35.5,0.0,No,No,No
CUST00088,Male,59,No,No,3.4,Month-to-Month,Electronic Check,DSL,54.07,2309.34,Yes,No,No
CUST00089,Female,33,Yes,No,2.4,Month-to-Month,Bank Transfer,DSL,62.33,1798.25,No,Yes,Yes
CUST00090,Female,55,Yes,No,0.6,Two Year,Bank Transfer,Fiber Optic,87.06,770.96,Yes,Yes,Yes
CUST00091,Female,19,Yes,No,5.1,Month-to-Month,Bank Transfer,Fiber Optic,85.92,5052.22,No,No,Yes
CUST00092,Female,19,No,No,1.4,Two Year,Mailed Check,Fiber Optic,91.52,1869.48,No,Yes,No
CUST00093,Female,43,Yes,No,1.0,Month-to-Month,Credit Card,No,29.22,312.5,No,Yes,No
CUST00094,Female,30,Yes,Yes,5.3,Two Year,Mailed Check,No,27.34,1801.88,No,No,No
CUST00095,Female,73,No,No,3.1,Month-to-Month,Bank Transfer,DSL,55.0,2023.45,No,Yes,No
CUST00096,Female,64,No,No,6.9,Month-to-Month,Electronic Check,Fiber Optic,91.73,7935.04,Yes,Yes,No
CUST00097,Female,48,Yes,No,3.0,One Year,Bank Transfer,Fiber Optic,77.47,2834.88,No,Yes,No
CUST00098,Female,51,No,No,4.1,One Year,Credit Card,No,37.4,1980.94,No,No,No
CUST00099,Female,56,No,No,5.4,Month-to-Month,Electronic Check,DSL,55.51,3589.07,Yes,Yes,No
CUST00100,Male,20,No,No,0.2,Two Year,Electronic Check,Fiber Optic,81.93,14.28,No,Yes,Yes
CUST00101,Male,25,Yes,No,4.5,Month-to-Month,Mailed Check,No,31.47,1717.8,Yes,No,No
CUST00102,Female,40,No,No,2.9,Month-to-Month,Mailed Check,Fiber Optic,94.41,3260.35,No,Yes,No
CUST00103,Female,31,Yes,No,0.2,One Year,Credit Card,Fiber Optic,94.35,112.45,No,Yes,Yes
CUST00104,Female,73,No,No,2.1,One Year,Mailed Check,No,33.14,917.43,No,No,No
CUST00105,Female,72,No,No,0.3,Two Year,Credit Card,No,35.01,31.29,No,Yes,Yes
CUST00106,Female,44,Yes,Yes,4.0,Month-to-Month,Electronic Check,DSL,55.35,2868.2,No,Yes,No
CUST00107,Female,71,No,No,2.4,Month-to-Month,Electronic Check,DSL,50.32,1430.64,Yes,No,No
CUST00108,Female,46,Yes,Yes,9.2,One Year,Electronic Check,Fiber Optic,88.56,9535.69,No,Yes,No
CUST00109,Female,56,No,No,0.6,Month-to-Month,Credit Card,No,26.41,210.74,Yes,No,No
CUST00110,Male,70,Yes,No,2.8,Month-to-Month,Mailed Check,No,21.79,740.04,No,Yes,No
CUST00111,Female,56,Yes,No,0.7,Month-to-Month,Mailed Check,Fiber Optic,81.62,660.51,Yes,Yes,Yes
CUST00112,Male,18,Yes,No,2.9,Month-to-Month,Mailed Check,Fiber Optic,71.86,2410.32,Yes,Yes,No
CUST00113,Female,34,No,No,3.8,Month-to-Month,Bank Transfer,DSL,45.09,2174.7,No,Yes,No
CUST00114,Female,58,Yes,Yes,3.8,Month-to-Month,Electronic Check,Fiber Optic,101.23,4725.43,No,Yes,Yes
CUST00115,Male,47,Yes,No,5.1,One Year,Electronic Check,Fiber Optic,94.01,5661.96,No,Yes,No
CUST00116,Female,70,Yes,No,5.8,One Year,Bank Transfer,Fiber Optic,83.08,5848.46,Yes,Yes,No
CUST00117,Male,30,No,No,0.2,Month-to-Month,Electronic Check,Fiber Optic,89.18,74.91,Yes,No,Yes
CUST00118,Female,38,No,No,1.3,Month-to-Month,Electronic Check,Fiber Optic,77.4,1358.84,Yes,Yes,Yes
CUST00119,Female,36,Yes,No,3.5,Month-to-Month,Bank Transfer,No,35.29,1630.29,No,Yes,No
CUST00120,Male,70,Yes,No,2.1,Month-to-Month,Electronic Check,DSL,57.09,1565.07,No,No,Yes
CUST00121,Female,36,Yes,No,0.6,One Year,Mailed Check,Fiber Optic,79.36,466.55,No,Yes,Yes
CUST00122,Male,74,Yes,No,2.4,Two Year,Bank Transfer,Fiber Optic,82.41,2214.91,No,No,No
CUST00123,Female,42,Yes,Yes,1.6,One Year,Electronic Check,Fiber Optic,81.86,1587.87,No,No,Yes
CUST00124,Male,39,No,No,1.5,One Year,Mailed Check,Fiber Optic,91.8,1356.91,No,No,Yes
CUST00125,Male,48,Yes,No,5.0,Month-to-Month,Credit Card,DSL,54.35,3360.39,Yes,Yes,No
CUST00126,Female,34,Yes,Yes,1.6,Month-to-Month,Electronic Check,DSL,42.37,870.02,No,No,Yes
CUST00127,Female,72,Yes,Yes,0.1,Two Year,Bank Transfer,DSL,51.41,45.92,No,No,Yes
CUST00128,Male,40,No,No,0.2,Two Year,Mailed Check,DSL,48.74,88.7,Yes,No,No
CUST00129,Female,49,No,No,5.8,Month-to-Month,Credit Card,Fiber Optic,73.18,5076.89,No,No,No
CUST00130,Female,27,No,Yes,9.7,Month-to-Month,Credit Card,DSL,48.91,5845.96,No,No,Yes
CUST00131,Female,27,Yes,No,3.5,One Year,Electronic Check,Fiber Optic,67.73,2789.8,Yes,No,Yes
CUST00132,Male,53,Yes,No,1.4,Month-to-Month,Credit Card,DSL,47.55,685.16,No,Yes,Yes
CUST00133,Male,25,Yes,Yes,8.4,One Year,Bank Transfer,Fiber Optic,86.57,8590.78,No,No,No
CUST00134,Male,71,Yes,Yes,3.3,Two Year,Credit Card,Fiber Optic,88.63,3685.12,Yes,Yes,No
CUST00135,Male,69,No,No,5.6,Month-to-Month,Electronic Check,DSL,59.03,3853.23,No,Yes,Yes
CUST00136,Male,37,No,Yes,4.4,Two Year,Credit Card,Fiber Optic,92.66,5114.51,No,No,No
CUST00137,Male,49,No,No,1.4,Two Year,Electronic Check,No,39.5,647.69,Yes,No,No
CUST00138,Male,67,No,No,2.0,Two Year,Credit Card,DSL,46.8,955.4,Yes,No,No
CUST00139,Male,31,Yes,No,0.6,Month-to-Month,Mailed Check,Fiber Optic,73.99,643.49,No,No,Yes
CUST00140,Male,67,No,Yes,1.0,Month-to-Month,Electronic Check,DSL,55.34,634.05,No,No,Yes
CUST00141,Female,45,Yes,Yes,4.5,One Year,Bank Transfer,DSL,59.37,3250.25,No,Yes,No
CUST00142,Male,63,Yes,Yes,6.7,Month-to-Month,Bank Transfer,Fiber Optic,78.32,6199.1,Yes,Yes,No
CUST00143,Female,69,No,Yes,3.9,Month-to-Month,Credit Card,DSL,57.12,2813.7,Yes,Yes,No
CUST00144,Female,70,Yes,No,1.9,Month-to-Month,Mailed Check,No,44.58,1056.17,Yes,Yes,No
CUST00145,Female,41,Yes,Yes,0.3,One Year,Credit Card,DSL,44.31,351.5,No,No,Yes
CUST00146,Male,32,Yes,No,0.2,Month-to-Month,Credit Card,DSL,55.05,210.34,No,No,No
CUST00147,Male,39,No,No,1.4,Month-to-Month,Mailed Check,Fiber Optic,93.31,1524.17,No,Yes,Yes
CUST00148,Male,47,No,Yes,1.9,Month-to-Month,Electronic Check,Fiber Optic,83.42,1757.7,No,Yes,Yes
CUST00149,Male,21,Yes,Yes,2.8,One Year,Bank Transfer,Fiber Optic,88.3,2716.68,No,Yes,Yes
CUST00150,Female,30,No,Yes,0.0,One Year,Mailed Check,DSL,62.28,0.0,No,Yes,No
CUST00151,Male,40,Yes,Yes,13.7,Month-to-Month,Credit Card,No,27.59,4530.25,Yes,Yes,No
CUST00152,Male,25,Yes,No,1.4,Two Year,Electronic Check,No,21.51,429.83,Yes,Yes,No
CUST00153,Male,35,No,No,5.7,Month-to-Month,Credit Card,Fiber Optic,84.19,5689.57,Yes,Yes,Yes
CUST00154,Male,29,No,No,2.3,One Year,Electronic Check,Fiber Optic,76.24,2259.02,Yes,No,Yes
CUST00155,Male,72,No,No,0.4,One Year,Bank Transfer,Fiber Optic,80.6,369.66,No,Yes,Yes
CUST00156,Female,48,Yes,No,4.8,One Year,Bank Transfer,DSL,58.54,3593.13,Yes,No,No
CUST00157,Male,31,No,No,3.7,Month-to-Month,Electronic Check,DSL,56.45,2329.54,No,No,Yes
CUST00158,Female,51,No,No,2.2,Two Year,Bank Transfer,DSL,62.98,1833.05,Yes,Yes,No
CUST00159,Male,35,No,Yes,2.2,Two Year,Credit Card,No,31.86,809.21,Yes,No,No
CUST00160,Female,73,Yes,Yes,0.3,One Year,Electronic Check,DSL,48.76,262.49,Yes,No,No
CUST00161,Male,51,No,No,3.2,Month-to-Month,Credit Card,Fiber Optic,77.03,3199.95,Yes,Yes,No
CUST00162,Male,28,No,No,7.3,Month-to-Month,Electronic Check,DSL,60.02,5215.8,No,Yes,No
CUST00163,Female,58,Yes,No,0.3,One Year,Credit Card,Fiber Optic,86.92,122.34,No,No,Yes
CUST00164,Female,29,Yes,No,0.9,Month-to-Month,Bank Transfer,DSL,53.46,449.83,No,Yes,Yes
CUST00165,Female,66,Yes,No,7.0,One Year,Mailed Check,Fiber Optic,87.71,7217.88,No,Yes,No
CUST00166,Male,32,No,No,1.0,Month-to-Month,Credit Card,DSL,49.37,352.56,Yes,Yes,No
CUST00167,Female,74,No,No,3.2,One Year,Electronic Check,No,15.0,569.17,No,Yes,No
CUST00168,Male,48,No,No,2.3,Month-to-Month,Bank Transfer,No,38.34,1108.07,Yes,No,No
CUST00169,Male,66,No,No,2.7,Month-to-Month,Electronic Check,Fiber Optic,90.19,2966.57,No,No,Yes
CUST00170,Female,46,No,No,1.6,Month-to-Month,Credit Card,DSL,54.3,1001.58,No,No,Yes
CUST00171,Female,43,Yes,No,1.1,Month-to-Month,Electronic Check,DSL,47.81,546.3,Yes,Yes,No
CUST00172,Male,35,Yes,No,0.1,Month-to-Month,Electronic Check,No,28.29,1.64,No,No,No
CUST00173,Male,49,No,No,4.1,One Year,Credit Card,DSL,41.16,2048.56,No,No,No
CUST00174,Female,39,Yes,No,4.1,One Year,Bank Transfer,DSL,55.92,2843.36,Yes,No,No
CUST00175,Female,55,Yes,No,3.3,One Year,Bank Transfer,Fiber Optic,69.51,2544.82,Yes,Yes,No
CUST00176,Female,34,No,No,3.1,One Year,Credit Card,DSL,55.85,2095.31,Yes,Yes,No
CUST00177,Male,40,Yes,Yes,0.8,Month-to-Month,Bank Transfer,DSL,49.36,499.99,No,No,No
CUST00178,Male,41,Yes,No,0.1,Month-to-Month,Mailed Check,Fiber Optic,83.82,0.0,Yes,Yes,Yes
CUST00179,Male,67,Yes,Yes,5.0,Month-to-Month,Electronic Check,Fiber Optic,75.89,4636.2,No,No,No
CUST00180,Male,25,Yes,No,2.0,One Year,Credit Card,DSL,67.07,1734.78,No,No,Yes
CUST00181,Male,58,No,No,1.1,Month-to-Month,Mailed Check,Fiber Optic,87.88,1059.87,No,Yes,No
CUST00182,Male,23,No,No,0.3,Month-to-Month,Electronic Check,Fiber Optic,79.49,148.4,Yes,No,Yes
CUST00183,Female,22,No,Yes,0.2,One Year,Credit Card,Fiber Optic,83.56,560.8,No,Yes,No
CUST00184,Male,61,Yes,No,1.3,Two Year,Bank Transfer,DSL,67.85,1167.06,Yes,No,No
CUST00185,Male,74,No,No,4.9,One Year,Credit Card,Fiber Optic,77.4,4579.06,No,No,Yes
CUST00186,Male,46,No,No,7.5,One Year,Credit Card,Fiber Optic,76.1,6746.52,No,No,No
CUST00187,Female,45,No,Yes,6.8,One Year,Electronic Check,Fiber Optic,75.76,6064.86,No,No,No
CUST00188,Male,28,Yes,No,7.6,Month-to-Month,Electronic Check,DSL,49.55,4575.73,No,Yes,No
CUST00189,Male,74,No,No,7.1,One Year,Electronic Check,DSL,66.96,5594.88,No,No,No
CUST00190,Female,18,No,Yes,2.2,Two Year,Mailed Check,No,25.52,629.56,Yes,No,No
CUST00191,Male,60,No,No,0.7,Month-to-Month,Bank Transfer,DSL,51.66,420.03,No,Yes,No
CUST00192,Male,36,No,No,4.8,Month-to-Month,Credit Card,Fiber Optic,86.61,5099.49,Yes,Yes,Yes
CUST00193,Male,26,Yes,No,0.7,Month-to-Month,Credit Card,No,29.75,354.87,No,No,No
CUST00194,Male,44,No,No,0.9,Month-to-Month,Bank Transfer,Fiber Optic,92.76,1046.36,Yes,Yes,No
CUST00195,Male,51,Yes,No,0.8,Two Year,Credit Card,Fiber Optic,91.57,728.61,No,No,Yes
CUST00196,Female,61,No,No,2.2,Month-to-Month,Electronic Check,DSL,57.62,1490.27,No,Yes,Yes
CUST00197,Female,21,Yes,No,1.2,Month-to-Month,Credit Card,No,28.16,478.98,No,Yes,No
CUST00198,Female,53,Yes,Yes,0.5,Two Year,Bank Transfer,Fiber Optic,92.68,779.08,No,Yes,Yes
CUST00199,Male,35,Yes,Yes,1.8,Month-to-Month,Mailed Check,Fiber Optic,78.7,1896.27,No,No,Yes
CUST00200,Male,32,No,No,6.2,Month-to-Month,Mailed Check,Fiber Optic,78.19,5975.86,No,No,No
CUST00201,Male,68,Yes,No,2.5,Two Year,Bank Transfer,No,26.74,904.45,Yes,Yes,Yes
CUST00202,Female,30,No,No,6.3,Month-to-Month,Credit Card,Fiber Optic,94.29,7167.74,No,No,No
CUST00203,Male,36,No,No,0.7,One Year,Credit Card,DSL,48.3,478.38,No,No,Yes
CUST00204,Male,66,Yes,No,0.5,Month-to-Month,Mailed Check,Fiber Optic,80.2,351.81,No,No,Yes
CUST00205,Female,23,Yes,No,2.6,Month-to-Month,Credit Card,Fiber Optic,86.39,2735.68,Yes,No,Yes
CUST00206,Male,65,Yes,Yes,1.9,Month-to-Month,Mailed Check,DSL,54.55,1273.41,Yes,Yes,No
CUST00207,Female,73,No,No,3.2,Month-to-Month,Bank Transfer,No,26.96,1077.97,No,Yes,No
CUST00208,Female,29,No,No,4.7,Two Year,Bank Transfer,DSL,58.74,3239.3,Yes,Yes,No
CUST00209,Female,68,Yes,No,4.2,Two Year,Credit Card,Fiber Optic,81.22,3839.01,No,Yes,No
CUST00210,Male,54,Yes,Yes,8.6,Two Year,Electronic Check,DSL,63.45,6474.16,Yes,Yes,Yes
CUST00211,Male,34,No,No,1.5,Month-to-Month,Electronic Check,DSL,56.9,1145.02,Yes,Yes,Yes
CUST00212,Male,40,No,Yes,0.7,Two Year,Mailed Check,Fiber Optic,93.13,742.78,Yes,No,No
CUST00213,Male,43,No,Yes,2.4,One Year,Bank Transfer,No,23.67,704.06,No,Yes,No
CUST00214,Male,46,No,Yes,0.4,Month-to-Month,Mailed Check,Fiber Optic,83.81,301.97,No,No,Yes
CUST00215,Male,50,Yes,No,1.0,One Year,Bank Transfer,DSL,39.82,560.73,Yes,No,No
CUST00216,Male,44,Yes,No,0.7,Month-to-Month,Mailed Check,Fiber Optic,95.7,783.61,Yes,No,Yes
CUST00217,Female,42,Yes,No,1.5,Month-to-Month,Mailed Check,DSL,73.35,1302.74,No,No,No
CUST00218,Male,73,Yes,No,0.4,Two Year,Mailed Check,DSL,52.69,392.84,No,No,Yes
CUST00219,Female,72,Yes,No,0.1,One Year,Credit Card,DSL,57.98,252.4,No,Yes,Yes
CUST00220,Male,27,Yes,No,3.2,Month-to-Month,Electronic Check,DSL,55.91,2297.43,No,No,Yes
CUST00221,Male,64,Yes,No,2.8,Month-to-Month,Bank Transfer,Fiber Optic,74.66,2459.73,No,Yes,No
CUST00222,Male,40,No,Yes,3.7,Two Year,Mailed Check,Fiber Optic,94.98,4104.11,No,No,No
CUST00223,Female,38,No,No,3.2,One Year,Electronic Check,DSL,52.8,1931.36,No,Yes,Yes
CUST00224,Female,38,No,No,0.4,Month-to-Month,Mailed Check,Fiber Optic,68.61,125.03,No,No,Yes
CUST00225,Female,60,No,No,1.0,Month-to-Month,Mailed Check,DSL,49.27,499.35,Yes,Yes,No
CUST00226,Female,30,Yes,No,0.4,Month-to-Month,Bank Transfer,No,18.84,58.47,Yes,Yes,No
CUST00227,Male,54,No,No,5.6,Two Year,Credit Card,Fiber Optic,85.98,5560.72,No,No,No
CUST00228,Female,50,Yes,Yes,4.1,Month-to-Month,Mailed Check,DSL,55.93,2582.03,No,No,No
CUST00229,Male,41,No,No,0.7,Month-to-Month,Bank Transfer,No,39.49,228.75,Yes,Yes,No
CUST00230,Male,61,Yes,No,1.3,Month-to-Month,Credit Card,DSL,69.64,1079.25,No,No,Yes
CUST00231,Female,28,No,No,10.2,Two Year,Credit Card,Fiber Optic,100.29,12364.08,No,Yes,No
CUST00232,Female,34,Yes,No,2.7,One Year,Electronic Check,DSL,46.8,1549.2,No,No,No
CUST00233,Female,21,Yes,No,4.8,One Year,Electronic Check,Fiber Optic,89.95,5087.51,Yes,No,No
CUST00234,Female,64,No,No,0.9,Month-to-Month,Mailed Check,Fiber Optic,91.37,923.11,No,Yes,Yes
CUST00235,Female,42,Yes,No,0.7,Month-to-Month,Electronic Check,DSL,50.81,464.15,Yes,Yes,Yes
CUST00236,Female,47,No,Yes,4.6,Two Year,Bank Transfer,DSL,57.3,3184.85,No,Yes,No
CUST00237,Female,26,No,No,3.5,Two Year,Bank Transfer,Fiber Optic,88.19,3803.26,Yes,Yes,No
CUST00238,Female,38,No,No,3.4,Two Year,Electronic Check,DSL,51.12,1987.27,No,No,No
CUST00239,Male,37,No,Yes,2.4,Two Year,Bank Transfer,DSL,65.26,2105.65,Yes,No,No
CUST00240,Female,36,No,No,2.5,Two Year,Bank Transfer,Fiber Optic,86.88,2716.15,Yes,No,No
CUST00241,Female,36,Yes,No,4.0,One Year,Mailed Check,No,28.63,1416.61,Yes,Yes,No
CUST00242,Male,29,No,No,0.9,Two Year,Mailed Check,DSL,45.21,392.35,Yes,Yes,Yes
CUST00243,Female,54,No,Yes,1.3,One Year,Bank Transfer,DSL,64.21,862.47,No,Yes,Yes
CUST00244,Male,59,No,No,6.2,Month-to-Month,Electronic Check,No,30.6,2233.95,Yes,No,No
CUST00245,Male,34,Yes,No,1.1,Month-to-Month,Bank Transfer,DSL,55.63,816.26,No,Yes,Yes
CUST00246,Female,54,No,No,2.4,Two Year,Credit Card,Fiber Optic,78.23,2072.01,No,No,Yes
CUST00247,Male,71,No,No,3.6,Month-to-Month,Credit Card,No,37.15,1638.07,No,Yes,No
CUST00248,Male,65,No,Yes,15.0,Two Year,Credit Card,No,20.92,3826.98,Yes,No,No
CUST00249,Male,56,Yes,No,1.7,Month-to-Month,Mailed Check,DSL,37.34,708.85,No,Yes,Yes
CUST00250,Male,45,Yes,Yes,1.7,Month-to-Month,Electronic Check,DSL,49.33,913.94,Yes,No,No
CUST00251,Female,58,Yes,Yes,5.5,Month-to-Month,Bank Transfer,DSL,57.78,3728.75,No,No,Yes
CUST00252,Male,52,No,No,4.9,Month-to-Month,Electronic Check,No,32.71,1912.45,Yes,No,No
CUST00253,Female,64,No,No,3.9,Month-to-Month,Electronic Check,No,31.12,1515.75,No,No,Yes
CUST00254,Male,65,Yes,No,1.9,Month-to-Month,Electronic Check,DSL,53.62,1331.1,No,Yes,No
CUST00255,Male,35,Yes,Yes,1.2,Two Year,Credit Card,Fiber Optic,86.27,1380.08,No,Yes,Yes
CUST00256,Male,31,Yes,No,2.8,Month-to-Month,Bank Transfer,No,52.88,1571.27,Yes,No,No
CUST00257,Male,52,Yes,No,6.3,Month-to-Month,Mailed Check,DSL,57.0,4287.7,Yes,Yes,No
CUST00258,Female,61,No,No,6.5,Month-to-Month,Electronic Check,DSL,51.62,3935.34,No,No,No
CUST00259,Female,58,No,No,0.3,One Year,Electronic Check,DSL,54.16,238.78,No,No,No
CUST00260,Male,24,Yes,No,1.7,One Year,Credit Card,Fiber Optic,83.34,1850.17,No,Yes,Yes
CUST00261,Male,58,No,No,1.9,One Year,Credit Card,No,30.55,666.14,Yes,No,No
CUST00262,Female,30,Yes,Yes,11.4,Month-to-Month,Bank Transfer,No,22.71,3193.73,No,No,No
CUST00263,Male,35,No,No,3.4,Month-to-Month,Mailed Check,DSL,61.39,2393.52,No,No,No
CUST00264,Male,54,Yes,No,1.6,One Year,Mailed Check,DSL,57.37,1162.64,Yes,No,No
CUST00265,Male,30,Yes,No,0.1,Two Year,Credit Card,Fiber Optic,78.69,431.91,Yes,Yes,No
CUST00266,Female,53,Yes,No,2.5,Month-to-Month,Bank Transfer,Fiber Optic,93.16,2965.8,No,No,Yes
CUST00267,Female,48,No,No,0.3,Month-to-Month,Electronic Check,Fiber Optic,69.78,334.17,No,Yes,No
CUST00268,Female,19,No,Yes,5.4,Month-to-Month,Bank Transfer,Fiber Optic,102.22,6589.05,No,No,No
CUST00269,Male,33,No,Yes,4.2,Month-to-Month,Mailed Check,Fiber Optic,100.08,5166.51,No,Yes,No
CUST00270,Male,26,Yes,No,1.9,One Year,Credit Card,DSL,68.8,1492.7,Yes,Yes,No
CUST00271,Female,26,Yes,Yes,1.7,Month-to-Month,Electronic Check,Fiber Optic,81.03,1835.76,No,No,Yes
CUST00272,Female,55,Yes,No,6.8,Month-to-Month,Electronic Check,No,31.93,2558.87,No,Yes,No
CUST00273,Female,28,No,No,1.0,Month-to-Month,Mailed Check,DSL,50.03,575.45,No,No,No
CUST00274,Female,71,Yes,No,0.9,Two Year,Electronic Check,Fiber Optic,88.45,806.73,No,Yes,No
CUST00275,Male,73,No,No,8.4,Two Year,Bank Transfer,DSL,55.15,5520.93,No,Yes,No
CUST00276,Female,39,No,No,5.0,Two Year,Mailed Check,Fiber Optic,81.32,4804.6,No,Yes,No
CUST00277,Male,50,No,No,5.2,Month-to-Month,Mailed Check,Fiber Optic,81.23,4741.33,Yes,Yes,No
CUST00278,Female,53,Yes,Yes,0.7,One Year,Electronic Check,Fiber Optic,85.66,725.26,No,No,Yes
CUST00279,Male,62,Yes,No,0.5,Month-to-Month,Mailed Check,No,53.49,269.15,No,Yes,No
CUST00280,Female,40,Yes,No,0.1,Month-to-Month,Credit Card,Fiber Optic,95.44,0.0,Yes,Yes,No
CUST00281,Female,62,No,No,0.8,Month-to-Month,Bank Transfer,Fiber Optic,85.69,705.27,No,Yes,Yes
CUST00282,Female,62,No,Yes,4.5,One Year,Mailed Check,DSL,53.55,2930.46,Yes,Yes,No
CUST00283,Female,51,Yes,No,0.8,Month-to-Month,Credit Card,Fiber Optic,89.98,544.59,Yes,Yes,No
CUST00284,Male,26,Yes,No,3.9,Two Year,Electronic Check,DSL,50.1,2328.41,No,No,No
CUST00285,Female,41,No,No,0.9,Month-to-Month,Mailed Check,No,28.18,368.85,No,No,No
CUST00286,Male,25,No,No,1.5,Month-to-Month,Credit Card,DSL,39.39,674.91,Yes,No,Yes
CUST00287,Male,24,Yes,No,12.3,Month-to-Month,Electronic Check,DSL,55.73,8388.27,No,No,No
CUST00288,Male,53,No,No,0.8,Month-to-Month,Credit Card,DSL,55.93,657.27,No,No,Yes
CUST00289,Male,35,Yes,Yes,1.4,Month-to-Month,Electronic Check,No,25.65,449.59,Yes,Yes,Yes
CUST00290,Female,20,Yes,No,1.1,Month-to-Month,Bank Transfer,DSL,58.61,770.84,Yes,Yes,No
CUST00291,Male,45,No,No,0.3,Month-to-Month,Mailed Check,DSL,56.0,202.34,No,No,No
CUST00292,Male,23,No,No,2.0,Month-to-Month,Bank Transfer,DSL,50.75,1267.62,No,No,No
CUST00293,Male,61,No,No,1.4,Month-to-Month,Bank Transfer,DSL,61.58,1280.83,No,Yes,No
CUST00294,Female,61,Yes,Yes,3.6,Month-to-Month,Mailed Check,DSL,53.56,2367.56,No,No,No
CUST00295,Female,38,No,Yes,5.1,Month-to-Month,Bank Transfer,Fiber Optic,76.62,4917.24,Yes,No,Yes
CUST00296,Female,45,Yes,No,2.4,Month-to-Month,Bank Transfer,DSL,40.91,1083.36,Yes,No,No
CUST00297,Female,57,Yes,No,0.1,Month-to-Month,Credit Card,Fiber Optic,96.48,11.53,Yes,Yes,Yes
CUST00298,Male,71,No,No,2.9,Two Year,Electronic Check,DSL,56.01,1950.92,No,No,No
CUST00299,Male,71,Yes,No,0.2,Month-to-Month,Bank Transfer,Fiber Optic,85.67,435.8,No,No,Yes
CUST00300,Female,18,No,No,2.9,Month-to-Month,Mailed Check,Fiber Optic,84.65,2642.5,No,Yes,No
CUST00301,Male,53,No,No,3.5,Two Year,Credit Card,DSL,64.74,3110.02,Yes,No,No
CUST00302,Male,38,Yes,No,0.7,Two Year,Electronic Check,Fiber Optic,86.14,723.53,Yes,No,No
CUST00303,Male,60,Yes,No,5.1,Two Year,Bank Transfer,DSL,67.38,4282.67,Yes,Yes,No
CUST00304,Female,52,Yes,No,7.3,One Year,Bank Transfer,DSL,56.17,4918.38,Yes,No,No
CUST00305,Female,30,Yes,No,5.0,Month-to-Month,Mailed Check,Fiber Optic,63.6,3712.38,No,Yes,Yes
CUST00306,Male,74,No,No,1.1,Month-to-Month,Bank Transfer,Fiber Optic,95.14,1581.78,No,No,Yes
CUST00307,Female,66,No,No,2.7,One Year,Mailed Check,Fiber Optic,87.52,2801.88,No,No,No
CUST00308,Female,71,Yes,No,7.4,Two Year,Bank Transfer,DSL,50.94,4450.03,No,Yes,No
CUST00309,Female,71,Yes,No,1.2,One Year,Bank Transfer,DSL,52.95,803.16,Yes,Yes,No
CUST00310,Female,27,No,No,5.1,Two Year,Mailed Check,DSL,52.54,3277.96,Yes,No,No
CUST00311,Female,70,No,Yes,0.0,Month-to-Month,Electronic Check,Fiber Optic,75.07,50.27,Yes,No,Yes
CUST00312,Male,61,Yes,No,0.0,Month-to-Month,Credit Card,Fiber Optic,92.02,76.61,Yes,Yes,Yes
CUST00313,Female,64,Yes,No,4.3,Two Year,Mailed Check,DSL,51.43,2693.11,No,No,No
CUST00314,Male,70,No,No,4.3,One Year,Electronic Check,Fiber Optic,78.05,4220.14,Yes,Yes,No
CUST00315,Male,27,Yes,Yes,4.7,Two Year,Electronic Check,DSL,89.39,5051.76,No,Yes,No
CUST00316,Female,63,Yes,Yes,8.0,One Year,Mailed Check,No,20.78,1967.53,No,No,No
CUST00317,Male,30,No,Yes,0.4,Month-to-Month,Credit Card,DSL,54.3,339.08,Yes,No,No
CUST00318,Male,54,No,No,0.8,Month-to-Month,Mailed Check,Fiber Optic,66.6,311.07,No,No,Yes
CUST00319,Male,55,No,Yes,7.0,Two Year,Bank Transfer,Fiber Optic,95.03,8097.31,No,Yes,No
CUST00320,Female,41,No,No,0.6,One Year,Bank Transfer,No,27.74,283.37,Yes,Yes,No
CUST00321,Female,19,No,Yes,3.4,Month-to-Month,Electronic Check,DSL,61.54,2604.44,No,No,No
CUST00322,Male,39,Yes,Yes,2.3,Month-to-Month,Bank Transfer,Fiber Optic,77.45,1891.62,Yes,Yes,No
CUST00323,Female,34,Yes,Yes,0.3,Month-to-Month,Credit Card,DSL,42.07,272.85,No,Yes,No
CUST00324,Female,53,Yes,Yes,1.0,Month-to-Month,Mailed Check,No,24.03,261.84,Yes,No,No
CUST00325,Female,31,Yes,No,2.2,One Year,Credit Card,No,40.76,1092.42,No,No,No
CUST00326,Female,27,No,No,5.7,Month-to-Month,Electronic Check,DSL,59.62,4231.71,No,Yes,No
CUST00327,Male,52,No,No,3.7,Month-to-Month,Bank Transfer,Fiber Optic,72.07,3110.78,No,Yes,Yes
CUST00328,Male,42,No,Yes,2.9,Two Year,Bank Transfer,Fiber Optic,65.64,2302.63,Yes,No,No
CUST00329,Female,20,No,Yes,2.1,Month-to-Month,Mailed Check,DSL,52.43,1184.48,Yes,No,No
CUST00330,Female,64,Yes,No,1.1,Two Year,Credit Card,DSL,63.74,817.61,No,Yes,No
CUST00331,Male,55,Yes,No,0.4,Month-to-Month,Credit Card,No,23.93,59.03,Yes,No,No
CUST00332,Male,34,No,Yes,1.6,Two Year,Mailed Check,Fiber Optic,93.61,1887.81,No,Yes,Yes
CUST00333,Female,29,No,No,0.1,Month-to-Month,Bank Transfer,DSL,56.02,0.0,No,No,Yes
CUST00334,Male,71,No,No,0.7,Month-to-Month,Electronic Check,DSL,69.02,567.41,No,Yes,Yes
CUST00335,Female,69,No,Yes,1.7,Two Year,Electronic Check,DSL,49.57,955.01,No,No,No
CUST00336,Female,41,No,No,1.6,One Year,Mailed Check,Fiber Optic,84.52,1501.79,No,Yes,No
CUST00337,Male,46,No,Yes,0.1,Month-to-Month,Mailed Check,DSL,49.76,169.27,No,Yes,Yes
CUST00338,Male,60,Yes,No,2.7,Two Year,Mailed Check,Fiber Optic,92.88,2809.88,No,No,No
CUST00339,Female,42,No,Yes,2.4,Month-to-Month,Credit Card,DSL,59.73,1655.28,Yes,Yes,No
CUST00340,Female,53,No,No,0.2,Two Year,Bank Transfer,DSL,41.41,115.29,No,No,Yes
CUST00341,Male,43,Yes,Yes,8.6,Month-to-Month,Bank Transfer,DSL,60.54,6325.25,No,Yes,No
CUST00342,Female,55,No,No,0.3,Month-to-Month,Mailed Check,No,18.09,0.0,No,Yes,No
CUST00343,Male,18,Yes,Yes,5.8,Month-to-Month,Electronic Check,DSL,47.71,3303.6,No,Yes,No
CUST00344,Female,37,No,No,0.0,Month-to-Month,Credit Card,Fiber Optic,90.97,137.66,Yes,Yes,Yes
CUST00345,Male,72,Yes,No,6.4,Month-to-Month,Mailed Check,DSL,44.96,3602.88,No,Yes,No
CUST00346,Male,45,No,No,0.1,Month-to-Month,Credit Card,Fiber Optic,82.03,103.66,No,No,Yes
CUST00347,Male,33,Yes,No,4.3,Month-to-Month,Mailed Check,DSL,61.08,2980.39,Yes,No,No
CUST00348,Female,64,No,No,1.3,Month-to-Month,Credit Card,Fiber Optic,88.32,1375.55,Yes,No,Yes
CUST00349,Female,34,Yes,No,4.0,Month-to-Month,Electronic Check,No,32.85,1545.34,Yes,Yes,Yes
CUST00350,Male,57,Yes,Yes,1.5,Two Year,Electronic Check,DSL,61.33,1145.74,No,Yes,No
CUST00351,Female,45,No,No,0.2,One Year,Electronic Check,DSL,65.46,398.07,No,Yes,Yes
CUST00352,Male,29,No,Yes,4.4,One Year,Electronic Check,Fiber Optic,75.08,3787.97,No,No,Yes
CUST00353,Male,44,Yes,No,0.2,Two Year,Bank Transfer,DSL,57.67,264.91,No,Yes,No
CUST00354,Female,71,Yes,Yes,7.7,One Year,Bank Transfer,Fiber Optic,92.72,8734.44,No,Yes,No
CUST00355,Female,70,No,No,0.2,Two Year,Credit Card,DSL,61.14,226.77,No,Yes,No
CUST00356,Male,59,No,No,2.0,Month-to-Month,Mailed Check,Fiber Optic,83.73,2053.25,Yes,Yes,Yes
CUST00357,Female,64,No,No,3.9,Month-to-Month,Bank Transfer,Fiber Optic,83.26,4242.19,Yes,Yes,No
CUST00358,Female,47,Yes,No,1.5,Month-to-Month,Mailed Check,DSL,61.59,1267.65,No,Yes,No
CUST00359,Male,58,No,Yes,0.7,Month-to-Month,Credit Card,Fiber Optic,86.71,627.12,Yes,Yes,Yes
CUST00360,Male,51,Yes,No,4.3,Two Year,Mailed Check,Fiber Optic,93.75,4846.87,Yes,Yes,No
CUST00361,Female,54,Yes,Yes,4.6,One Year,Electronic Check,DSL,55.88,2963.24,Yes,No,No
CUST00362,Male,23,No,No,7.7,Month-to-Month,Electronic Check,Fiber Optic,82.01,7805.46,Yes,No,No
CUST00363,Male,24,No,No,1.4,One Year,Bank Transfer,Fiber Optic,70.89,1197.68,No,No,Yes
CUST00364,Female,49,No,No,2.1,Month-to-Month,Credit Card,DSL,53.16,1134.93,No,Yes,No
CUST00365,Male,49,Yes,Yes,1.4,Month-to-Month,Bank Transfer,No,20.15,239.52,No,Yes,Yes
CUST00366,Male,70,Yes,Yes,0.9,One Year,Bank Transfer,Fiber Optic,70.36,681.38,No,No,No
CUST00367,Female,42,Yes,Yes,4.2,Two Year,Bank Transfer,DSL,48.08,2342.01,No,Yes,No
CUST00368,Female,50,No,Yes,1.2,Two Year,Credit Card,No,35.62,481.42,No,Yes,No
CUST00369,Male,72,Yes,Yes,1.7,One Year,Electronic Check,DSL,53.07,1060.57,Yes,No,No
CUST00370,Male,24,Yes,No,1.6,Month-to-Month,Electronic Check,Fiber Optic,86.43,1883.44,No,No,Yes
CUST00371,Female,69,Yes,Yes,3.7,Month-to-Month,Bank Transfer,DSL,60.39,2853.34,Yes,No,No
CUST00372,Female,74,No,No,7.5,Month-to-Month,Mailed Check,Fiber Optic,84.71,8002.53,No,No,Yes
CUST00373,Female,29,Yes,No,3.3,One Year,Electronic Check,Fiber Optic,79.5,3419.65,No,No,No
CUST00374,Female,33,No,No,1.9,Month-to-Month,Electronic Check,Fiber Optic,81.43,1959.16,Yes,No,Yes
CUST00375,Male,33,Yes,No,4.5,Month-to-Month,Credit Card,DSL,61.18,3132.18,No,Yes,No
CUST00376,Female,60,No,No,3.1,Two Year,Electronic Check,DSL,54.79,2126.09,Yes,No,Yes
CUST00377,Female,70,Yes,No,0.2,Two Year,Electronic Check,Fiber Optic,64.65,0.0,Yes,No,Yes
CUST00378,Male,53,No,Yes,0.3,One Year,Bank Transfer,DSL,52.17,222.44,No,Yes,Yes
CUST00379,Female,30,No,No,0.1,Month-to-Month,Bank Transfer,DSL,59.25,0.0,No,Yes,Yes
CUST00380,Male,24,Yes,No,1.8,Month-to-Month,Credit Card,Fiber Optic,86.46,2203.48,No,Yes,No
CUST00381,Female,53,No,No,5.2,Month-to-Month,Credit Card,No,21.84,1379.32,No,No,No
CUST00382,Female,64,Yes,No,1.1,One Year,Mailed Check,DSL,49.03,627.01,Yes,No,No
CUST00383,Female,68,No,No,1.5,Month-to-Month,Electronic Check,DSL,39.41,673.83,Yes,Yes,No
CUST00384,Male,26,No,No,7.2,Two Year,Bank Transfer,No,34.39,2969.3,No,Yes,No
CUST00385,Male,49,Yes,Yes,5.4,Two Year,Bank Transfer,No,34.97,2215.48,No,No,No
CUST00386,Female,28,Yes,No,3.3,Month-to-Month,Electronic Check,Fiber Optic,83.93,3268.66,No,No,Yes
CUST00387,Male,25,Yes,No,0.9,Month-to-Month,Credit Card,DSL,52.2,354.51,Yes,Yes,No
CUST00388,Male,50,Yes,Yes,0.4,One Year,Bank Transfer,Fiber Optic,76.35,225.86,No,Yes,No
CUST00389,Male,40,Yes,Yes,0.0,Two Year,Credit Card,Fiber Optic,87.66,0.0,No,Yes,Yes
CUST00390,Male,42,Yes,Yes,0.3,Two Year,Bank Transfer,DSL,41.86,194.32,No,Yes,No
CUST00391,Male,73,Yes,No,1.0,Month-to-Month,Bank Transfer,Fiber Optic,91.21,1100.68,No,No,Yes
CUST00392,Male,25,No,Yes,2.4,Month-to-Month,Mailed Check,Fiber Optic,89.63,2736.8,No,Yes,Yes
CUST00393,Female,62,Yes,No,0.2,One Year,Bank Transfer,Fiber Optic,94.35,147.01,Yes,Yes,Yes
CUST00394,Female,39,Yes,No,0.4,One Year,Electronic Check,Fiber Optic,85.4,429.25,No,No,No
CUST00395,Male,21,No,No,0.6,Month-to-Month,Electronic Check,Fiber Optic,80.84,253.29,Yes,Yes,No
CUST00396,Female,57,Yes,No,3.0,Month-to-Month,Electronic Check,Fiber Optic,88.46,3345.62,No,No,Yes
CUST00397,Female,20,Yes,No,2.9,One Year,Credit Card,Fiber Optic,91.25,3406.56,No,Yes,No
CUST00398,Female,46,Yes,No,2.4,Month-to-Month,Bank Transfer,DSL,45.74,1376.81,No,Yes,No
CUST00399,Female,58,No,Yes,0.9,Two Year,Credit Card,Fiber Optic,84.45,763.3,Yes,Yes,Yes
CUST00400,Male,46,No,No,1.4,Month-to-Month,Mailed Check,Fiber Optic,87.12,1560.18,Yes,Yes,Yes
CUST00401,Female,51,Yes,No,0.3,One Year,Bank Transfer,No,33.85,133.74,No,Yes,No
CUST00402,Female,51,No,No,0.8,One Year,Electronic Check,Fiber Optic,82.18,466.74,Yes,Yes,Yes
CUST00403,Male,45,No,No,6.8,Month-to-Month,Mailed Check,DSL,60.05,5048.99,No,No,No
CUST00404,Male,30,No,Yes,11.7,One Year,Mailed Check,No,22.32,3085.87,Yes,Yes,No
CUST00405,Female,32,No,No,3.1,One Year,Bank Transfer,Fiber Optic,101.14,3878.91,No,Yes,Yes
CUST00406,Female,40,No,Yes,7.5,Two Year,Electronic Check,No,25.0,2251.87,Yes,No,No
CUST00407,Female,61,Yes,No,3.1,Month-to-Month,Credit Card,DSL,58.26,2324.38,No,Yes,No
CUST00408,Female,43,Yes,No,0.1,One Year,Bank Transfer,DSL,50.58,0.0,No,No,No
CUST00409,Female,21,Yes,No,15.0,One Year,Electronic Check,DSL,55.78,9984.69,No,Yes,No
CUST00410,Female,43,No,Yes,0.3,Month-to-Month,Mailed Check,No,21.37,106.37,Yes,Yes,No
CUST00411,Male,57,No,No,3.4,Two Year,Bank Transfer,No,38.6,1528.94,No,Yes,No
CUST00412,Female,26,No,No,0.9,Month-to-Month,Mailed Check,Fiber Optic,78.46,1070.71,No,Yes,Yes
CUST00413,Female,72,No,Yes,1.5,Month-to-Month,Electronic Check,DSL,55.65,917.47,Yes,No,No
CUST00414,Male,22,Yes,No,3.1,Month-to-Month,Credit Card,DSL,54.49,2091.1,No,Yes,No
CUST00415,Male,73,No,No,1.7,Month-to-Month,Credit Card,Fiber Optic,79.39,1618.84,No,No,Yes
CUST00416,Male,49,No,No,0.9,Two Year,Mailed Check,Fiber Optic,64.64,613.13,Yes,No,No
CUST00417,Male,37,No,No,1.2,One Year,Mailed Check,Fiber Optic,93.48,1592.35,No,Yes,Yes
CUST00418,Female,67,No,No,1.3,Month-to-Month,Mailed Check,DSL,56.16,757.76,No,No,Yes
CUST00419,Female,28,No,No,9.6,Two Year,Bank Transfer,Fiber Optic,71.08,8263.68,Yes,Yes,No
CUST00420,Female,32,Yes,No,4.8,Month-to-Month,Electronic Check,DSL,39.69,2088.13,Yes,No,Yes
CUST00421,Female,49,No,No,1.8,One Year,Mailed Check,Fiber Optic,82.42,1833.57,No,No,No
CUST00422,Female,45,Yes,No,0.7,Month-to-Month,Mailed Check,Fiber Optic,84.34,914.63,No,Yes,No
CUST00423,Female,39,No,Yes,5.0,Month-to-Month,Mailed Check,No,28.28,1688.4,No,Yes,No
CUST00424,Male,58,No,Yes,0.5,Month-to-Month,Credit Card,Fiber Optic,96.55,620.3,No,Yes,Yes
CUST00425,Female,34,Yes,Yes,0.7,One Year,Mailed Check,Fiber Optic,71.64,846.25,Yes,Yes,No
CUST00426,Male,43,No,No,1.4,Month-to-Month,Electronic Check,DSL,56.7,1072.44,Yes,Yes,Yes
CUST00427,Male,61,Yes,No,6.4,Month-to-Month,Credit Card,No,35.17,2544.13,No,No,No
CUST00428,Female,24,Yes,No,0.4,Month-to-Month,Electronic Check,DSL,60.0,222.65,No,Yes,Yes
CUST00429,Male,59,Yes,Yes,0.4,Month-to-Month,Credit Card,DSL,62.15,262.69,Yes,Yes,No
CUST00430,Female,74,No,No,2.0,Two Year,Credit Card,No,30.94,761.77,No,Yes,No
CUST00431,Male,43,No,No,1.0,Month-to-Month,Bank Transfer,Fiber Optic,86.97,1032.53,No,Yes,No
CUST00432,Female,42,No,No,2.5,Two Year,Credit Card,Fiber Optic,82.36,2384.58,No,Yes,No
CUST00433,Male,27,Yes,No,1.8,Month-to-Month,Credit Card,DSL,42.92,876.56,Yes,Yes,No
CUST00434,Female,62,No,No,1.7,One Year,Electronic Check,No,32.63,571.74,Yes,Yes,No
CUST00435,Female,36,No,Yes,0.4,Month-to-Month,Electronic Check,DSL,51.78,144.06,No,Yes,Yes
CUST00436,Female,28,Yes,Yes,0.5,Two Year,Mailed Check,DSL,49.05,376.75,No,No,No
CUST00437,Female,30,Yes,Yes,5.2,Month-to-Month,Bank Transfer,DSL,57.98,3496.4,Yes,No,No
CUST00438,Female,70,Yes,No,6.5,One Year,Credit Card,DSL,58.69,4483.78,No,Yes,No
CUST00439,Male,25,No,No,0.8,Two Year,Bank Transfer,No,24.35,162.78,Yes,No,No
CUST00440,Male,57,No,No,0.4,Two Year,Mailed Check,Fiber Optic,87.0,484.44,Yes,Yes,No
CUST00441,Male,21,No,No,0.2,Month-to-Month,Bank Transfer,Fiber Optic,84.35,364.41,Yes,No,No
CUST00442,Female,64,Yes,No,2.8,Two Year,Credit Card,No,31.52,1132.35,Yes,Yes,No
CUST00443,Male,48,No,Yes,3.8,One Year,Electronic Check,DSL,65.03,2914.67,No,No,No
CUST00444,Female,45,Yes,Yes,1.4,Month-to-Month,Bank Transfer,DSL,58.54,975.91,No,No,Yes
CUST00445,Female,28,Yes,No,3.4,Month-to-Month,Credit Card,Fiber Optic,87.94,3592.83,Yes,No,No
CUST00446,Male,60,No,No,3.7,Month-to-Month,Mailed Check,Fiber Optic,77.92,3394.35,No,No,No
CUST00447,Male,18,Yes,No,8.2,Month-to-Month,Credit Card,Fiber Optic,79.05,7830.19,No,No,No
CUST00448,Female,66,No,No,0.2,One Year,Bank Transfer,DSL,58.85,274.42,Yes,Yes,No
CUST00449,Male,64,Yes,Yes,0.6,One Year,Credit Card,Fiber Optic,72.3,664.53,No,No,No
CUST00450,Female,69,No,No,0.2,Month-to-Month,Credit Card,DSL,52.15,107.67,No,Yes,Yes
CUST00451,Female,55,Yes,No,6.1,Two Year,Bank Transfer,DSL,48.89,3526.76,No,Yes,No
CUST00452,Female,41,No,Yes,4.7,Month-to-Month,Bank Transfer,DSL,53.86,2913.71,No,Yes,No
CUST00453,Female,71,Yes,No,2.6,Two Year,Mailed Check,DSL,53.27,1477.08,Yes,No,No
CUST00454,Female,74,Yes,No,0.3,Two Year,Credit Card,Fiber Optic,86.04,403.48,Yes,Yes,No
CUST00455,Male,64,No,Yes,1.0,Two Year,Electronic Check,DSL,58.72,704.56,No,No,No
CUST00456,Male,48,Yes,Yes,1.1,Two Year,Bank Transfer,No,37.73,498.71,No,No,No
CUST00457,Female,58,No,No,2.5,Month-to-Month,Credit Card,No,38.33,1337.57,Yes,Yes,No
CUST00458,Female,63,No,No,0.9,Month-to-Month,Electronic Check,Fiber Optic,83.1,1161.33,Yes,Yes,No
CUST00459,Male,67,Yes,No,0.2,Month-to-Month,Electronic Check,No,25.27,62.83,No,No,No
CUST00460,Male,43,Yes,No,3.9,Month-to-Month,Credit Card,No,23.7,1118.95,No,No,Yes
CUST00461,Female,66,No,No,1.1,One Year,Credit Card,Fiber Optic,82.42,905.12,Yes,Yes,Yes
CUST00462,Male,67,No,Yes,1.8,Month-to-Month,Credit Card,Fiber Optic,77.1,1764.85,Yes,Yes,Yes
CUST00463,Female,22,No,No,0.4,Two Year,Electronic Check,No,33.76,177.5,No,Yes,No
CUST00464,Male,37,No,No,4.9,Two Year,Credit Card,Fiber Optic,93.19,5314.94,No,Yes,No
CUST00465,Female,69,No,No,2.5,Month-to-Month,Bank Transfer,DSL,42.8,1305.46,No,Yes,Yes
CUST00466,Male,58,Yes,No,7.0,Month-to-Month,Electronic Check,Fiber Optic,85.08,7323.72,Yes,No,No
CUST00467,Female,28,No,No,2.1,Month-to-Month,Bank Transfer,DSL,67.45,1978.6,No,No,Yes
CUST00468,Male,73,No,Yes,8.5,Two Year,Bank Transfer,DSL,43.15,4270.47,No,No,No
CUST00469,Male,71,Yes,No,6.7,One Year,Credit Card,DSL,66.82,5219.21,No,Yes,No
CUST00470,Female,50,Yes,No,2.6,Month-to-Month,Bank Transfer,DSL,48.12,1491.79,No,Yes,No
CUST00471,Male,67,Yes,Yes,8.1,Month-to-Month,Credit Card,DSL,50.14,4896.95,No,No,No
CUST00472,Female,55,Yes,No,1.2,Month-to-Month,Electronic Check,No,34.94,620.62,Yes,No,No
CUST00473,Male,44,No,Yes,1.4,Two Year,Bank Transfer,DSL,59.06,1137.32,Yes,Yes,No
CUST00474,Female,51,Yes,No,0.1,Month-to-Month,Credit Card,DSL,54.16,0.0,Yes,No,No
CUST00475,Male,32,Yes,No,2.7,Month-to-Month,Mailed Check,DSL,48.89,1542.77,Yes,No,No
CUST00476,Female,49,Yes,Yes,3.8,Two Year,Credit Card,Fiber Optic,75.05,3194.26,No,No,Yes
CUST00477,Male,38,No,No,4.5,Two Year,Mailed Check,No,29.39,1510.18,No,Yes,No
CUST00478,Female,63,No,No,0.5,Two Year,Credit Card,DSL,53.3,382.03,No,No,No
CUST00479,Male,22,Yes,No,1.8,Month-to-Month,Mailed Check,DSL,48.66,1064.73,No,Yes,Yes
CUST00480,Female,23,Yes,Yes,0.6,One Year,Bank Transfer,Fiber Optic,82.96,872.66,No,No,No
CUST00481,Female,55,No,Yes,3.3,One Year,Mailed Check,Fiber Optic,87.01,3200.5,Yes,Yes,No
CUST00482,Female,39,No,No,0.5,Month-to-Month,Bank Transfer,DSL,63.56,378.13,No,Yes,Yes
CUST00483,Male,35,Yes,Yes,7.0,One Year,Bank Transfer,DSL,56.56,4689.91,No,Yes,Yes
CUST00484,Female,31,Yes,No,0.8,Month-to-Month,Credit Card,Fiber Optic,83.6,1065.62,Yes,Yes,Yes
CUST00485,Male,27,Yes,No,1.0,Month-to-Month,Bank Transfer,DSL,48.41,494.01,No,No,No
CUST00486,Female,63,Yes,No,5.7,Two Year,Electronic Check,No,24.04,1655.03,No,Yes,No
CUST00487,Male,30,No,No,1.8,Month-to-Month,Mailed Check,DSL,56.73,1067.55,No,No,No
CUST00488,Female,48,No,No,0.1,Two Year,Credit Card,DSL,57.17,234.12,No,Yes,No
CUST00489,Male,47,No,No,2.0,Month-to-Month,Bank Transfer,No,28.22,781.02,No,Yes,No
CUST00490,Male,20,No,No,0.3,Month-to-Month,Mailed Check,No,37.24,82.13,Yes,No,No
CUST00491,Female,47,Yes,No,12.7,One Year,Mailed Check,DSL,55.47,8363.06,No,Yes,No
CUST00492,Male,23,No,No,2.7,One Year,Electronic Check,No,26.11,859.7,No,No,No
CUST00493,Male,46,No,Yes,0.9,Month-to-Month,Mailed Check,Fiber Optic,79.76,730.95,No,Yes,No
CUST00494,Female,25,Yes,Yes,2.5,Two Year,Credit Card,DSL,49.22,1589.56,No,No,No
CUST00495,Male,61,Yes,No,0.2,Month-to-Month,Credit Card,Fiber Optic,88.84,294.28,No,Yes,No
CUST00496,Male,62,No,No,4.8,Two Year,Bank Transfer,DSL,50.03,3008.47,No,No,Yes
CUST00497,Male,60,Yes,No,7.8,Month-to-Month,Bank Transfer,DSL,55.86,5107.79,No,Yes,No
CUST00498,Female,61,Yes,No,6.2,Two Year,Credit Card,DSL,48.21,3454.32,No,No,No
CUST00499,Male,50,No,Yes,1.3,Month-to-Month,Mailed Check,Fiber Optic,83.66,1366.29,No,No,Yes
CUST00500,Female,34,No,No,1.2,Two Year,Mailed Check,No,29.56,525.62,No,Yes,No
CUST00501,Male,65,Yes,No,0.1,One Year,Electronic Check,Fiber Optic,103.91,0.0,No,Yes,No
CUST00502,Male,28,No,No,3.2,Month-to-Month,Bank Transfer,DSL,44.54,1751.53,Yes,No,No
CUST00503,Male,30,Yes,No,2.3,Two Year,Mailed Check,Fiber Optic,91.47,2403.34,No,No,Yes
CUST00504,Female,67,No,Yes,1.8,Month-to-Month,Mailed Check,Fiber Optic,78.85,1870.15,No,Yes,Yes
CUST00505,Male,28,No,No,7.1,Month-to-Month,Bank Transfer,Fiber Optic,95.8,7992.58,No,No,Yes
CUST00506,Male,48,No,No,0.6,Two Year,Credit Card,DSL,49.42,382.98,Yes,Yes,No
CUST00507,Female,45,Yes,Yes,0.0,Month-to-Month,Mailed Check,Fiber Optic,93.29,209.09,No,Yes,Yes
CUST00508,Male,61,No,No,0.2,Month-to-Month,Electronic Check,Fiber Optic,86.77,0.0,No,No,Yes
CUST00509,Female,23,No,No,0.8,Month-to-Month,Mailed Check,Fiber Optic,74.35,803.31,No,No,Yes
CUST00510,Female,58,Yes,No,0.1,Two Year,Mailed Check,DSL,56.59,27.44,No,No,No
CUST00511,Male,33,Yes,No,2.1,Month-to-Month,Electronic Check,DSL,59.12,1590.14,No,Yes,Yes
CUST00512,Female,21,Yes,Yes,1.1,Month-to-Month,Credit Card,Fiber Optic,89.7,1250.25,Yes,Yes,Yes
CUST00513,Male,52,Yes,No,0.6,One Year,Electronic Check,No,28.1,178.88,No,No,No
CUST00514,Female,65,No,Yes,4.2,Two Year,Electronic Check,Fiber Optic,105.76,5310.32,Yes,No,No
CUST00515,Female,73,Yes,No,0.7,Two Year,Bank Transfer,No,45.57,215.32,Yes,No,No
CUST00516,Male,43,Yes,Yes,3.5,One Year,Mailed Check,DSL,57.71,2524.02,Yes,Yes,No
CUST00517,Female,74,No,No,1.3,One Year,Credit Card,Fiber Optic,74.47,1444.71,No,Yes,No
CUST00518,Female,29,Yes,No,2.2,Month-to-Month,Mailed Check,Fiber Optic,77.0,1949.04,Yes,Yes,No
CUST00519,Female,28,No,No,8.1,Month-to-Month,Credit Card,Fiber Optic,82.85,8046.58,Yes,No,No
CUST00520,Female,54,Yes,Yes,0.1,One Year,Electronic Check,No,29.23,127.01,Yes,Yes,No
CUST00521,Female,42,No,No,2.1,Two Year,Bank Transfer,No,23.39,505.51,No,Yes,No
CUST00522,Male,35,No,No,5.8,One Year,Electronic Check,Fiber Optic,80.65,5694.49,No,No,No
CUST00523,Female,36,No,Yes,2.7,Month-to-Month,Mailed Check,Fiber Optic,69.09,2469.76,No,No,Yes
CUST00524,Male,40,Yes,No,1.0,Month-to-Month,Bank Transfer,No,15.0,161.11,No,No,No
CUST00525,Female,72,No,No,1.5,One Year,Bank Transfer,Fiber Optic,85.11,1439.72,Yes,No,Yes
CUST00526,Male,55,Yes,No,3.4,One Year,Mailed Check,No,42.74,1857.31,Yes,Yes,No
CUST00527,Male,71,Yes,No,6.6,One Year,Credit Card,No,17.59,1354.84,Yes,No,No
CUST00528,Female,35,Yes,Yes,0.1,One Year,Bank Transfer,Fiber Optic,83.29,243.54,No,No,No
CUST00529,Female,43,No,No,0.2,Month-to-Month,Credit Card,Fiber Optic,84.85,267.37,No,No,No
CUST00530,Female,23,Yes,No,1.2,Two Year,Credit Card,Fiber Optic,87.98,1466.72,Yes,Yes,No
CUST00531,Male,21,No,Yes,0.8,One Year,Credit Card,DSL,50.92,475.82,No,Yes,No
CUST00532,Female,61,Yes,No,0.9,Month-to-Month,Bank Transfer,Fiber Optic,76.2,1056.99,No,No,Yes
CUST00533,Male,68,Yes,No,0.8,Month-to-Month,Electronic Check,DSL,60.17,531.27,Yes,No,Yes
CUST00534,Male,46,No,No,0.7,Two Year,Bank Transfer,Fiber Optic,69.37,378.25,Yes,No,No
CUST00535,Male,51,Yes,No,0.4,Two Year,Electronic Check,No,33.05,56.79,No,No,No
CUST00536,Female,34,No,Yes,8.2,Month-to-Month,Bank Transfer,DSL,48.57,4673.11,Yes,Yes,No
CUST00537,Female,60,Yes,Yes,0.5,Month-to-Month,Electronic Check,DSL,56.95,418.74,No,No,No
CUST00538,Male,60,No,No,0.7,Month-to-Month,Electronic Check,Fiber Optic,94.28,650.36,No,No,Yes
CUST00539,Male,70,No,Yes,0.8,Month-to-Month,Bank Transfer,DSL,49.51,473.42,No,No,Yes
CUST00540,Female,33,Yes,No,8.1,One Year,Credit Card,Fiber Optic,82.05,7990.61,No,No,No
CUST00541,Male,19,Yes,Yes,4.2,One Year,Credit Card,Fiber Optic,81.64,3987.93,Yes,Yes,No
CUST00542,Female,51,No,No,4.7,One Year,Electronic Check,DSL,73.23,4152.94,Yes,No,No
CUST00543,Male,72,No,No,0.3,One Year,Mailed Check,DSL,53.98,295.89,Yes,Yes,No
CUST00544,Female,25,Yes,No,5.4,Month-to-Month,Mailed Check,No,28.61,1855.92,Yes,No,No
CUST00545,Male,30,Yes,Yes,1.6,Month-to-Month,Bank Transfer,DSL,54.31,1142.48,No,No,No
CUST00546,Female,59,No,Yes,0.9,Month-to-Month,Bank Transfer,Fiber Optic,95.82,962.61,No,No,Yes
CUST00547,Male,25,No,Yes,2.6,Month-to-Month,Bank Transfer,No,24.9,789.99,Yes,No,No
CUST00548,Female,47,Yes,Yes,5.2,Month-to-Month,Mailed Check,No,36.35,2275.09,No,Yes,No
CUST00549,Female,49,No,No,4.5,One Year,Credit Card,DSL,48.93,2747.19,Yes,Yes,No
CUST00550,Male,53,Yes,No,6.6,Two Year,Bank Transfer,Fiber Optic,78.37,6273.7,Yes,No,No
CUST00551,Male,64,No,No,7.9,One Year,Bank Transfer,Fiber Optic,87.97,8226.28,No,Yes,No
CUST00552,Female,47,Yes,No,0.8,Two Year,Credit Card,Fiber Optic,94.71,1001.67,Yes,Yes,No
CUST00553,Male,18,No,No,1.7,One Year,Electronic Check,Fiber Optic,81.93,1514.74,Yes,No,Yes
CUST00554,Female,60,No,No,0.0,One Year,Bank Transfer,Fiber Optic,81.88,66.14,Yes,No,No
CUST00555,Male,56,No,No,6.3,Month-to-Month,Mailed Check,DSL,60.08,4538.51,No,Yes,No
CUST00556,Female,34,No,No,0.5,Two Year,Mailed Check,Fiber Optic,84.91,534.95,No,Yes,No
CUST00557,Female,37,No,No,5.9,Month-to-Month,Bank Transfer,Fiber Optic,90.44,6395.91,Yes,Yes,No
CUST00558,Female,41,No,No,1.2,Month-to-Month,Mailed Check,Fiber Optic,72.0,949.08,No,No,No
CUST00559,Female,67,Yes,Yes,1.4,Month-to-Month,Credit Card,DSL,46.69,715.89,Yes,Yes,No
CUST00560,Female,39,No,Yes,0.1,Two Year,Electronic Check,DSL,54.51,183.21,No,No,No
CUST00561,Female,46,No,No,1.2,Two Year,Electronic Check,No,33.61,610.59,No,No,No
CUST00562,Male,39,No,Yes,6.6,One Year,Bank Transfer,DSL,53.96,4302.95,No,Yes,No
CUST00563,Male,61,Yes,No,0.1,One Year,Bank Transfer,DSL,55.64,70.3,No,Yes,Yes
CUST00564,Male,26,Yes,No,1.6,Month-to-Month,Electronic Check,Fiber Optic,89.85,1504.5,No,No,No
CUST00565,Female,54,Yes,Yes,0.1,Two Year,Electronic Check,Fiber Optic,75.03,0.0,No,Yes,No
CUST00566,Female,27,No,Yes,1.4,One Year,Bank Transfer,DSL,59.85,813.03,No,Yes,No
CUST00567,Female,53,Yes,No,0.6,Two Year,Mailed Check,Fiber Optic,93.4,771.65,No,No,Yes
CUST00568,Female,54,No,No,0.9,Month-to-Month,Bank Transfer,Fiber Optic,82.26,596.3,No,Yes,Yes
CUST00569,Male,45,No,Yes,6.3,Month-to-Month,Credit Card,Fiber Optic,78.11,6008.04,Yes,Yes,Yes
CUST00570,Male,45,No,No,1.7,Two Year,Bank Transfer,No,37.11,675.61,Yes,No,No
CUST00571,Female,59,No,No,1.0,Month-to-Month,Bank Transfer,DSL,68.76,847.02,Yes,Yes,No
CUST00572,Male,60,Yes,No,2.7,Two Year,Bank Transfer,Fiber Optic,86.18,2722.04,No,Yes,Yes
CUST00573,Male,38,Yes,Yes,0.5,Month-to-Month,Bank Transfer,DSL,47.94,185.93,No,Yes,Yes
CUST00574,Female,41,Yes,No,0.9,Two Year,Bank Transfer,Fiber Optic,84.95,682.27,Yes,No,No
CUST00575,Male,59,No,Yes,2.4,Month-to-Month,Bank Transfer,Fiber Optic,78.33,1985.95,No,No,No
CUST00576,Female,57,Yes,No,0.8,One Year,Mailed Check,DSL,60.73,451.57,No,Yes,No
CUST00577,Male,19,No,No,3.4,Month-to-Month,Bank Transfer,Fiber Optic,84.6,3827.75,Yes,No,No
CUST00578,Female,72,Yes,No,2.0,One Year,Electronic Check,DSL,47.58,1265.92,Yes,Yes,Yes
CUST00579,Female,25,Yes,No,4.4,Month-to-Month,Bank Transfer,DSL,56.6,3008.82,No,No,No
CUST00580,Female,65,Yes,No,8.9,Two Year,Mailed Check,Fiber Optic,79.76,8459.6,No,Yes,No
CUST00581,Female,44,No,No,0.4,One Year,Credit Card,Fiber Optic,74.48,270.12,Yes,Yes,No
CUST00582,Male,39,No,Yes,1.2,Month-to-Month,Electronic Check,DSL,61.07,892.87,No,No,Yes
CUST00583,Female,54,Yes,No,1.2,Two Year,Bank Transfer,No,32.39,429.43,No,Yes,Yes
CUST00584,Female,44,No,No,0.5,Month-to-Month,Bank Transfer,DSL,51.25,248.29,No,Yes,Yes
CUST00585,Female,74,Yes,Yes,5.0,Month-to-Month,Electronic Check,DSL,65.18,3974.04,No,No,No
CUST00586,Male,46,No,No,4.3,Month-to-Month,Bank Transfer,DSL,49.03,2430.77,No,No,No
CUST00587,Female,20,No,Yes,2.0,Two Year,Mailed Check,DSL,51.52,980.94,No,No,Yes
CUST00588,Male,61,Yes,Yes,2.3,Month-to-Month,Bank Transfer,DSL,58.0,1532.96,Yes,No,No
CUST00589,Female,30,No,Yes,0.2,Month-to-Month,Credit Card,Fiber Optic,92.01,488.02,No,Yes,Yes
CUST00590,Male,62,Yes,No,2.4,Two Year,Mailed Check,Fiber Optic,88.13,2251.08,No,Yes,No
CUST00591,Male,27,No,No,4.7,Two Year,Bank Transfer,Fiber Optic,80.49,4340.19,No,Yes,No
CUST00592,Female,53,Yes,No,2.6,Month-to-Month,Credit Card,No,28.1,840.98,No,Yes,Yes
CUST00593,Male,26,No,No,0.9,One Year,Electronic Check,Fiber Optic,79.84,607.1,Yes,Yes,No
CUST00594,Female,71,Yes,No,3.3,Two Year,Mailed Check,DSL,52.34,2230.12,Yes,Yes,No
CUST00595,Female,73,No,No,1.3,Month-to-Month,Bank Transfer,DSL,52.95,836.33,No,Yes,Yes
CUST00596,Female,72,No,Yes,2.4,Two Year,Bank Transfer,DSL,58.33,1472.43,Yes,Yes,Yes
CUST00597,Male,44,No,No,2.0,Month-to-Month,Electronic Check,Fiber Optic,79.48,1887.17,Yes,Yes,No
CUST00598,Male,51,No,Yes,1.4,One Year,Electronic Check,DSL,62.64,1047.42,No,Yes,No
CUST00599,Female,68,No,No,3.8,Month-to-Month,Mailed Check,Fiber Optic,84.8,3825.96,No,No,Yes
CUST00600,Female,18,Yes,Yes,6.5,One Year,Mailed Check,Fiber Optic,78.17,6071.28,No,Yes,No
CUST00601,Male,49,Yes,No,0.0,Month-to-Month,Mailed Check,Fiber Optic,88.11,0.0,Yes,Yes,No
CUST00602,Female,42,Yes,Yes,8.1,One Year,Bank Transfer,Fiber Optic,84.04,8220.66,Yes,No,No
CUST00603,Female,46,No,Yes,2.1,Month-to-Month,Bank Transfer,DSL,51.32,1331.57,No,No,No
CUST00604,Female,24,Yes,No,3.6,Month-to-Month,Mailed Check,DSL,66.33,2666.95,No,Yes,Yes
CUST00605,Male,66,No,No,5.8,Month-to-Month,Bank Transfer,Fiber Optic,82.5,5751.85,No,No,No
CUST00606,Male,20,No,No,1.9,Two Year,Electronic Check,DSL,51.37,1189.81,No,No,No
CUST00607,Male,37,Yes,No,5.4,Month-to-Month,Credit Card,DSL,62.69,3985.52,No,Yes,No
CUST00608,Female,37,Yes,No,0.6,Month-to-Month,Bank Transfer,Fiber Optic,89.03,944.79,Yes,Yes,Yes
CUST00609,Female,70,Yes,No,0.5,Month-to-Month,Mailed Check,DSL,61.04,356.06,No,No,No
CUST00610,Female,47,Yes,No,3.2,One Year,Bank Transfer,Fiber Optic,80.5,3172.16,Yes,Yes,No
CUST00611,Male,52,Yes,No,6.1,Month-to-Month,Electronic Check,DSL,56.76,4103.81,Yes,Yes,No
CUST00612,Female,52,Yes,No,6.7,One Year,Mailed Check,No,18.91,1508.78,No,Yes,No
CUST00613,Female,66,No,No,3.1,Month-to-Month,Credit Card,Fiber Optic,69.64,2638.18,Yes,Yes,Yes
CUST00614,Female,56,No,No,2.2,Month-to-Month,Mailed Check,DSL,50.27,1187.99,No,No,Yes
CUST00615,Female,44,Yes,Yes,1.2,One Year,Mailed Check,Fiber Optic,85.38,1356.65,Yes,Yes,No
CUST00616,Male,43,Yes,Yes,11.7,Two Year,Mailed Check,Fiber Optic,104.2,14373.33,No,Yes,No
CUST00617,Male,31,Yes,No,1.2,Month-to-Month,Bank Transfer,Fiber Optic,95.0,1535.41,Yes,No,Yes
CUST00618,Female,34,No,No,4.1,Month-to-Month,Credit Card,Fiber Optic,76.25,3710.67,No,Yes,No
CUST00619,Male,35,No,Yes,2.3,Month-to-Month,Electronic Check,Fiber Optic,92.0,2918.52,No,No,Yes
CUST00620,Male,62,Yes,No,2.8,One Year,Bank Transfer,Fiber Optic,74.24,2640.25,No,Yes,No
CUST00621,Female,69,Yes,No,1.5,Month-to-Month,Credit Card,DSL,67.26,1343.66,No,Yes,Yes
CUST00622,Female,46,No,Yes,10.0,Two Year,Credit Card,No,25.96,3122.42,No,No,No
CUST00623,Male,37,No,No,2.5,Month-to-Month,Bank Transfer,DSL,50.4,1613.88,No,Yes,No
CUST00624,Female,70,Yes,No,8.3,Month-to-Month,Mailed Check,DSL,63.16,6386.92,No,Yes,Yes
CUST00625,Male,44,No,No,0.0,Month-to-Month,Credit Card,DSL,50.53,0.0,No,No,No
CUST00626,Female,35,Yes,No,2.6,One Year,Electronic Check,No,43.99,1295.76,No,Yes,No
CUST00627,Male,21,Yes,No,3.8,One Year,Bank Transfer,Fiber Optic,80.44,3518.35,Yes,Yes,No
CUST00628,Female,18,No,No,4.1,Month-to-Month,Credit Card,Fiber Optic,92.1,4388.05,No,Yes,Yes
CUST00629,Male,67,No,No,7.1,Two Year,Electronic Check,No,30.93,2619.15,No,Yes,No
CUST00630,Male,18,Yes,No,0.0,Month-to-Month,Electronic Check,No,35.43,36.6,No,Yes,No
CUST00631,Male,43,No,No,0.0,One Year,Electronic Check,Fiber Optic,76.94,180.78,Yes,Yes,No
CUST00632,Female,62,Yes,No,1.9,Month-to-Month,Electronic Check,DSL,40.33,968.46,No,Yes,Yes
CUST00633,Male,37,No,No,0.1,Month-to-Month,Bank Transfer,DSL,47.49,174.85,Yes,Yes,Yes
CUST00634,Male,69,No,Yes,11.0,Two Year,Electronic Check,Fiber Optic,81.77,10620.74,No,Yes,No
CUST00635,Female,40,No,Yes,0.8,Two Year,Bank Transfer,Fiber Optic,83.4,716.62,No,No,Yes
CUST00636,Female,27,No,Yes,1.9,Month-to-Month,Electronic Check,Fiber Optic,81.13,1807.46,No,No,Yes
CUST00637,Male,28,Yes,Yes,0.2,One Year,Electronic Check,Fiber Optic,67.91,72.34,No,Yes,Yes
CUST00638,Male,58,No,No,2.2,Month-to-Month,Bank Transfer,Fiber Optic,79.89,1929.73,Yes,No,No
CUST00639,Female,58,No,No,1.4,One Year,Mailed Check,DSL,55.32,972.48,No,No,No
CUST00640,Female,22,No,No,0.1,Month-to-Month,Credit Card,DSL,53.05,0.0,Yes,No,Yes
CUST00641,Female,18,Yes,No,1.2,Two Year,Credit Card,Fiber Optic,82.01,1313.2,No,Yes,Yes
CUST00642,Female,34,No,No,1.5,Month-to-Month,Bank Transfer,DSL,51.32,798.28,No,No,No
CUST00643,Female,39,No,No,13.8,Month-to-Month,Electronic Check,Fiber Optic,85.45,14298.34,Yes,No,No
CUST00644,Male,51,Yes,No,0.7,Month-to-Month,Bank Transfer,Fiber Optic,76.62,676.56,No,Yes,No
CUST00645,Female,73,No,No,2.4,Month-to-Month,Electronic Check,No,28.04,819.55,No,No,No
CUST00646,Male,62,Yes,No,13.1,Month-to-Month,Bank Transfer,No,26.74,4216.49,Yes,No,No
CUST00647,Male,58,Yes,No,4.7,Month-to-Month,Credit Card,Fiber Optic,75.01,4218.33,No,Yes,No
CUST00648,Male,46,No,Yes,15.0,One Year,Bank Transfer,Fiber Optic,83.55,15027.99,No,Yes,No
CUST00649,Female,21,No,No,10.4,Month-to-Month,Credit Card,DSL,39.11,4859.91,Yes,Yes,No
CUST00650,Male,22,No,No,2.0,One Year,Credit Card,Fiber Optic,79.57,1957.23,Yes,Yes,Yes
CUST00651,Male,28,Yes,Yes,3.6,One Year,Credit Card,Fiber Optic,87.69,3885.18,No,Yes,Yes
CUST00652,Female,73,No,No,0.4,Two Year,Bank Transfer,Fiber Optic,88.3,343.91,No,No,Yes
CUST00653,Male,68,Yes,No,1.7,Two Year,Mailed Check,Fiber Optic,85.11,1972.45,Yes,No,No
CUST00654,Male,38,Yes,Yes,5.0,Two Year,Bank Transfer,DSL,56.8,3366.3,Yes,No,No
CUST00655,Female,52,Yes,No,2.1,One Year,Bank Transfer,No,34.96,831.86,No,Yes,No
CUST00656,Male,29,No,No,3.6,Month-to-Month,Mailed Check,DSL,55.84,2395.26,No,Yes,Yes
CUST00657,Male,43,No,No,4.1,One Year,Mailed Check,No,39.41,1878.72,Yes,Yes,No
CUST00658,Male,68,No,No,0.9,Two Year,Credit Card,Fiber Optic,68.03,798.14,No,No,Yes
CUST00659,Female,36,No,No,6.3,Month-to-Month,Electronic Check,Fiber Optic,91.6,6898.95,No,Yes,Yes
CUST00660,Female,62,Yes,No,1.8,Month-to-Month,Electronic Check,DSL,37.6,867.4,No,No,Yes
CUST00661,Female,24,No,No,0.7,Month-to-Month,Credit Card,DSL,49.99,413.81,No,Yes,No
CUST00662,Male,64,Yes,No,6.0,One Year,Bank Transfer,No,35.84,2574.03,No,Yes,No
CUST00663,Male,72,No,Yes,1.6,Month-to-Month,Electronic Check,No,34.96,642.72,Yes,Yes,No
CUST00664,Female,24,Yes,No,4.2,One Year,Bank Transfer,Fiber Optic,77.24,4020.65,Yes,Yes,No
CUST00665,Male,43,No,No,2.4,One Year,Mailed Check,Fiber Optic,84.62,2395.77,No,No,No
CUST00666,Male,57,No,No,1.4,Two Year,Mailed Check,Fiber Optic,80.24,1390.44,No,Yes,No
CUST00667,Female,22,No,No,5.0,One Year,Credit Card,Fiber Optic,91.78,5698.78,No,Yes,No
CUST00668,Female,38,No,No,2.6,Two Year,Bank Transfer,Fiber Optic,84.38,2617.86,Yes,No,No
CUST00669,Male,31,Yes,No,1.5,Month-to-Month,Credit Card,DSL,49.81,886.72,No,Yes,No
CUST00670,Male,21,No,No,0.3,Month-to-Month,Electronic Check,No,33.05,103.77,No,Yes,No
CUST00671,Male,40,Yes,Yes,6.8,Month-to-Month,Electronic Check,Fiber Optic,89.63,7348.1,No,No,No
CUST00672,Female,59,No,No,0.1,Month-to-Month,Electronic Check,DSL,53.44,150.37,No,Yes,No
CUST00673,Female,37,No,No,6.0,Month-to-Month,Bank Transfer,No,35.23,2591.09,Yes,No,No
CUST00674,Female,32,Yes,No,1.3,One Year,Credit Card,Fiber Optic,97.49,1616.68,No,No,No
CUST00675,Female,67,No,No,3.1,One Year,Credit Card,DSL,38.36,1519.66,No,Yes,No
CUST00676,Male,69,No,Yes,7.7,One Year,Electronic Check,DSL,64.65,5984.2,No,Yes,No
CUST00677,Female,62,Yes,No,0.5,Month-to-Month,Credit Card,Fiber Optic,96.46,849.71,Yes,Yes,Yes
CUST00678,Female,46,No,No,2.5,Month-to-Month,Mailed Check,No,33.59,1078.33,No,Yes,No
CUST00679,Female,25,Yes,Yes,4.3,One Year,Mailed Check,No,27.5,1383.04,Yes,No,No
CUST00680,Female,58,No,Yes,4.3,Month-to-Month,Mailed Check,Fiber Optic,72.53,3856.8,Yes,Yes,No
CUST00681,Female,65,No,Yes,2.2,Month-to-Month,Mailed Check,DSL,55.34,1255.49,Yes,Yes,Yes
CUST00682,Male,36,No,No,2.9,Month-to-Month,Credit Card,DSL,51.78,1926.43,Yes,Yes,No
CUST00683,Male,65,No,No,4.3,Month-to-Month,Mailed Check,DSL,43.87,2257.51,No,Yes,No
CUST00684,Female,56,Yes,No,5.5,Month-to-Month,Mailed Check,No,24.75,1594.81,No,No,No
CUST00685,Male,63,No,No,4.3,Month-to-Month,Mailed Check,No,29.68,1427.8,No,No,Yes
CUST00686,Female,45,Yes,No,1.3,Month-to-Month,Mailed Check,DSL,57.16,876.17,Yes,No,Yes
CUST00687,Female,63,No,Yes,15.0,One Year,Mailed Check,Fiber Optic,76.8,14011.17,Yes,No,No
CUST00688,Male,74,No,No,1.7,Month-to-Month,Bank Transfer,Fiber Optic,65.96,1377.59,No,Yes,Yes
CUST00689,Male,44,Yes,No,0.1,Month-to-Month,Bank Transfer,DSL,52.95,21.59,Yes,No,No
CUST00690,Female,21,Yes,No,1.4,Two Year,Mailed Check,Fiber Optic,77.66,1275.12,Yes,Yes,No
CUST00691,Female,32,No,No,0.4,One Year,Mailed Check,No,26.51,197.76,Yes,No,No
CUST00692,Female,52,No,No,0.4,Month-to-Month,Credit Card,DSL,38.63,239.39,No,Yes,Yes
CUST00693,Male,54,Yes,No,1.0,Two Year,Mailed Check,No,27.43,326.92,No,No,No
CUST00694,Female,18,Yes,No,0.2,Month-to-Month,Electronic Check,DSL,57.98,247.51,Yes,No,Yes
CUST00695,Female,20,Yes,No,3.5,Month-to-Month,Bank Transfer,DSL,51.45,2242.67,No,No,Yes
CUST00696,Female,64,No,Yes,0.2,Two Year,Mailed Check,DSL,55.83,34.72,No,Yes,No
CUST00697,Male,41,Yes,No,0.7,Two Year,Bank Transfer,No,27.65,213.09,No,Yes,Yes
CUST00698,Female,44,No,No,0.3,Month-to-Month,Mailed Check,Fiber Optic,69.23,445.76,Yes,Yes,Yes
CUST00699,Female,57,Yes,Yes,0.2,One Year,Electronic Check,Fiber Optic,85.65,321.38,No,Yes,Yes
CUST00700,Male,53,No,Yes,0.9,One Year,Mailed Check,Fiber Optic,78.72,1129.29,Yes,No,No
CUST00701,Female,51,Yes,Yes,2.5,Month-to-Month,Bank Transfer,Fiber Optic,74.4,2321.21,No,No,Yes
CUST00702,Female,46,No,No,10.0,Month-to-Month,Bank Transfer,No,35.43,4200.78,Yes,No,No
CUST00703,Male,41,Yes,No,6.3,Month-to-Month,Bank Transfer,Fiber Optic,87.16,6585.28,No,Yes,No
CUST00704,Female,41,No,No,6.3,Two Year,Credit Card,No,25.1,1937.25,No,Yes,No
CUST00705,Male,59,Yes,No,0.6,Month-to-Month,Bank Transfer,DSL,53.76,386.12,No,No,Yes
CUST00706,Male,21,No,No,0.9,One Year,Mailed Check,Fiber Optic,86.28,942.32,No,Yes,Yes
CUST00707,Female,20,No,No,0.2,Month-to-Month,Electronic Check,Fiber Optic,71.41,462.03,No,No,Yes
CUST00708,Female,51,Yes,Yes,4.5,Month-to-Month,Electronic Check,No,20.88,1117.41,No,No,No
CUST00709,Female,74,No,No,0.2,One Year,Mailed Check,DSL,46.26,140.8,Yes,Yes,No
CUST00710,Female,66,No,No,2.4,One Year,Credit Card,Fiber Optic,88.98,2609.01,No,No,Yes
CUST00711,Male,40,Yes,Yes,0.9,Month-to-Month,Mailed Check,Fiber Optic,97.52,1231.36,Yes,No,Yes
CUST00712,Female,70,Yes,No,0.8,Month-to-Month,Bank Transfer,Fiber Optic,89.73,908.19,No,No,Yes
CUST00713,Male,73,Yes,No,14.0,One Year,Credit Card,DSL,55.94,9412.67,No,Yes,No
CUST00714,Female,69,No,Yes,4.2,Month-to-Month,Mailed Check,DSL,46.78,2546.4,No,Yes,No
CUST00715,Female,40,No,Yes,5.4,Month-to-Month,Credit Card,No,35.92,2320.58,No,Yes,No
CUST00716,Female,62,Yes,Yes,2.5,One Year,Electronic Check,Fiber Optic,82.1,2583.4,Yes,No,No
CUST00717,Male,22,No,No,6.1,Month-to-Month,Mailed Check,Fiber Optic,76.91,5431.73,No,Yes,No
CUST00718,Female,48,No,No,3.1,Month-to-Month,Mailed Check,No,35.78,1331.2,No,No,No
CUST00719,Female,70,No,No,8.8,Month-to-Month,Electronic Check,DSL,65.64,6918.82,No,Yes,No
CUST00720,Female,58,No,Yes,1.0,Two Year,Credit Card,Fiber Optic,90.91,1077.81,Yes,No,No
CUST00721,Female,74,No,No,2.7,Month-to-Month,Electronic Check,No,49.03,1419.78,No,No,No
CUST00722,Male,74,No,No,3.5,One Year,Credit Card,No,23.93,988.17,No,No,No
CUST00723,Female,71,Yes,Yes,1.5,Month-to-Month,Mailed Check,Fiber Optic,81.25,1321.35,No,Yes,Yes
CUST00724,Male,23,No,No,6.4,Month-to-Month,Credit Card,Fiber Optic,77.95,6156.3,No,Yes,No
CUST00725,Male,54,No,No,11.7,Month-to-Month,Credit Card,Fiber Optic,77.91,10803.22,No,Yes,No
CUST00726,Male,74,Yes,No,2.0,Month-to-Month,Bank Transfer,No,41.18,1039.99,No,Yes,No
CUST00727,Male,27,No,Yes,1.5,Two Year,Bank Transfer,Fiber Optic,76.14,1473.3,Yes,No,No
CUST00728,Male,57,No,Yes,1.9,Month-to-Month,Bank Transfer,Fiber Optic,80.62,1742.11,No,No,No
CUST00729,Male,24,No,No,5.7,One Year,Electronic Check,DSL,65.09,4341.19,No,Yes,No
CUST00730,Female,56,Yes,No,3.1,Month-to-Month,Electronic Check,Fiber Optic,88.09,3227.19,Yes,Yes,Yes
CUST00731,Male,55,Yes,No,0.1,Month-to-Month,Bank Transfer,Fiber Optic,76.87,31.04,No,No,Yes
CUST00732,Male,38,No,No,2.3,Month-to-Month,Mailed Check,Fiber Optic,84.35,2162.28,No,No,Yes
CUST00733,Male,37,No,No,0.1,One Year,Mailed Check,Fiber Optic,71.41,43.44,Yes,Yes,Yes
CUST00734,Female,20,Yes,No,4.5,Two Year,Mailed Check,No,28.39,1550.88,No,Yes,No
CUST00735,Female,68,No,No,1.2,Two Year,Electronic Check,Fiber Optic,85.61,1028.93,No,No,No
CUST00736,Male,39,No,No,1.9,Month-to-Month,Credit Card,DSL,56.13,1257.8,No,Yes,No
CUST00737,Female,64,Yes,No,4.8,One Year,Electronic Check,No,45.02,2545.86,No,No,No
CUST00738,Male,21,Yes,No,0.1,Month-to-Month,Bank Transfer,DSL,60.95,84.51,Yes,No,Yes
CUST00739,Male,45,Yes,No,0.5,One Year,Credit Card,Fiber Optic,75.63,738.89,Yes,Yes,No
CUST00740,Female,29,No,No,1.5,Two Year,Mailed Check,No,30.87,462.1,No,Yes,No
CUST00741,Male,55,Yes,No,0.8,Month-to-Month,Electronic Check,DSL,54.48,511.42,Yes,No,No
CUST00742,Female,68,Yes,Yes,1.2,Month-to-Month,Electronic Check,No,44.92,672.03,Yes,Yes,Yes
CUST00743,Female,53,Yes,No,15.0,One Year,Bank Transfer,Fiber Optic,81.47,14581.37,No,Yes,No
CUST00744,Male,64,Yes,No,5.2,One Year,Mailed Check,Fiber Optic,86.04,5432.38,No,Yes,No
CUST00745,Male,58,Yes,No,6.5,Month-to-Month,Electronic Check,DSL,57.14,4289.89,No,Yes,No
CUST00746,Female,22,Yes,No,8.3,Two Year,Electronic Check,Fiber Optic,76.44,7560.08,Yes,No,No
CUST00747,Male,30,No,No,1.3,One Year,Credit Card,No,17.8,182.75,Yes,No,No
CUST00748,Male,40,No,No,1.1,Month-to-Month,Electronic Check,DSL,53.19,676.26,No,No,No
CUST00749,Male,67,Yes,No,0.8,Month-to-Month,Credit Card,Fiber Optic,90.33,644.57,No,Yes,Yes
CUST00750,Female,47,Yes,Yes,5.3,One Year,Electronic Check,DSL,44.5,2857.83,No,Yes,No
CUST00751,Female,54,No,No,3.4,Month-to-Month,Mailed Check,DSL,54.2,2364.72,No,Yes,No
CUST00752,Male,42,Yes,No,0.8,Month-to-Month,Bank Transfer,Fiber Optic,79.65,808.52,No,No,Yes
CUST00753,Female,65,Yes,No,1.4,One Year,Mailed Check,DSL,39.51,657.93,No,Yes,No
CUST00754,Female,44,Yes,No,2.1,One Year,Bank Transfer,No,31.87,769.85,Yes,Yes,No
CUST00755,Female,68,Yes,Yes,2.3,One Year,Electronic Check,Fiber Optic,88.27,2386.93,No,No,No
CUST00756,Female,31,No,No,6.6,Month-to-Month,Mailed Check,Fiber Optic,90.36,7108.9,No,Yes,Yes
CUST00757,Female,74,Yes,No,1.4,One Year,Credit Card,DSL,61.27,1031.24,Yes,Yes,No
CUST00758,Male,65,No,Yes,7.2,Two Year,Bank Transfer,No,29.21,2551.31,No,Yes,No
CUST00759,Male,64,Yes,No,1.7,Month-to-Month,Bank Transfer,DSL,58.2,1097.95,Yes,No,No
CUST00760,Male,71,Yes,No,4.1,One Year,Electronic Check,Fiber Optic,86.5,4454.46,No,No,Yes
CUST00761,Female,53,No,Yes,8.0,Two Year,Bank Transfer,Fiber Optic,64.41,6156.13,Yes,No,No
CUST00762,Female,56,Yes,Yes,7.1,One Year,Bank Transfer,Fiber Optic,73.0,6221.82,No,Yes,No
CUST00763,Male,33,No,No,0.2,One Year,Bank Transfer,Fiber Optic,79.08,393.17,No,Yes,No
CUST00764,Female,73,Yes,No,0.7,Month-to-Month,Electronic Check,Fiber Optic,85.42,353.88,Yes,No,Yes
CUST00765,Male,39,No,No,1.9,Month-to-Month,Mailed Check,DSL,57.14,1011.93,No,No,Yes
CUST00766,Male,38,Yes,No,1.7,One Year,Electronic Check,Fiber Optic,90.22,1910.7,Yes,Yes,Yes
CUST00767,Male,71,No,No,3.1,One Year,Credit Card,Fiber Optic,90.4,3364.31,No,Yes,No
CUST00768,Female,38,Yes,No,8.7,Two Year,Bank Transfer,Fiber Optic,86.49,9286.38,No,No,No
CUST00769,Female,25,No,No,0.4,Month-to-Month,Bank Transfer,DSL,58.94,150.28,No,Yes,Yes
CUST00770,Male,66,Yes,No,1.8,Month-to-Month,Mailed Check,DSL,67.26,1518.24,No,Yes,Yes
CUST00771,Male,33,No,Yes,0.6,Month-to-Month,Bank Transfer,DSL,58.29,377.73,No,Yes,Yes
CUST00772,Male,72,Yes,No,6.7,One Year,Mailed Check,DSL,54.73,4504.2,Yes,No,No
CUST00773,Male,48,No,No,10.0,Month-to-Month,Bank Transfer,Fiber Optic,88.67,10252.32,Yes,No,No
CUST00774,Female,59,Yes,Yes,2.0,One Year,Bank Transfer,Fiber Optic,91.53,2148.17,No,Yes,No
CUST00775,Female,27,Yes,No,0.3,Month-to-Month,Electronic Check,DSL,67.4,340.77,No,No,Yes
CUST00776,Male,49,No,No,4.6,Month-to-Month,Electronic Check,Fiber Optic,76.24,4087.38,No,Yes,No
CUST00777,Male,51,Yes,No,3.6,Month-to-Month,Credit Card,No,16.88,727.56,Yes,Yes,No
CUST00778,Female,26,Yes,No,1.3,Two Year,Mailed Check,No,31.66,497.03,Yes,Yes,No
CUST00779,Female,34,No,No,6.6,One Year,Credit Card,No,18.44,1472.67,No,Yes,No
CUST00780,Male,28,No,No,11.2,Two Year,Electronic Check,DSL,53.01,7008.6,Yes,No,No
CUST00781,Male,49,Yes,Yes,2.4,One Year,Mailed Check,DSL,69.49,1933.88,No,Yes,No
CUST00782,Male,27,No,No,2.5,Month-to-Month,Electronic Check,No,30.03,930.54,No,Yes,Yes
CUST00783,Female,39,No,No,1.1,Month-to-Month,Mailed Check,DSL,55.12,809.56,No,No,No
CUST00784,Female,74,Yes,No,2.6,Two Year,Bank Transfer,DSL,51.8,1633.89,Yes,Yes,No
CUST00785,Female,34,No,Yes,1.7,One Year,Credit Card,Fiber Optic,97.04,1913.01,No,Yes,No
CUST00786,Male,21,No,No,1.1,Month-to-Month,Credit Card,DSL,58.39,781.66,Yes,Yes,Yes
CUST00787,Male,65,No,No,0.2,One Year,Mailed Check,No,26.26,107.27,Yes,No,No
CUST00788,Female,69,Yes,No,0.9,Month-to-Month,Credit Card,Fiber Optic,96.84,1084.91,No,Yes,Yes
CUST00789,Female,64,No,No,0.7,Month-to-Month,Electronic Check,Fiber Optic,86.48,522.26,Yes,Yes,Yes
CUST00790,Male,42,Yes,No,2.3,Month-to-Month,Credit Card,No,26.68,676.4,Yes,No,No
CUST00791,Female,38,Yes,No,2.8,Two Year,Mailed Check,DSL,38.29,1289.51,Yes,No,No
CUST00792,Female,54,Yes,Yes,2.8,Month-to-Month,Credit Card,Fiber Optic,86.1,2607.27,No,No,Yes
CUST00793,Male,55,No,No,1.5,Month-to-Month,Credit Card,Fiber Optic,81.39,1593.98,No,Yes,No
CUST00794,Female,66,No,Yes,1.6,Month-to-Month,Electronic Check,Fiber Optic,82.48,1430.59,No,No,Yes
CUST00795,Male,18,No,No,5.4,Month-to-Month,Bank Transfer,DSL,52.03,3251.39,No,No,No
CUST00796,Male,42,No,No,1.9,Month-to-Month,Electronic Check,Fiber Optic,70.36,1841.61,Yes,No,Yes
CUST00797,Male,68,Yes,No,13.2,Month-to-Month,Credit Card,No,50.51,7949.17,Yes,No,No
CUST00798,Male,53,Yes,No,1.7,Month-to-Month,Credit Card,DSL,49.45,1036.8,Yes,Yes,No
CUST00799,Male,34,Yes,No,3.1,Two Year,Bank Transfer,DSL,60.35,2317.15,No,No,Yes
CUST00800,Male,58,Yes,Yes,0.2,Month-to-Month,Bank Transfer,DSL,53.25,282.4,Yes,No,No
CUST00801,Male,41,No,No,3.2,Month-to-Month,Electronic Check,Fiber Optic,63.1,2348.25,No,Yes,No
CUST00802,Female,19,No,No,5.7,Month-to-Month,Bank Transfer,DSL,53.81,3699.95,Yes,Yes,Yes
CUST00803,Male,57,Yes,No,8.6,One Year,Electronic Check,No,30.96,3187.23,No,Yes,No
CUST00804,Male,32,Yes,No,15.0,Two Year,Mailed Check,Fiber Optic,80.64,14901.88,No,No,No
CUST00805,Female,49,Yes,No,1.0,Month-to-Month,Credit Card,Fiber Optic,96.61,768.55,No,No,Yes
CUST00806,Female,56,Yes,No,2.6,Two Year,Bank Transfer,Fiber Optic,99.34,3067.39,No,Yes,Yes
CUST00807,Female,23,No,Yes,1.8,One Year,Mailed Check,Fiber Optic,87.3,1882.57,No,No,No
CUST00808,Male,18,No,No,2.5,One Year,Mailed Check,Fiber Optic,88.39,2631.98,Yes,No,No
CUST00809,Female,64,No,No,0.5,Month-to-Month,Electronic Check,Fiber Optic,75.78,235.72,Yes,No,Yes
CUST00810,Male,40,Yes,Yes,5.8,Month-to-Month,Electronic Check,Fiber Optic,75.75,4991.25,No,Yes,Yes
CUST00811,Male,56,Yes,No,7.2,One Year,Bank Transfer,DSL,49.76,4146.28,Yes,Yes,No
CUST00812,Male,74,Yes,No,1.8,Two Year,Electronic Check,DSL,71.0,1656.1,Yes,No,Yes
CUST00813,Male,34,No,No,1.0,One Year,Mailed Check,DSL,50.61,605.62,No,Yes,No
CUST00814,Female,51,No,No,0.5,Month-to-Month,Mailed Check,Fiber Optic,95.54,237.08,Yes,Yes,Yes
CUST00815,Female,58,Yes,No,3.5,Month-to-Month,Credit Card,DSL,49.22,2208.17,No,Yes,No
CUST00816,Male,46,No,Yes,1.1,One Year,Mailed Check,Fiber Optic,77.3,1323.92,No,No,No
CUST00817,Male,26,No,Yes,7.2,One Year,Bank Transfer,No,26.0,2261.81,No,Yes,No
CUST00818,Male,30,No,No,3.3,Month-to-Month,Credit Card,DSL,50.79,2054.78,No,Yes,Yes
CUST00819,Female,23,No,Yes,3.1,Month-to-Month,Electronic Check,Fiber Optic,79.2,2960.17,No,Yes,Yes
CUST00820,Male,23,No,No,2.5,Month-to-Month,Credit Card,Fiber Optic,97.49,2802.49,Yes,Yes,Yes
CUST00821,Male,37,No,No,0.1,One Year,Mailed Check,Fiber Optic,84.57,0.0,Yes,No,Yes
CUST00822,Female,69,Yes,No,8.1,One Year,Bank Transfer,Fiber Optic,83.41,7926.69,No,Yes,No
CUST00823,Female,70,Yes,No,3.0,Two Year,Electronic Check,No,30.2,1084.03,No,No,No
CUST00824,Male,20,Yes,No,15.0,One Year,Electronic Check,DSL,62.32,11289.2,Yes,Yes,No
CUST00825,Female,34,Yes,No,2.3,Month-to-Month,Mailed Check,DSL,55.2,1497.93,No,Yes,No
CUST00826,Female,66,No,No,3.7,One Year,Bank Transfer,Fiber Optic,87.44,3865.93,Yes,No,Yes
CUST00827,Male,29,No,No,0.2,Two Year,Mailed Check,Fiber Optic,93.14,231.75,Yes,No,Yes
CUST00828,Female,65,Yes,No,3.0,Two Year,Mailed Check,DSL,46.45,1681.96,No,Yes,No
CUST00829,Male,64,No,Yes,4.3,Two Year,Bank Transfer,DSL,48.3,2435.5,Yes,Yes,No
CUST00830,Female,62,Yes,No,4.5,Month-to-Month,Mailed Check,Fiber Optic,85.87,4707.77,No,Yes,Yes
CUST00831,Male,72,Yes,No,4.4,One Year,Bank Transfer,DSL,49.34,2495.28,No,Yes,No
CUST00832,Male,18,Yes,No,0.8,Two Year,Bank Transfer,No,28.14,287.43,Yes,No,No
CUST00833,Male,34,Yes,No,11.1,One Year,Mailed Check,Fiber Optic,76.18,9915.52,Yes,Yes,No
CUST00834,Female,20,Yes,No,15.0,Month-to-Month,Mailed Check,DSL,48.1,8542.67,Yes,No,No
CUST00835,Male,43,No,No,0.2,Two Year,Credit Card,Fiber Optic,93.88,90.6,Yes,No,Yes
CUST00836,Female,32,Yes,Yes,8.3,Month-to-Month,Electronic Check,DSL,52.06,5205.91,No,Yes,No
CUST00837,Male,53,No,No,1.0,Month-to-Month,Electronic Check,Fiber Optic,81.33,1014.32,No,No,No
CUST00838,Male,49,Yes,Yes,3.5,Month-to-Month,Bank Transfer,Fiber Optic,78.38,3158.75,Yes,No,No
CUST00839,Female,49,Yes,No,1.2,One Year,Credit Card,Fiber Optic,77.92,900.93,No,No,No
CUST00840,Male,21,Yes,No,10.3,Month-to-Month,Bank Transfer,Fiber Optic,76.7,9665.12,No,No,No
CUST00841,Male,35,No,Yes,0.3,Month-to-Month,Credit Card,DSL,44.67,166.78,Yes,No,Yes
CUST00842,Female,66,Yes,Yes,2.1,One Year,Bank Transfer,No,24.37,607.43,No,No,No
CUST00843,Male,36,No,No,1.7,One Year,Electronic Check,Fiber Optic,84.07,1776.34,No,No,No
CUST00844,Male,60,No,Yes,1.2,One Year,Credit Card,DSL,60.13,751.09,Yes,No,No
CUST00845,Male,69,No,Yes,3.1,Month-to-Month,Mailed Check,DSL,54.32,2137.22,No,Yes,Yes
CUST00846,Male,52,No,No,0.4,One Year,Mailed Check,DSL,46.94,279.39,No,Yes,No
CUST00847,Female,57,Yes,No,3.8,Month-to-Month,Electronic Check,DSL,50.67,2281.81,Yes,No,No
CUST00848,Female,31,Yes,No,11.8,Month-to-Month,Credit Card,Fiber Optic,80.19,11344.33,No,Yes,Yes
CUST00849,Male,50,Yes,No,4.9,Month-to-Month,Mailed Check,DSL,49.71,2899.16,No,Yes,No
CUST00850,Female,31,No,Yes,5.9,Two Year,Mailed Check,No,26.97,1981.39,Yes,Yes,No
CUST00851,Male,51,Yes,No,1.3,Month-to-Month,Mailed Check,DSL,62.12,1022.6,No,No,No
CUST00852,Female,72,Yes,No,1.2,Month-to-Month,Electronic Check,DSL,60.39,935.13,Yes,No,No
CUST00853,Male,21,No,No,2.2,Month-to-Month,Bank Transfer,DSL,67.77,1798.6,No,Yes,Yes
CUST00854,Male,41,Yes,No,0.1,Month-to-Month,Mailed Check,DSL,47.85,57.4,Yes,Yes,Yes
CUST00855,Male,46,No,No,8.7,Two Year,Mailed Check,No,21.07,2278.43,No,No,No
CUST00856,Male,36,No,No,0.5,Two Year,Bank Transfer,Fiber Optic,82.05,432.77,No,No,No
CUST00857,Male,23,Yes,Yes,7.0,Month-to-Month,Mailed Check,DSL,64.33,5432.04,No,No,No
CUST00858,Male,74,Yes,Yes,0.3,Month-to-Month,Credit Card,No,15.0,115.84,Yes,Yes,No
CUST00859,Female,50,Yes,No,5.2,Month-to-Month,Mailed Check,No,30.91,2010.91,No,No,No
CUST00860,Male,66,No,Yes,0.5,One Year,Bank Transfer,Fiber Optic,82.29,556.18,Yes,No,Yes
CUST00861,Female,57,No,No,0.1,Month-to-Month,Electronic Check,No,34.99,0.0,No,Yes,Yes
CUST00862,Male,36,No,No,3.8,Month-to-Month,Electronic Check,Fiber Optic,88.36,4412.58,Yes,No,Yes
CUST00863,Female,70,No,Yes,1.0,Month-to-Month,Credit Card,Fiber Optic,89.95,1036.18,No,Yes,Yes
CUST00864,Female,18,No,No,3.8,Month-to-Month,Mailed Check,Fiber Optic,88.92,4069.73,Yes,No,Yes
CUST00865,Female,22,Yes,Yes,2.4,Month-to-Month,Mailed Check,DSL,77.42,2389.39,No,No,Yes
CUST00866,Male,44,Yes,No,0.3,Month-to-Month,Bank Transfer,Fiber Optic,99.27,316.48,No,Yes,Yes
CUST00867,Male,33,No,No,8.1,Month-to-Month,Bank Transfer,No,36.6,3573.4,No,No,Yes
CUST00868,Female,23,Yes,No,1.8,Month-to-Month,Credit Card,Fiber Optic,81.12,1762.61,No,Yes,No
CUST00869,Male,57,Yes,No,4.0,Two Year,Credit Card,No,26.99,1276.08,No,No,No
CUST00870,Female,30,No,Yes,2.1,Month-to-Month,Mailed Check,Fiber Optic,94.19,2439.85,No,Yes,Yes
CUST00871,Male,65,Yes,No,2.8,Month-to-Month,Mailed Check,Fiber Optic,94.5,3055.46,No,Yes,Yes
CUST00872,Female,52,No,No,1.1,Two Year,Credit Card,Fiber Optic,78.19,854.44,No,Yes,No
CUST00873,Female,36,No,No,0.7,Two Year,Electronic Check,Fiber Optic,69.01,654.3,No,Yes,No
CUST00874,Male,29,Yes,No,2.3,Month-to-Month,Electronic Check,Fiber Optic,70.34,2117.61,No,No,Yes
CUST00875,Female,33,No,No,1.7,One Year,Electronic Check,DSL,64.38,1217.77,No,No,No
CUST00876,Male,60,Yes,No,1.5,Month-to-Month,Electronic Check,DSL,65.88,1116.49,Yes,Yes,Yes
CUST00877,Female,27,Yes,No,3.3,One Year,Credit Card,No,30.14,1193.77,No,Yes,No
CUST00878,Female,42,Yes,Yes,3.5,Two Year,Bank Transfer,DSL,57.59,2419.5,No,Yes,No
CUST00879,Male,37,Yes,No,0.1,Month-to-Month,Electronic Check,Fiber Optic,99.26,0.0,No,No,Yes
CUST00880,Male,48,No,No,1.2,Month-to-Month,Credit Card,Fiber Optic,101.11,1370.28,No,Yes,No
CUST00881,Male,21,Yes,No,1.6,Month-to-Month,Electronic Check,Fiber Optic,90.44,2061.11,No,Yes,Yes
CUST00882,Female,61,Yes,Yes,0.3,One Year,Mailed Check,Fiber Optic,84.83,542.46,No,No,No
CUST00883,Male,40,Yes,No,0.8,One Year,Electronic Check,Fiber Optic,81.54,1060.74,No,Yes,Yes
CUST00884,Female,19,No,Yes,0.2,One Year,Credit Card,No,27.75,100.87,Yes,Yes,No
CUST00885,Female,73,No,No,15.0,Month-to-Month,Mailed Check,Fiber Optic,78.8,14100.76,Yes,Yes,No
CUST00886,Male,39,Yes,No,4.0,Month-to-Month,Mailed Check,Fiber Optic,90.21,4376.52,No,Yes,Yes
CUST00887,Male,68,Yes,No,0.3,One Year,Electronic Check,No,28.95,138.86,No,Yes,No
CUST00888,Female,74,Yes,No,0.1,Month-to-Month,Electronic Check,No,23.44,12.7,No,No,Yes
CUST00889,Female,54,Yes,Yes,3.8,Month-to-Month,Mailed Check,No,39.03,1645.31,Yes,Yes,No
CUST00890,Male,25,No,Yes,1.7,Month-to-Month,Bank Transfer,Fiber Optic,89.42,1986.18,Yes,Yes,No
CUST00891,Male,24,No,No,4.6,One Year,Credit Card,DSL,57.06,3098.6,No,Yes,No
CUST00892,Male,31,Yes,Yes,7.7,One Year,Credit Card,DSL,53.71,5030.52,No,No,No
CUST00893,Male,73,Yes,No,2.7,Two Year,Credit Card,No,33.66,984.06,Yes,No,No
CUST00894,Male,72,Yes,Yes,0.6,Month-to-Month,Credit Card,No,27.21,161.01,No,No,No
CUST00895,Female,20,No,No,4.6,Two Year,Credit Card,Fiber Optic,107.15,5997.98,Yes,Yes,No
CUST00896,Female,67,Yes,No,9.4,One Year,Mailed Check,DSL,73.26,8356.28,Yes,No,No
CUST00897,Female,33,No,No,2.6,Month-to-Month,Credit Card,Fiber Optic,78.46,2565.48,Yes,Yes,No
CUST00898,Female,72,No,No,3.4,Month-to-Month,Bank Transfer,DSL,52.92,2151.94,No,Yes,No
CUST00899,Male,36,Yes,No,1.2,Month-to-Month,Bank Transfer,Fiber Optic,77.81,1150.48,No,Yes,Yes
CUST00900,Male,68,No,No,1.4,Two Year,Electronic Check,Fiber Optic,69.99,1230.46,Yes,Yes,No
CUST00901,Male,35,No,No,4.0,Month-to-Month,Electronic Check,No,43.65,2123.33,Yes,Yes,No
CUST00902,Female,69,No,No,7.9,Month-to-Month,Electronic Check,DSL,53.8,5161.88,No,Yes,Yes
CUST00903,Female,33,Yes,No,3.0,Month-to-Month,Electronic Check,Fiber Optic,76.25,2569.31,No,Yes,Yes
CUST00904,Male,25,Yes,No,4.7,Two Year,Mailed Check,Fiber Optic,71.14,4277.19,Yes,No,No
CUST00905,Male,50,No,No,0.6,Month-to-Month,Bank Transfer,Fiber Optic,86.78,592.86,No,No,Yes
CUST00906,Female,66,No,Yes,0.7,Month-to-Month,Mailed Check,Fiber Optic,87.87,721.4,Yes,No,Yes
CUST00907,Female,29,No,No,2.3,Month-to-Month,Bank Transfer,No,33.29,899.48,Yes,Yes,No
CUST00908,Male,70,No,No,0.6,Month-to-Month,Mailed Check,DSL,63.56,487.11,No,No,No
CUST00909,Male,28,No,Yes,3.0,Month-to-Month,Bank Transfer,DSL,62.17,2058.79,No,No,Yes
CUST00910,Female,22,No,Yes,1.0,Month-to-Month,Electronic Check,Fiber Optic,74.7,823.61,No,No,No
CUST00911,Male,44,Yes,No,4.7,Two Year,Bank Transfer,Fiber Optic,76.29,4011.71,No,Yes,No
CUST00912,Male,29,No,No,5.0,Two Year,Electronic Check,DSL,62.8,3709.07,No,No,No
CUST00913,Male,34,No,No,1.9,One Year,Bank Transfer,Fiber Optic,80.06,1850.59,No,Yes,Yes
CUST00914,Female,23,No,No,0.6,Month-to-Month,Mailed Check,Fiber Optic,73.27,610.99,Yes,Yes,Yes
CUST00915,Female,50,No,No,3.1,One Year,Credit Card,DSL,44.01,1631.99,Yes,Yes,No
CUST00916,Female,22,Yes,No,14.8,Month-to-Month,Bank Transfer,DSL,62.5,11134.94,No,No,No
CUST00917,Female,74,No,Yes,2.9,Month-to-Month,Mailed Check,No,37.36,1174.0,No,Yes,No
CUST00918,Female,45,No,No,0.1,Two Year,Credit Card,Fiber Optic,86.03,130.06,Yes,Yes,No
CUST00919,Female,31,Yes,Yes,0.1,Two Year,Mailed Check,DSL,47.46,176.26,No,No,Yes
CUST00920,Female,22,Yes,Yes,1.2,One Year,Credit Card,DSL,54.5,835.3,Yes,Yes,No
CUST00921,Male,71,Yes,Yes,0.7,Two Year,Electronic Check,Fiber Optic,83.72,578.28,No,No,Yes
CUST00922,Male,73,Yes,No,5.0,Two Year,Bank Transfer,DSL,51.48,3105.99,Yes,No,No
CUST00923,Male,50,Yes,Yes,5.6,One Year,Mailed Check,No,35.47,2480.49,No,Yes,No
CUST00924,Male,67,Yes,Yes,0.9,One Year,Bank Transfer,Fiber Optic,81.16,968.97,Yes,Yes,No
CUST00925,Male,65,No,No,1.2,One Year,Electronic Check,Fiber Optic,89.32,1392.84,No,Yes,Yes
CUST00926,Male,58,No,Yes,0.8,Month-to-Month,Electronic Check,No,32.67,262.27,Yes,No,Yes
CUST00927,Male,36,No,No,7.2,Month-to-Month,Bank Transfer,Fiber Optic,73.47,6294.41,No,No,Yes
CUST00928,Female,39,No,No,2.1,One Year,Mailed Check,DSL,70.95,1778.12,No,Yes,No
CUST00929,Female,22,Yes,No,3.2,Month-to-Month,Mailed Check,Fiber Optic,89.62,3765.08,Yes,Yes,Yes
CUST00930,Male,19,Yes,Yes,1.6,Month-to-Month,Mailed Check,Fiber Optic,72.26,1255.49,Yes,Yes,Yes
CUST00931,Male,47,No,Yes,3.0,Month-to-Month,Bank Transfer,DSL,43.5,1588.77,Yes,No,No
CUST00932,Female,64,Yes,No,1.5,Month-to-Month,Mailed Check,DSL,67.67,1309.24,No,Yes,No
CUST00933,Male,56,No,Yes,1.2,Two Year,Mailed Check,Fiber Optic,86.44,1372.94,No,Yes,Yes
CUST00934,Male,21,No,No,3.0,One Year,Credit Card,DSL,59.49,2111.94,Yes,No,Yes
CUST00935,Female,50,No,Yes,2.7,Month-to-Month,Mailed Check,Fiber Optic,88.1,2797.08,No,Yes,Yes
CUST00936,Male,30,No,No,1.0,Two Year,Electronic Check,Fiber Optic,93.7,1485.61,No,Yes,No
CUST00937,Female,37,Yes,No,0.5,Two Year,Mailed Check,Fiber Optic,94.05,513.89,Yes,No,Yes
CUST00938,Male,71,Yes,No,1.4,Month-to-Month,Bank Transfer,Fiber Optic,77.98,1244.82,No,No,Yes
CUST00939,Female,24,No,No,1.6,Two Year,Bank Transfer,Fiber Optic,89.03,1874.73,No,Yes,Yes
CUST00940,Female,32,Yes,No,3.0,Month-to-Month,Mailed Check,DSL,43.76,1586.6,No,No,Yes
CUST00941,Female,40,No,No,7.4,Month-to-Month,Bank Transfer,DSL,46.3,3990.7,Yes,Yes,No
CUST00942,Male,31,Yes,No,0.1,Month-to-Month,Bank Transfer,DSL,52.57,166.08,Yes,No,No
CUST00943,Female,40,No,No,0.8,One Year,Mailed Check,DSL,41.4,364.47,Yes,No,No
CUST00944,Male,36,No,Yes,0.6,Month-to-Month,Credit Card,Fiber Optic,78.78,502.84,No,No,Yes
CUST00945,Male,71,No,Yes,2.1,One Year,Credit Card,Fiber Optic,67.62,2063.82,No,No,Yes
CUST00946,Male,46,Yes,No,1.7,One Year,Credit Card,Fiber Optic,84.84,1690.91,Yes,No,No
CUST00947,Male,73,Yes,Yes,3.9,Month-to-Month,Credit Card,No,43.14,2024.8,Yes,Yes,No
CUST00948,Female,37,No,No,0.8,Month-to-Month,Electronic Check,No,30.26,345.72,Yes,Yes,No
CUST00949,Female,46,Yes,Yes,2.7,Month-to-Month,Mailed Check,No,30.28,924.6,No,Yes,Yes
CUST00950,Male,41,No,No,6.5,Month-to-Month,Bank Transfer,No,27.13,2146.05,Yes,No,No
CUST00951,Male,35,No,Yes,7.2,One Year,Bank Transfer,Fiber Optic,92.81,8190.71,No,Yes,Yes
CUST00952,Female,27,No,No,9.6,One Year,Mailed Check,Fiber Optic,84.59,9968.66,No,Yes,No
CUST00953,Male,58,No,Yes,4.5,One Year,Bank Transfer,DSL,46.21,2556.03,No,No,No
CUST00954,Female,74,Yes,Yes,7.1,Month-to-Month,Electronic Check,Fiber Optic,86.36,7166.79,No,Yes,No
CUST00955,Male,25,No,Yes,0.8,One Year,Credit Card,Fiber Optic,97.42,1020.23,Yes,No,Yes
CUST00956,Male,43,No,No,0.7,Two Year,Mailed Check,Fiber Optic,73.58,420.14,No,Yes,No
CUST00957,Female,46,Yes,Yes,0.0,Two Year,Bank Transfer,Fiber Optic,77.47,190.59,No,Yes,Yes
CUST00958,Male,27,No,No,3.7,Two Year,Electronic Check,Fiber Optic,84.16,3917.72,No,Yes,No
CUST00959,Female,34,Yes,Yes,8.3,One Year,Bank Transfer,Fiber Optic,82.2,8223.66,Yes,Yes,No
CUST00960,Male,19,Yes,Yes,0.6,Month-to-Month,Electronic Check,Fiber Optic,88.36,668.72,Yes,Yes,Yes
CUST00961,Male,23,Yes,No,3.0,One Year,Bank Transfer,Fiber Optic,77.14,2775.73,No,Yes,No
CUST00962,Male,22,No,No,4.1,Two Year,Credit Card,No,25.76,1266.13,No,Yes,No
CUST00963,Female,45,Yes,No,7.9,Month-to-Month,Mailed Check,No,30.42,2942.65,No,No,No
CUST00964,Male,58,No,No,3.1,Month-to-Month,Credit Card,Fiber Optic,85.69,3134.44,No,Yes,Yes
CUST00965,Male,22,No,No,10.5,Month-to-Month,Credit Card,DSL,75.83,9886.6,No,No,No
CUST00966,Male,35,Yes,No,1.3,One Year,Bank Transfer,No,36.27,578.31,Yes,No,No
CUST00967,Male,43,Yes,No,1.3,Month-to-Month,Credit Card,DSL,42.68,771.7,No,Yes,No
CUST00968,Female,37,No,No,2.3,Month-to-Month,Mailed Check,No,21.88,531.4,No,Yes,Yes
CUST00969,Female,58,Yes,No,1.5,Two Year,Electronic Check,DSL,44.11,743.01,No,Yes,Yes
CUST00970,Male,66,No,No,0.0,One Year,Electronic Check,Fiber Optic,97.91,179.45,No,No,Yes
CUST00971,Female,44,Yes,No,3.9,Month-to-Month,Bank Transfer,Fiber Optic,76.45,3627.04,No,No,No
CUST00972,Male,66,No,Yes,4.2,Month-to-Month,Mailed Check,Fiber Optic,89.7,4525.93,Yes,Yes,Yes
CUST00973,Male,29,No,Yes,4.1,Month-to-Month,Mailed Check,Fiber Optic,88.9,4562.13,No,No,Yes
CUST00974,Male,24,Yes,No,1.3,Month-to-Month,Electronic Check,Fiber Optic,73.27,1453.81,Yes,No,Yes
CUST00975,Female,20,Yes,No,2.2,Month-to-Month,Electronic Check,Fiber Optic,81.65,1966.81,No,No,Yes
CUST00976,Female,27,Yes,No,1.3,Month-to-Month,Credit Card,DSL,52.88,930.86,No,Yes,No
CUST00977,Female,51,Yes,Yes,0.0,One Year,Bank Transfer,Fiber Optic,72.35,0.0,Yes,Yes,Yes
CUST00978,Female,42,No,No,2.5,One Year,Electronic Check,DSL,69.28,2196.84,No,Yes,No
CUST00979,Female,52,No,Yes,0.4,Month-to-Month,Electronic Check,Fiber Optic,86.36,336.12,Yes,No,No
CUST00980,Female,33,Yes,No,0.3,Month-to-Month,Mailed Check,DSL,67.75,315.61,No,No,Yes
CUST00981,Female,19,No,Yes,4.2,Two Year,Mailed Check,Fiber Optic,102.66,5301.65,Yes,Yes,No
CUST00982,Female,41,No,No,0.0,Month-to-Month,Mailed Check,Fiber Optic,86.28,0.0,No,Yes,No
CUST00983,Female,27,Yes,No,9.6,Month-to-Month,Electronic Check,DSL,57.99,6625.19,No,No,Yes
CUST00984,Male,55,Yes,Yes,2.2,One Year,Bank Transfer,Fiber Optic,78.7,2047.88,No,No,No
CUST00985,Female,39,No,No,12.2,One Year,Credit Card,Fiber Optic,95.67,13694.92,No,Yes,No
CUST00986,Female,43,No,No,0.2,Month-to-Month,Bank Transfer,No,29.62,97.96,No,Yes,Yes
CUST00987,Female,60,No,Yes,2.6,One Year,Electronic Check,No,26.61,908.72,No,Yes,No
CUST00988,Female,72,No,No,1.3,One Year,Credit Card,Fiber Optic,78.86,1031.6,No,Yes,No
CUST00989,Female,56,Yes,No,5.6,Two Year,Bank Transfer,Fiber Optic,85.59,5864.05,No,Yes,No
CUST00990,Female,44,No,No,1.3,Month-to-Month,Electronic Check,Fiber Optic,89.97,1465.3,No,Yes,No
CUST00991,Female,46,No,Yes,0.9,One Year,Bank Transfer,DSL,56.63,533.53,Yes,No,No
CUST00992,Female,64,No,No,5.8,Month-to-Month,Electronic Check,Fiber Optic,88.7,6535.57,No,No,No
CUST00993,Female,55,Yes,No,1.4,One Year,Mailed Check,No,28.27,540.08,Yes,Yes,No
CUST00994,Female,37,Yes,No,0.1,One Year,Bank Transfer,Fiber Optic,89.04,327.4,No,No,Yes
CUST00995,Female,44,Yes,No,1.5,Month-to-Month,Mailed Check,Fiber Optic,88.79,1605.47,Yes,No,No
CUST00996,Male,58,No,No,3.2,Two Year,Mailed Check,DSL,64.72,2289.43,No,Yes,No
CUST00997,Male,71,Yes,Yes,0.9,Month-to-Month,Credit Card,DSL,61.45,684.71,No,No,No
CUST00998,Female,37,Yes,Yes,1.7,Month-to-Month,Credit Card,DSL,56.24,1133.15,No,No,No
CUST00999,Female,61,Yes,No,0.2,Month-to-Month,Bank Transfer,Fiber Optic,88.32,392.46,No,No,Yes
CUST01000,Male,36,Yes,No,2.7,One Year,Electronic Check,Fiber Optic,75.79,2365.94,No,Yes,No
CUST01001,Female,37,No,Yes,4.2,Month-to-Month,Credit Card,Fiber Optic,95.22,5053.36,No,Yes,Yes
CUST01002,Male,52,No,Yes,1.6,Two Year,Credit Card,Fiber Optic,83.0,1490.55,No,Yes,No
CUST01003,Male,64,No,No,1.6,Two Year,Mailed Check,Fiber Optic,84.0,1731.42,Yes,Yes,No
CUST01004,Male,19,Yes,No,0.3,Two Year,Mailed Check,Fiber Optic,81.17,170.97,No,No,No
CUST01005,Male,47,No,Yes,0.7,Month-to-Month,Electronic Check,Fiber Optic,77.91,648.46,No,No,Yes
CUST01006,Male,70,Yes,Yes,0.5,One Year,Credit Card,Fiber Optic,78.46,261.62,Yes,No,No
CUST01007,Female,51,Yes,No,2.0,Month-to-Month,Credit Card,Fiber Optic,76.38,1844.22,Yes,Yes,No
CUST01008,Male,39,Yes,No,2.3,Two Year,Electronic Check,No,28.08,718.53,Yes,Yes,No
CUST01009,Female,20,Yes,No,8.9,One Year,Credit Card,DSL,61.67,6654.46,Yes,No,No
CUST01010,Female,23,Yes,No,0.2,Month-to-Month,Bank Transfer,DSL,54.82,207.92,No,Yes,Yes
CUST01011,Male,32,No,No,2.7,One Year,Bank Transfer,Fiber Optic,90.31,2923.91,No,Yes,Yes
CUST01012,Male,44,No,No,2.2,Month-to-Month,Electronic Check,Fiber Optic,88.85,2229.5,No,No,Yes
CUST01013,Female,27,No,No,2.2,Month-to-Month,Mailed Check,DSL,51.41,1398.93,No,No,No
CUST01014,Male,26,Yes,Yes,6.2,Month-to-Month,Electronic Check,Fiber Optic,94.91,7241.38,No,No,No
CUST01015,Male,50,Yes,No,0.7,Two Year,Bank Transfer,Fiber Optic,92.99,749.55,No,Yes,Yes
CUST01016,Female,49,Yes,No,0.1,Two Year,Credit Card,Fiber Optic,91.57,31.23,Yes,Yes,No
CUST01017,Female,65,No,No,3.3,One Year,Credit Card,Fiber Optic,88.33,3275.13,No,No,No
CUST01018,Male,23,No,No,1.3,Two Year,Mailed Check,Fiber Optic,82.28,1319.45,No,No,Yes
CUST01019,Female,58,No,No,0.1,Month-to-Month,Mailed Check,DSL,52.26,173.52,Yes,No,No
CUST01020,Male,53,Yes,No,0.9,Two Year,Bank Transfer,DSL,54.76,748.03,Yes,Yes,No
CUST01021,Male,19,No,Yes,1.1,Month-to-Month,Mailed Check,DSL,66.02,902.85,No,No,No
CUST01022,Male,46,Yes,No,2.9,One Year,Electronic Check,Fiber Optic,93.94,3005.93,No,Yes,Yes
CUST01023,Female,21,No,No,0.6,One Year,Bank Transfer,Fiber Optic,73.46,459.85,No,Yes,Yes
CUST01024,Female,18,No,No,1.6,Month-to-Month,Credit Card,Fiber Optic,87.08,1875.73,No,Yes,Yes
CUST01025,Female,36,No,No,2.0,Month-to-Month,Credit Card,Fiber Optic,65.1,1669.5,No,No,Yes
CUST01026,Female,43,No,No,1.8,Month-to-Month,Credit Card,Fiber Optic,81.47,1591.3,Yes,Yes,Yes
CUST01027,Female,42,Yes,No,10.9,Two Year,Mailed Check,DSL,49.58,6681.45,Yes,Yes,No
CUST01028,Male,27,No,Yes,0.1,Month-to-Month,Bank Transfer,DSL,59.45,0.0,No,No,Yes
CUST01029,Male,70,No,Yes,9.0,Month-to-Month,Mailed Check,No,21.3,2283.32,No,Yes,Yes
CUST01030,Male,32,Yes,No,2.6,One Year,Electronic Check,Fiber Optic,72.77,2343.75,No,Yes,Yes
CUST01031,Male,39,Yes,No,4.8,Month-to-Month,Bank Transfer,Fiber Optic,81.01,4653.26,Yes,No,No
CUST01032,Female,68,Yes,No,1.7,Month-to-Month,Mailed Check,Fiber Optic,84.94,1677.51,Yes,No,No
CUST01033,Male,65,Yes,No,1.8,One Year,Credit Card,Fiber Optic,71.09,1537.44,Yes,Yes,No
CUST01034,Female,38,Yes,Yes,6.3,Month-to-Month,Credit Card,Fiber Optic,94.1,7307.13,No,No,No
CUST01035,Male,73,No,No,6.8,One Year,Electronic Check,DSL,53.39,4561.92,No,Yes,No
CUST01036,Female,39,Yes,Yes,0.8,Month-to-Month,Electronic Check,No,30.2,308.27,Yes,No,No
CUST01037,Female,53,Yes,No,0.7,Month-to-Month,Electronic Check,DSL,63.82,455.85,Yes,No,No
CUST01038,Male,51,No,No,2.1,One Year,Credit Card,DSL,49.14,1248.59,Yes,Yes,Yes
CUST01039,Male,47,No,No,6.9,Month-to-Month,Mailed Check,DSL,66.85,5799.19,No,No,No
CUST01040,Male,42,No,Yes,1.2,Two Year,Credit Card,Fiber Optic,85.04,1362.78,No,Yes,No
CUST01041,Male,62,Yes,Yes,3.2,Two Year,Credit Card,Fiber Optic,91.34,3751.99,Yes,Yes,No
CUST01042,Female,45,No,No,3.7,Month-to-Month,Credit Card,Fiber Optic,88.55,4078.81,Yes,No,No
CUST01043,Male,18,No,No,4.5,Month-to-Month,Mailed Check,No,35.5,1983.56,No,Yes,No
CUST01044,Male,66,Yes,No,2.5,Month-to-Month,Credit Card,DSL,55.61,1673.45,No,Yes,Yes
CUST01045,Female,62,Yes,Yes,1.5,Month-to-Month,Electronic Check,Fiber Optic,81.26,1696.74,No,Yes,No
CUST01046,Male,21,No,No,10.2,Month-to-Month,Electronic Check,Fiber Optic,100.51,11733.26,No,Yes,No
CUST01047,Male,24,No,No,2.8,Two Year,Electronic Check,No,29.84,1036.55,No,No,No
CUST01048,Male,66,No,No,3.9,Month-to-Month,Electronic Check,DSL,46.22,2207.28,Yes,No,No
CUST01049,Male,26,No,No,1.3,Month-to-Month,Credit Card,No,41.75,578.81,No,Yes,No
CUST01050,Male,53,No,Yes,3.3,Month-to-Month,Credit Card,DSL,52.51,2115.75,Yes,Yes,No
CUST01051,Female,36,No,No,0.9,Month-to-Month,Credit Card,Fiber Optic,71.21,853.81,No,Yes,Yes
CUST01052,Male,18,Yes,No,0.8,One Year,Electronic Check,Fiber Optic,78.41,481.16,No,Yes,Yes
CUST01053,Male,27,Yes,No,3.8,Month-to-Month,Mailed Check,No,15.0,694.94,No,Yes,No
CUST01054,Male,53,Yes,No,2.2,Month-to-Month,Bank Transfer,DSL,48.77,1414.43,No,Yes,No
CUST01055,Male,26,No,No,3.4,Month-to-Month,Bank Transfer,DSL,69.06,3050.31,No,Yes,No
CUST01056,Male,62,No,Yes,0.9,Two Year,Bank Transfer,DSL,58.67,707.4,No,No,Yes
CUST01057,Female,63,No,No,2.7,Month-to-Month,Mailed Check,Fiber Optic,84.96,2738.92,Yes,No,No
CUST01058,Male,59,Yes,No,1.8,Two Year,Credit Card,Fiber Optic,80.38,1893.33,No,No,Yes
CUST01059,Female,49,No,No,2.7,Month-to-Month,Bank Transfer,No,28.9,887.86,No,No,No
CUST01060,Female,49,Yes,Yes,1.0,Two Year,Bank Transfer,Fiber Optic,93.92,1276.59,No,Yes,Yes
CUST01061,Male,23,Yes,No,3.8,One Year,Credit Card,DSL,40.38,1838.48,No,No,No
CUST01062,Male,65,No,Yes,4.9,Month-to-Month,Bank Transfer,DSL,78.52,4803.88,No,No,Yes
CUST01063,Male,55,No,Yes,0.9,Two Year,Credit Card,DSL,47.94,473.29,No,No,No
CUST01064,Male,34,No,No,1.1,One Year,Bank Transfer,Fiber Optic,83.0,1382.88,Yes,Yes,Yes
CUST01065,Female,27,Yes,No,3.2,Month-to-Month,Credit Card,No,28.72,1173.32,No,No,No
CUST01066,Male,67,No,No,3.6,Month-to-Month,Electronic Check,No,28.51,1253.34,No,No,No
CUST01067,Male,44,Yes,No,3.7,One Year,Mailed Check,Fiber Optic,79.63,3582.75,Yes,Yes,No
CUST01068,Male,71,Yes,No,3.4,One Year,Bank Transfer,DSL,62.0,2742.44,No,No,Yes
CUST01069,Male,67,No,No,1.5,One Year,Credit Card,DSL,64.13,1432.32,Yes,Yes,Yes
CUST01070,Male,52,No,No,1.5,One Year,Electronic Check,Fiber Optic,92.64,1606.91,Yes,Yes,No
CUST01071,Male,69,No,Yes,0.9,One Year,Credit Card,No,30.71,314.12,No,Yes,No
CUST01072,Female,38,Yes,No,0.5,One Year,Bank Transfer,DSL,50.29,434.69,No,Yes,No
CUST01073,Female,42,No,No,3.5,One Year,Bank Transfer,DSL,53.52,1997.5,Yes,No,No
CUST01074,Male,45,Yes,No,0.3,Month-to-Month,Bank Transfer,Fiber Optic,84.31,0.0,No,Yes,No
CUST01075,Male,64,No,No,8.3,Two Year,Bank Transfer,Fiber Optic,77.16,7573.27,No,Yes,No
CUST01076,Male,32,Yes,Yes,5.3,Month-to-Month,Bank Transfer,DSL,56.43,3627.91,No,No,No
CUST01077,Female,21,Yes,No,5.8,Month-to-Month,Electronic Check,No,44.4,2995.46,No,Yes,No
CUST01078,Male,46,No,Yes,7.1,One Year,Credit Card,DSL,53.64,4440.79,No,No,No
CUST01079,Female,26,No,No,1.6,Month-to-Month,Credit Card,No,34.0,623.27,No,No,Yes
CUST01080,Male,44,Yes,Yes,5.6,Month-to-Month,Bank Transfer,DSL,49.74,3483.38,No,Yes,No
CUST01081,Male,43,Yes,No,0.5,Month-to-Month,Credit Card,DSL,62.09,329.95,Yes,No,Yes
CUST01082,Male,36,No,No,0.1,One Year,Electronic Check,DSL,49.74,174.89,Yes,No,No
CUST01083,Male,73,Yes,No,4.6,Two Year,Bank Transfer,DSL,51.69,2869.6,Yes,No,No
CUST01084,Female,45,Yes,No,0.2,One Year,Mailed Check,Fiber Optic,89.14,499.38,No,No,Yes
CUST01085,Female,34,Yes,No,13.4,Month-to-Month,Electronic Check,Fiber Optic,77.07,12364.7,Yes,No,Yes
CUST01086,Male,60,Yes,No,3.4,Month-to-Month,Bank Transfer,Fiber Optic,88.46,3692.73,Yes,Yes,No
CUST01087,Male,74,No,No,4.2,Month-to-Month,Credit Card,Fiber Optic,93.41,4759.72,No,Yes,Yes
CUST01088,Female,58,No,No,0.8,Month-to-Month,Electronic Check,Fiber Optic,86.3,814.5,No,No,Yes
CUST01089,Female,59,No,No,3.4,Month-to-Month,Bank Transfer,DSL,61.95,2633.92,No,No,No
CUST01090,Female,67,No,Yes,0.1,Month-to-Month,Credit Card,No,19.67,53.03,Yes,Yes,Yes
CUST01091,Female,37,Yes,No,5.5,Month-to-Month,Credit Card,No,33.59,2236.25,No,Yes,No
CUST01092,Male,62,Yes,Yes,0.6,Month-to-Month,Bank Transfer,DSL,51.35,178.92,Yes,Yes,No
CUST01093,Female,57,Yes,No,3.6,One Year,Electronic Check,Fiber Optic,88.08,3608.88,Yes,No,No
CUST01094,Male,56,Yes,No,0.8,Two Year,Bank Transfer,Fiber Optic,97.65,768.5,Yes,Yes,Yes
CUST01095,Female,66,Yes,No,0.2,Two Year,Bank Transfer,DSL,31.12,93.18,No,No,Yes
CUST01096,Female,70,No,No,2.0,One Year,Bank Transfer,Fiber Optic,80.03,1924.26,Yes,No,No
CUST01097,Female,40,No,No,0.6,Month-to-Month,Bank Transfer,Fiber Optic,66.67,388.42,No,Yes,Yes
CUST01098,Female,64,Yes,Yes,3.9,One Year,Bank Transfer,DSL,45.15,2044.33,No,Yes,No
CUST01099,Female,49,No,No,0.8,Month-to-Month,Credit Card,DSL,51.2,568.63,Yes,No,Yes
CUST01100,Male,69,No,Yes,1.3,One Year,Bank Transfer,Fiber Optic,91.88,1311.43,No,Yes,No
CUST01101,Male,64,No,No,2.5,One Year,Electronic Check,DSL,61.46,1547.68,No,Yes,No
CUST01102,Female,50,No,Yes,1.0,One Year,Mailed Check,DSL,61.23,761.62,No,Yes,No
CUST01103,Female,74,No,No,1.4,Two Year,Bank Transfer,Fiber Optic,89.48,1416.99,No,No,No
CUST01104,Male,63,No,No,5.1,One Year,Electronic Check,Fiber Optic,74.27,4667.01,No,Yes,No
CUST01105,Female,22,No,Yes,0.6,One Year,Mailed Check,DSL,61.42,356.88,No,No,No
CUST01106,Female,60,No,No,0.3,Month-to-Month,Electronic Check,No,24.58,79.85,No,No,Yes
CUST01107,Male,65,Yes,No,1.2,Two Year,Credit Card,Fiber Optic,88.58,1335.24,No,No,No
CUST01108,Female,51,Yes,No,1.7,Month-to-Month,Credit Card,DSL,47.66,768.34,Yes,Yes,No
CUST01109,Female,57,No,No,2.3,Two Year,Mailed Check,Fiber Optic,83.56,2214.64,No,Yes,Yes
CUST01110,Male,28,Yes,Yes,1.4,Month-to-Month,Mailed Check,Fiber Optic,84.46,1297.26,No,Yes,Yes
CUST01111,Male,67,Yes,Yes,4.7,Month-to-Month,Mailed Check,DSL,57.76,3208.49,No,Yes,No
CUST01112,Male,20,No,No,0.1,Two Year,Credit Card,Fiber Optic,78.29,20.6,No,Yes,No
CUST01113,Female,50,Yes,No,1.7,Month-to-Month,Credit Card,Fiber Optic,90.29,1850.17,No,No,Yes
CUST01114,Male,28,No,No,1.4,Two Year,Electronic Check,Fiber Optic,74.49,1286.07,No,No,Yes
CUST01115,Male,33,No,Yes,3.1,Month-to-Month,Credit Card,Fiber Optic,98.6,3800.83,No,Yes,Yes
CUST01116,Male,35,No,Yes,10.2,Two Year,Mailed Check,Fiber Optic,78.99,9755.49,Yes,Yes,Yes
CUST01117,Male,47,No,No,2.1,One Year,Bank Transfer,DSL,39.34,1088.49,Yes,Yes,No
CUST01118,Male,65,Yes,Yes,13.0,One Year,Bank Transfer,Fiber Optic,84.42,13341.28,No,Yes,No
CUST01119,Male,72,No,No,1.1,Month-to-Month,Mailed Check,Fiber Optic,81.71,1313.01,No,No,No
CUST01120,Female,27,No,Yes,0.1,Month-to-Month,Credit Card,Fiber Optic,77.66,290.57,Yes,Yes,No
CUST01121,Female,35,No,Yes,0.5,Two Year,Mailed Check,Fiber Optic,95.77,484.26,No,Yes,Yes
CUST01122,Male,55,Yes,No,1.5,Month-to-Month,Credit Card,Fiber Optic,91.04,1591.14,No,Yes,Yes
CUST01123,Male,36,Yes,No,1.1,Month-to-Month,Bank Transfer,No,33.7,432.28,Yes,Yes,No
CUST01124,Male,53,No,No,0.3,One Year,Electronic Check,DSL,47.36,286.26,No,No,Yes
CUST01125,Female,30,Yes,Yes,1.7,Month-to-Month,Credit Card,DSL,50.76,1017.11,No,Yes,No
CUST01126,Female,73,No,No,1.2,Month-to-Month,Electronic Check,DSL,50.11,805.3,No,No,Yes
CUST01127,Female,63,Yes,No,0.4,Month-to-Month,Bank Transfer,DSL,40.38,46.15,No,Yes,Yes
CUST01128,Female,20,Yes,No,1.1,Month-to-Month,Electronic Check,Fiber Optic,87.17,796.4,Yes,No,No
CUST01129,Female,27,Yes,No,6.5,Two Year,Electronic Check,DSL,57.76,4662.56,No,No,No
CUST01130,Female,55,Yes,No,1.1,Month-to-Month,Mailed Check,DSL,55.98,803.46,No,No,No
CUST01131,Female,18,No,No,3.8,Two Year,Electronic Check,DSL,56.82,2735.21,No,Yes,No
CUST01132,Female,72,No,No,2.8,Month-to-Month,Bank Transfer,Fiber Optic,75.94,2331.3,Yes,No,No
CUST01133,Female,73,Yes,No,1.7,Month-to-Month,Credit Card,No,22.84,477.72,No,Yes,No
CUST01134,Male,44,No,Yes,0.8,One Year,Electronic Check,Fiber Optic,82.47,560.47,No,Yes,Yes
CUST01135,Male,63,Yes,No,1.4,Month-to-Month,Credit Card,DSL,66.08,1239.86,Yes,No,No
CUST01136,Male,25,No,No,2.7,One Year,Mailed Check,Fiber Optic,94.3,3077.53,No,No,No
CUST01137,Male,68,Yes,No,1.3,Two Year,Bank Transfer,DSL,59.14,918.83,Yes,Yes,No
CUST01138,Female,63,No,No,0.7,Month-to-Month,Bank Transfer,DSL,71.12,734.66,No,No,Yes
CUST01139,Female,59,No,No,0.4,One Year,Credit Card,No,34.08,163.47,No,Yes,No
CUST01140,Male,34,No,No,6.4,Month-to-Month,Bank Transfer,Fiber Optic,90.09,6912.51,No,Yes,Yes
CUST01141,Female,26,No,Yes,1.7,Month-to-Month,Mailed Check,DSL,66.84,1182.15,No,No,No
CUST01142,Male,23,No,No,2.9,Month-to-Month,Credit Card,Fiber Optic,90.57,3412.6,No,Yes,No
CUST01143,Female,60,No,No,2.0,Two Year,Bank Transfer,DSL,68.19,1664.4,No,Yes,Yes
CUST01144,Male,42,No,No,6.2,Month-to-Month,Mailed Check,Fiber Optic,85.23,6446.62,Yes,Yes,No
CUST01145,Female,56,No,No,2.4,Two Year,Mailed Check,Fiber Optic,79.88,2097.5,No,No,No
CUST01146,Female,66,No,Yes,2.0,Month-to-Month,Electronic Check,DSL,54.24,1462.42,No,Yes,Yes
CUST01147,Male,45,Yes,No,7.8,Month-to-Month,Bank Transfer,No,31.9,3002.03,Yes,Yes,No
CUST01148,Female,50,No,Yes,3.8,Month-to-Month,Credit Card,Fiber Optic,77.76,3826.37,Yes,Yes,No
CUST01149,Male,71,Yes,No,0.4,Two Year,Electronic Check,No,24.3,169.26,No,No,No
CUST01150,Male,54,No,No,0.6,One Year,Credit Card,Fiber Optic,81.62,201.5,No,No,No
CUST01151,Male,26,No,No,4.6,Month-to-Month,Electronic Check,Fiber Optic,76.21,4337.21,Yes,No,Yes
CUST01152,Male,35,No,No,5.4,Two Year,Mailed Check,Fiber Optic,80.3,5362.29,No,No,Yes
CUST01153,Female,73,Yes,No,2.4,Month-to-Month,Electronic Check,DSL,60.88,1838.9,No,Yes,Yes
CUST01154,Female,38,Yes,No,2.4,Two Year,Electronic Check,Fiber Optic,91.35,2681.22,No,No,No
CUST01155,Female,19,No,No,3.0,Two Year,Electronic Check,Fiber Optic,73.78,2636.82,Yes,Yes,No
CUST01156,Male,60,No,No,1.7,One Year,Bank Transfer,DSL,57.47,1175.83,No,Yes,No
CUST01157,Female,55,Yes,Yes,3.4,Two Year,Electronic Check,Fiber Optic,84.45,3692.06,No,Yes,Yes
CUST01158,Male,57,Yes,No,0.3,Month-to-Month,Mailed Check,Fiber Optic,93.41,622.48,No,No,Yes
CUST01159,Female,53,No,No,9.8,One Year,Credit Card,No,27.85,3267.91,No,Yes,No
CUST01160,Female,67,No,Yes,4.2,One Year,Bank Transfer,Fiber Optic,75.08,3674.96,No,Yes,No
CUST01161,Female,60,Yes,No,3.0,Month-to-Month,Mailed Check,Fiber Optic,81.11,3134.43,No,Yes,Yes
CUST01162,Male,54,Yes,No,1.1,One Year,Bank Transfer,No,20.42,309.48,No,Yes,No
CUST01163,Female,32,Yes,No,0.5,Month-to-Month,Credit Card,DSL,36.96,240.97,No,Yes,No
CUST01164,Female,45,No,No,1.6,Month-to-Month,Credit Card,DSL,54.57,947.82,Yes,No,Yes
CUST01165,Male,35,Yes,No,3.3,Month-to-Month,Credit Card,DSL,59.15,2149.38,No,Yes,No
CUST01166,Female,51,Yes,No,3.0,Month-to-Month,Bank Transfer,No,31.5,1184.42,No,Yes,No
CUST01167,Male,39,Yes,Yes,1.4,Month-to-Month,Bank Transfer,DSL,44.72,705.67,No,No,No
CUST01168,Female,28,Yes,No,2.9,Two Year,Credit Card,DSL,44.18,1490.06,Yes,No,Yes
CUST01169,Male,74,No,No,5.0,Month-to-Month,Credit Card,Fiber Optic,86.74,5286.44,No,No,Yes
CUST01170,Male,30,Yes,No,0.1,One Year,Mailed Check,No,43.59,9.03,No,Yes,Yes
CUST01171,Female,21,Yes,Yes,1.8,Month-to-Month,Credit Card,No,40.36,835.07,No,No,No
CUST01172,Male,39,Yes,Yes,4.3,Month-to-Month,Electronic Check,Fiber Optic,82.65,4152.67,No,Yes,Yes
CUST01173,Male,24,Yes,Yes,2.4,Month-to-Month,Bank Transfer,No,31.69,957.69,Yes,No,No
CUST01174,Male,60,Yes,No,3.2,Month-to-Month,Mailed Check,DSL,62.31,2275.37,No,Yes,No
CUST01175,Male,71,No,No,2.2,One Year,Bank Transfer,DSL,53.85,1263.0,No,Yes,Yes
CUST01176,Male,41,No,Yes,14.4,One Year,Credit Card,No,19.25,3289.66,No,No,No
CUST01177,Male,21,No,No,0.2,Month-to-Month,Electronic Check,Fiber Optic,62.44,329.71,Yes,Yes,Yes
CUST01178,Female,45,No,No,2.0,Month-to-Month,Credit Card,DSL,56.45,1289.37,Yes,Yes,No
CUST01179,Male,32,No,No,0.3,Two Year,Bank Transfer,Fiber Optic,83.41,382.34,No,No,Yes
CUST01180,Male,18,Yes,No,0.5,Month-to-Month,Mailed Check,Fiber Optic,71.35,384.04,Yes,Yes,No
CUST01181,Female,72,No,Yes,1.4,Month-to-Month,Bank Transfer,No,18.58,304.88,No,No,No
CUST01182,Female,20,No,No,0.5,One Year,Mailed Check,No,27.9,244.08,Yes,No,Yes
CUST01183,Female,31,No,Yes,9.9,Month-to-Month,Electronic Check,Fiber Optic,80.63,9599.07,No,Yes,No
CUST01184,Female,55,No,No,8.8,Two Year,Credit Card,No,41.46,4516.16,No,Yes,No
CUST01185,Female,67,Yes,No,1.2,One Year,Credit Card,Fiber Optic,96.35,1761.1,No,No,Yes
CUST01186,Female,74,No,No,3.1,Month-to-Month,Electronic Check,Fiber Optic,78.2,3156.84,No,Yes,Yes
CUST01187,Female,18,No,No,2.3,Month-to-Month,Bank Transfer,Fiber Optic,97.04,2577.31,Yes,No,No
CUST01188,Male,55,No,No,5.1,One Year,Electronic Check,Fiber Optic,97.94,6028.15,No,Yes,No
CUST01189,Male,55,Yes,No,3.0,Month-to-Month,Credit Card,DSL,57.34,2234.44,No,No,No
CUST01190,Female,38,Yes,No,0.0,Two Year,Mailed Check,Fiber Optic,77.55,123.51,No,Yes,Yes
CUST01191,Male,65,Yes,Yes,4.3,One Year,Credit Card,Fiber Optic,85.95,4635.27,No,No,Yes
CUST01192,Male,46,No,No,4.1,Month-to-Month,Bank Transfer,DSL,38.0,1964.5,Yes,Yes,No
CUST01193,Male,22,Yes,No,2.1,One Year,Mailed Check,DSL,50.3,1398.62,No,No,No
CUST01194,Female,66,Yes,No,7.0,Month-to-Month,Bank Transfer,DSL,57.13,4686.95,No,Yes,Yes
CUST01195,Female,27,No,No,7.2,Month-to-Month,Credit Card,DSL,58.08,5012.5,Yes,No,No
CUST01196,Male,45,Yes,No,2.2,One Year,Credit Card,Fiber Optic,81.44,2045.6,No,Yes,No
CUST01197,Female,38,No,No,2.8,One Year,Mailed Check,DSL,55.56,1854.44,Yes,Yes,No
CUST01198,Male,67,Yes,No,15.0,One Year,Bank Transfer,DSL,46.85,8452.82,Yes,No,No
CUST01199,Male,24,No,No,1.1,Month-to-Month,Mailed Check,Fiber Optic,96.26,1291.42,Yes,Yes,Yes
CUST01200,Male,20,No,Yes,1.2,One Year,Mailed Check,No,41.58,550.11,Yes,Yes,No
CUST01201,Male,62,No,No,0.6,Month-to-Month,Bank Transfer,DSL,60.68,283.7,Yes,Yes,Yes
CUST01202,Female,64,No,No,6.8,One Year,Mailed Check,DSL,52.86,4152.51,No,No,No
CUST01203,Female,37,Yes,No,4.1,One Year,Electronic Check,No,23.41,1237.61,No,Yes,No
CUST01204,Female,36,Yes,No,0.3,One Year,Mailed Check,Fiber Optic,91.77,558.36,No,Yes,Yes
CUST01205,Male,52,Yes,No,12.0,Two Year,Credit Card,No,31.48,4554.29,Yes,No,No
CUST01206,Female,21,No,No,3.9,Two Year,Bank Transfer,DSL,46.98,1930.47,No,Yes,No
CUST01207,Male,22,No,No,5.7,Two Year,Credit Card,DSL,63.47,4237.18,No,Yes,Yes
CUST01208,Female,18,Yes,Yes,0.1,Two Year,Electronic Check,DSL,51.42,113.31,No,No,No
CUST01209,Male,21,No,No,2.1,One Year,Electronic Check,DSL,48.09,1293.4,No,Yes,No
CUST01210,Male,29,Yes,No,3.6,Two Year,Mailed Check,No,37.57,1599.88,No,No,No
CUST01211,Male,44,No,Yes,2.3,Two Year,Credit Card,No,23.69,680.25,Yes,Yes,No
CUST01212,Female,73,No,No,3.3,One Year,Mailed Check,No,31.01,1222.03,No,No,No
CUST01213,Female,59,Yes,No,5.1,Month-to-Month,Mailed Check,No,40.26,2555.72,Yes,No,No
CUST01214,Female,40,No,No,1.4,Month-to-Month,Credit Card,No,39.46,660.07,Yes,Yes,Yes
CUST01215,Female,42,Yes,Yes,5.7,Two Year,Electronic Check,Fiber Optic,87.73,5988.54,No,No,No
CUST01216,Male,38,No,Yes,0.5,Month-to-Month,Electronic Check,No,20.62,103.14,No,No,Yes
CUST01217,Female,69,No,No,0.9,Two Year,Electronic Check,DSL,51.02,628.15,No,Yes,No
CUST01218,Female,41,Yes,Yes,0.1,Month-to-Month,Bank Transfer,Fiber Optic,104.33,212.07,Yes,Yes,Yes
CUST01219,Male,42,Yes,No,1.4,Month-to-Month,Bank Transfer,Fiber Optic,92.58,1341.21,No,No,Yes
CUST01220,Male,62,Yes,Yes,1.4,One Year,Mailed Check,No,28.15,494.79,No,Yes,Yes
CUST01221,Male,72,No,No,4.9,Two Year,Bank Transfer,Fiber Optic,74.92,4433.55,No,Yes,No
CUST01222,Female,63,No,Yes,3.2,Month-to-Month,Bank Transfer,No,15.0,604.91,No,No,No
CUST01223,Male,49,Yes,Yes,1.7,Two Year,Credit Card,Fiber Optic,94.72,1915.3,No,No,No
CUST01224,Male,72,No,No,3.2,One Year,Mailed Check,Fiber Optic,94.88,3458.59,Yes,Yes,No
CUST01225,Male,49,No,Yes,0.2,Month-to-Month,Mailed Check,No,29.69,44.44,Yes,Yes,No
CUST01226,Female,22,Yes,No,0.6,Month-to-Month,Credit Card,DSL,51.71,562.04,Yes,Yes,Yes
CUST01227,Male,53,Yes,No,3.0,Month-to-Month,Electronic Check,No,39.07,1390.05,No,No,Yes
CUST01228,Female,63,No,No,3.1,Month-to-Month,Credit Card,Fiber Optic,73.17,2873.11,No,No,Yes
CUST01229,Female,59,No,No,4.5,Month-to-Month,Electronic Check,Fiber Optic,100.99,5176.47,No,Yes,Yes
CUST01230,Male,66,Yes,Yes,1.5,Month-to-Month,Mailed Check,No,35.9,674.68,Yes,No,No
CUST01231,Male,59,Yes,Yes,3.8,Month-to-Month,Mailed Check,Fiber Optic,74.98,3188.99,No,Yes,Yes
CUST01232,Female,56,Yes,No,3.5,Two Year,Bank Transfer,Fiber Optic,91.29,3846.9,Yes,No,No
CUST01233,Male,33,No,No,9.9,One Year,Bank Transfer,Fiber Optic,79.53,9330.69,No,Yes,No
CUST01234,Male,50,Yes,No,0.7,One Year,Credit Card,DSL,44.31,290.3,Yes,Yes,No
CUST01235,Female,66,Yes,No,2.4,Month-to-Month,Bank Transfer,Fiber Optic,91.26,2437.93,No,Yes,Yes
CUST01236,Female,38,No,No,2.8,Two Year,Mailed Check,DSL,46.16,1531.34,No,Yes,No
CUST01237,Male,26,No,Yes,15.0,Two Year,Mailed Check,No,19.31,3402.24,Yes,Yes,No
CUST01238,Female,23,Yes,No,0.7,Month-to-Month,Electronic Check,DSL,58.88,325.09,Yes,Yes,Yes
CUST01239,Male,68,Yes,No,2.2,Two Year,Bank Transfer,Fiber Optic,84.17,2237.88,No,No,Yes
CUST01240,Male,62,No,No,1.3,Two Year,Electronic Check,No,38.09,461.13,Yes,No,No
CUST01241,Male,52,Yes,No,2.2,One Year,Mailed Check,No,27.6,644.61,No,No,No
CUST01242,Female,56,Yes,No,0.8,One Year,Bank Transfer,Fiber Optic,81.88,1078.63,No,Yes,Yes
CUST01243,Male,39,No,Yes,0.1,Month-to-Month,Electronic Check,Fiber Optic,68.71,298.36,Yes,Yes,No
CUST01244,Male,58,Yes,No,2.5,Month-to-Month,Mailed Check,DSL,59.02,1672.29,No,Yes,No
CUST01245,Male,71,No,No,1.2,Month-to-Month,Electronic Check,Fiber Optic,84.86,1277.8,No,Yes,Yes
CUST01246,Female,22,No,No,0.6,Month-to-Month,Bank Transfer,DSL,64.51,358.14,No,Yes,No
CUST01247,Female,59,Yes,Yes,1.2,Month-to-Month,Electronic Check,Fiber Optic,91.08,1169.14,No,Yes,No
CUST01248,Female,40,Yes,Yes,0.2,Two Year,Electronic Check,DSL,57.66,0.0,Yes,Yes,No
CUST01249,Female,34,No,No,9.0,Month-to-Month,Mailed Check,Fiber Optic,79.15,8790.65,No,No,No
CUST01250,Female,29,No,No,2.6,Two Year,Bank Transfer,Fiber Optic,81.68,2638.92,No,No,Yes
CUST01251,Male,40,No,No,5.1,One Year,Credit Card,Fiber Optic,89.39,5603.65,No,Yes,No
CUST01252,Female,33,No,No,1.7,Month-to-Month,Credit Card,Fiber Optic,84.59,1815.64,Yes,No,No
CUST01253,Female,20,Yes,No,7.0,Month-to-Month,Electronic Check,No,41.35,3456.55,Yes,Yes,Yes
CUST01254,Female,47,No,No,2.0,Month-to-Month,Mailed Check,DSL,65.52,1508.76,Yes,Yes,No
CUST01255,Male,74,Yes,No,2.6,Two Year,Bank Transfer,Fiber Optic,83.0,2583.76,No,Yes,No
CUST01256,Female,39,Yes,No,2.0,Two Year,Mailed Check,DSL,55.75,1501.33,No,No,No
CUST01257,Female,26,Yes,Yes,4.0,Month-to-Month,Bank Transfer,DSL,48.64,2337.19,No,Yes,No
CUST01258,Male,46,Yes,Yes,2.5,Two Year,Mailed Check,Fiber Optic,84.18,2852.28,Yes,No,Yes
CUST01259,Female,64,No,No,1.0,One Year,Credit Card,DSL,62.6,653.92,Yes,Yes,No
CUST01260,Male,54,Yes,No,0.5,Month-to-Month,Credit Card,DSL,50.65,152.96,Yes,Yes,Yes
CUST01261,Male,40,Yes,Yes,2.8,One Year,Credit Card,No,27.06,859.46,No,Yes,No
CUST01262,Male,30,Yes,Yes,2.0,One Year,Mailed Check,Fiber Optic,75.65,1791.44,No,No,No
CUST01263,Male,49,No,No,0.3,Month-to-Month,Mailed Check,DSL,50.49,322.02,No,Yes,Yes
CUST01264,Male,63,No,Yes,1.5,One Year,Electronic Check,DSL,59.91,1020.28,No,No,No
CUST01265,Female,69,Yes,No,2.2,Month-to-Month,Credit Card,DSL,53.07,1246.39,Yes,Yes,No
CUST01266,Male,64,Yes,No,5.3,Month-to-Month,Electronic Check,Fiber Optic,75.79,4822.09,No,Yes,Yes
CUST01267,Male,65,Yes,Yes,0.2,Month-to-Month,Mailed Check,Fiber Optic,86.7,419.92,No,No,Yes
CUST01268,Female,40,No,No,1.3,Two Year,Bank Transfer,Fiber Optic,84.59,1318.84,Yes,Yes,No
CUST01269,Male,62,No,Yes,5.2,One Year,Credit Card,DSL,63.97,4017.24,Yes,Yes,No
CUST01270,Female,34,No,No,3.1,Month-to-Month,Credit Card,Fiber Optic,83.91,3117.04,No,Yes,No
CUST01271,Female,72,No,Yes,1.0,Month-to-Month,Credit Card,Fiber Optic,77.04,892.03,Yes,No,Yes
CUST01272,Female,57,Yes,Yes,5.6,Month-to-Month,Credit Card,Fiber Optic,92.71,6674.91,No,No,Yes
CUST01273,Male,38,No,Yes,2.0,One Year,Credit Card,No,22.24,592.29,No,Yes,No
CUST01274,Male,19,No,Yes,2.1,Month-to-Month,Mailed Check,DSL,44.59,1290.75,No,No,Yes
CUST01275,Male,54,Yes,Yes,11.3,Two Year,Credit Card,DSL,46.68,6599.14,No,No,No
CUST01276,Female,23,Yes,No,8.8,Two Year,Credit Card,No,25.11,2716.64,Yes,Yes,No
CUST01277,Male,61,No,No,1.3,One Year,Electronic Check,DSL,39.88,584.54,Yes,Yes,No
CUST01278,Male,35,No,No,0.5,Month-to-Month,Bank Transfer,DSL,41.19,319.85,No,No,No
CUST01279,Male,47,Yes,No,1.2,Month-to-Month,Credit Card,Fiber Optic,91.25,1662.73,No,No,Yes
CUST01280,Female,39,No,No,0.1,Month-to-Month,Electronic Check,Fiber Optic,83.63,189.63,No,Yes,Yes
CUST01281,Female,71,No,No,0.1,One Year,Mailed Check,No,28.68,14.62,No,No,Yes
CUST01282,Male,50,Yes,No,1.5,One Year,Electronic Check,DSL,54.55,1131.76,No,Yes,No
CUST01283,Male,47,Yes,No,8.5,One Year,Credit Card,Fiber Optic,89.51,8902.33,Yes,No,No
CUST01284,Male,34,Yes,No,6.2,Month-to-Month,Electronic Check,DSL,48.45,3618.22,No,Yes,No
CUST01285,Male,60,No,No,2.1,Two Year,Electronic Check,Fiber Optic,89.48,2390.78,No,Yes,No
CUST01286,Female,49,Yes,No,2.5,Month-to-Month,Mailed Check,DSL,55.9,1665.01,No,Yes,Yes
CUST01287,Female,59,Yes,No,0.0,Month-to-Month,Electronic Check,Fiber Optic,77.34,96.75,No,Yes,Yes
CUST01288,Female,68,No,No,0.7,One Year,Mailed Check,DSL,59.87,581.06,Yes,Yes,No
CUST01289,Female,31,No,No,0.1,Month-to-Month,Mailed Check,DSL,55.46,128.67,Yes,No,No
CUST01290,Male,27,Yes,No,4.2,One Year,Electronic Check,Fiber Optic,76.63,3833.14,No,No,No
CUST01291,Male,64,Yes,No,0.5,Two Year,Credit Card,No,22.23,115.49,No,No,Yes
CUST01292,Male,68,No,No,6.1,One Year,Bank Transfer,No,33.84,2469.14,No,Yes,No
CUST01293,Female,53,No,No,3.1,Month-to-Month,Electronic Check,No,38.12,1313.34,No,No,Yes
CUST01294,Male,51,No,Yes,0.8,Month-to-Month,Electronic Check,Fiber Optic,87.26,1077.88,No,Yes,Yes
CUST01295,Female,26,Yes,Yes,0.5,Month-to-Month,Electronic Check,DSL,62.11,439.92,Yes,Yes,Yes
CUST01296,Female,59,No,No,3.0,Month-to-Month,Bank Transfer,DSL,64.86,2356.88,No,Yes,Yes
CUST01297,Male,45,No,No,6.9,Two Year,Bank Transfer,Fiber Optic,83.2,6776.12,Yes,Yes,No
CUST01298,Male,28,No,Yes,3.8,One Year,Mailed Check,DSL,56.32,2582.55,No,Yes,Yes
CUST01299,Male,31,No,No,1.3,Month-to-Month,Bank Transfer,DSL,60.35,954.66,No,Yes,Yes
CUST01300,Female,56,Yes,No,2.7,Two Year,Bank Transfer,DSL,45.82,1444.71,Yes,No,No
CUST01301,Male,72,Yes,No,1.1,One Year,Electronic Check,Fiber Optic,93.27,1427.11,No,No,Yes
CUST01302,Female,64,No,Yes,15.0,Month-to-Month,Mailed Check,DSL,65.91,11714.19,No,No,No
CUST01303,Male,71,No,Yes,4.1,Month-to-Month,Credit Card,DSL,49.09,2326.05,Yes,Yes,No
CUST01304,Female,36,No,No,2.9,Month-to-Month,Mailed Check,Fiber Optic,107.96,3996.93,No,No,No
CUST01305,Female,71,Yes,No,1.7,Two Year,Bank Transfer,Fiber Optic,91.36,2138.49,Yes,Yes,No
CUST01306,Male,32,No,No,2.9,Month-to-Month,Bank Transfer,Fiber Optic,83.78,2962.26,No,No,No
CUST01307,Female,45,No,No,1.3,Two Year,Electronic Check,Fiber Optic,68.38,931.74,Yes,Yes,No
CUST01308,Female,41,Yes,No,0.1,Month-to-Month,Credit Card,DSL,54.27,208.63,No,Yes,Yes
CUST01309,Male,25,Yes,Yes,1.5,Two Year,Credit Card,Fiber Optic,88.38,1628.15,No,Yes,Yes
CUST01310,Female,60,No,No,8.0,Month-to-Month,Credit Card,DSL,57.46,5530.4,No,No,No
CUST01311,Male,26,No,No,3.0,Two Year,Bank Transfer,Fiber Optic,74.51,2912.75,No,Yes,Yes
CUST01312,Female,64,No,No,0.3,Two Year,Bank Transfer,Fiber Optic,79.71,420.03,Yes,No,Yes
CUST01313,Male,50,No,No,6.5,Month-to-Month,Mailed Check,No,35.44,2738.33,Yes,No,No
CUST01314,Male,50,Yes,No,0.9,One Year,Bank Transfer,Fiber Optic,89.74,687.33,Yes,Yes,No
CUST01315,Female,36,Yes,No,0.8,One Year,Credit Card,DSL,62.54,560.87,Yes,Yes,No
CUST01316,Female,20,No,No,1.1,Two Year,Credit Card,Fiber Optic,85.95,1215.99,No,No,No
CUST01317,Female,27,No,No,2.6,Month-to-Month,Credit Card,Fiber Optic,84.75,2752.14,No,Yes,Yes
CUST01318,Female,57,No,No,2.4,Month-to-Month,Electronic Check,Fiber Optic,89.09,2347.4,No,No,No
CUST01319,Female,64,No,Yes,2.0,Two Year,Mailed Check,DSL,55.76,1265.72,No,No,No
CUST01320,Male,59,Yes,No,3.8,One Year,Mailed Check,Fiber Optic,72.76,2887.88,Yes,Yes,No
CUST01321,Female,18,No,Yes,1.1,Month-to-Month,Bank Transfer,DSL,67.16,933.09,Yes,Yes,Yes
CUST01322,Male,46,Yes,Yes,4.6,Two Year,Electronic Check,Fiber Optic,92.37,4782.37,No,No,No
CUST01323,Male,67,Yes,No,0.6,Month-to-Month,Mailed Check,Fiber Optic,88.38,555.34,No,No,Yes
CUST01324,Female,51,Yes,Yes,4.6,One Year,Electronic Check,DSL,44.05,2352.73,Yes,Yes,No
CUST01325,Male,68,Yes,Yes,3.3,Month-to-Month,Electronic Check,No,36.7,1502.78,Yes,Yes,No
CUST01326,Male,30,Yes,No,3.4,Month-to-Month,Bank Transfer,Fiber Optic,81.49,3387.38,No,No,No
CUST01327,Male,71,Yes,No,2.0,Month-to-Month,Electronic Check,DSL,61.64,1388.93,Yes,Yes,No
CUST01328,Male,18,Yes,No,3.3,Month-to-Month,Mailed Check,DSL,59.37,2369.42,No,No,Yes
CUST01329,Female,51,Yes,Yes,0.2,Month-to-Month,Bank Transfer,Fiber Optic,82.28,308.64,Yes,No,No
CUST01330,Male,46,No,Yes,5.7,Month-to-Month,Mailed Check,Fiber Optic,93.42,6446.37,Yes,No,No
CUST01331,Female,65,Yes,Yes,0.2,Month-to-Month,Electronic Check,No,20.47,0.0,No,Yes,Yes
CUST01332,Female,64,Yes,No,0.5,Month-to-Month,Electronic Check,DSL,55.45,588.71,No,No,Yes
CUST01333,Male,30,No,Yes,2.6,One Year,Credit Card,DSL,68.27,2203.43,No,Yes,No
CUST01334,Female,65,No,No,4.0,Month-to-Month,Bank Transfer,No,33.89,1703.03,No,Yes,Yes
CUST01335,Female,66,No,No,0.2,Month-to-Month,Bank Transfer,No,37.31,35.63,Yes,Yes,Yes
CUST01336,Female,70,Yes,Yes,7.6,One Year,Credit Card,DSL,55.63,4969.97,No,Yes,No
CUST01337,Male,46,No,No,10.9,Two Year,Mailed Check,Fiber Optic,84.83,11005.62,Yes,No,No
CUST01338,Female,56,Yes,No,2.8,One Year,Mailed Check,DSL,45.24,1700.87,No,No,No
CUST01339,Female,41,Yes,No,2.0,Month-to-Month,Electronic Check,Fiber Optic,83.75,1956.82,No,Yes,Yes
CUST01340,Female,43,Yes,Yes,4.1,Two Year,Bank Transfer,No,35.39,1736.68,Yes,Yes,No
CUST01341,Male,34,No,No,1.2,Two Year,Electronic Check,DSL,46.25,837.67,Yes,Yes,No
CUST01342,Female,24,Yes,No,2.0,Month-to-Month,Credit Card,DSL,47.3,1100.97,No,Yes,No
CUST01343,Male,30,Yes,No,7.4,Two Year,Electronic Check,DSL,58.35,5183.69,No,No,No
CUST01344,Male,22,Yes,Yes,9.3,Month-to-Month,Mailed Check,DSL,61.61,6712.72,No,Yes,No
CUST01345,Male,43,No,No,7.9,Month-to-Month,Mailed Check,DSL,71.12,7018.9,Yes,No,No
CUST01346,Male,66,No,No,0.9,Month-to-Month,Credit Card,No,27.81,258.09,No,No,No
CUST01347,Male,20,Yes,No,0.8,One Year,Mailed Check,DSL,53.02,490.74,Yes,Yes,No
CUST01348,Male,24,No,No,1.1,Month-to-Month,Credit Card,Fiber Optic,91.65,597.13,Yes,Yes,Yes
CUST01349,Female,66,No,Yes,1.7,Month-to-Month,Bank Transfer,Fiber Optic,89.56,1796.56,No,Yes,Yes
CUST01350,Male,56,No,Yes,1.1,Month-to-Month,Credit Card,Fiber Optic,82.93,1081.93,No,Yes,Yes
CUST01351,Female,70,Yes,No,1.4,Month-to-Month,Credit Card,Fiber Optic,84.77,1353.57,Yes,Yes,Yes
CUST01352,Female,18,No,Yes,2.9,Month-to-Month,Credit Card,DSL,49.97,1565.32,No,Yes,No
CUST01353,Male,66,Yes,No,4.3,One Year,Mailed Check,Fiber Optic,75.75,3991.4,No,No,No
CUST01354,Female,34,No,Yes,4.0,Month-to-Month,Bank Transfer,DSL,53.92,2383.19,Yes,Yes,No
CUST01355,Female,60,Yes,No,5.1,Two Year,Electronic Check,Fiber Optic,97.18,5625.48,No,No,No
CUST01356,Female,42,Yes,No,0.1,Month-to-Month,Bank Transfer,DSL,49.25,33.48,No,Yes,Yes
CUST01357,Female,20,Yes,No,0.1,Month-to-Month,Mailed Check,Fiber Optic,73.52,266.37,No,Yes,Yes
CUST01358,Male,32,No,No,4.7,Month-to-Month,Bank Transfer,Fiber Optic,76.97,4333.75,No,Yes,Yes
CUST01359,Female,46,Yes,No,2.3,Month-to-Month,Bank Transfer,Fiber Optic,89.25,2516.56,No,Yes,No
CUST01360,Male,70,No,No,2.6,Month-to-Month,Credit Card,DSL,58.43,1744.57,No,Yes,No
CUST01361,Female,60,Yes,Yes,0.2,One Year,Credit Card,DSL,65.17,68.62,Yes,No,No
CUST01362,Female,49,No,No,0.9,One Year,Mailed Check,No,38.49,483.56,Yes,No,No
CUST01363,Male,43,No,No,3.1,Month-to-Month,Credit Card,DSL,57.38,2275.98,No,No,No
CUST01364,Female,33,No,Yes,5.9,Month-to-Month,Mailed Check,DSL,60.2,4396.21,No,No,No
CUST01365,Female,42,No,No,7.5,Month-to-Month,Electronic Check,Fiber Optic,79.0,7207.86,No,No,No
CUST01366,Female,71,No,Yes,2.1,Two Year,Bank Transfer,No,35.51,918.24,Yes,No,Yes
CUST01367,Male,45,Yes,No,2.4,One Year,Electronic Check,Fiber Optic,84.13,2181.49,No,Yes,No
CUST01368,Female,26,No,Yes,5.4,Month-to-Month,Electronic Check,Fiber Optic,91.81,5844.71,Yes,No,Yes
CUST01369,Male,73,Yes,No,2.3,Month-to-Month,Bank Transfer,Fiber Optic,88.35,2312.32,No,No,Yes
CUST01370,Female,73,No,Yes,2.2,Two Year,Credit Card,DSL,51.21,1359.35,Yes,No,No
CUST01371,Male,18,No,No,7.1,Month-to-Month,Electronic Check,Fiber Optic,76.2,6610.57,No,Yes,No
CUST01372,Male,46,Yes,No,4.7,Month-to-Month,Bank Transfer,No,26.0,1448.73,Yes,Yes,No
CUST01373,Female,74,Yes,No,7.2,Month-to-Month,Electronic Check,No,31.48,2562.67,No,No,No
CUST01374,Female,39,Yes,No,0.7,One Year,Electronic Check,DSL,48.47,529.52,No,No,No
CUST01375,Male,33,No,No,2.2,Two Year,Bank Transfer,Fiber Optic,83.78,2061.35,No,No,Yes
CUST01376,Male,58,No,Yes,5.5,Two Year,Credit Card,Fiber Optic,93.7,6026.43,Yes,No,No
CUST01377,Female,68,No,No,0.4,One Year,Mailed Check,DSL,64.4,392.17,Yes,Yes,No
CUST01378,Male,61,No,Yes,4.7,Month-to-Month,Bank Transfer,Fiber Optic,88.83,4918.11,Yes,Yes,No
CUST01379,Female,68,No,Yes,0.6,Month-to-Month,Mailed Check,DSL,65.91,477.67,No,No,No
CUST01380,Female,71,Yes,No,5.0,Month-to-Month,Bank Transfer,Fiber Optic,74.88,4542.48,No,Yes,Yes
CUST01381,Female,58,Yes,Yes,2.8,Two Year,Bank Transfer,DSL,65.38,2216.37,Yes,No,No
CUST01382,Female,24,No,No,0.6,One Year,Mailed Check,Fiber Optic,74.12,496.5,No,No,Yes
CUST01383,Male,31,No,No,1.9,Month-to-Month,Mailed Check,Fiber Optic,85.08,1960.97,No,Yes,Yes
CUST01384,Female,46,No,No,3.4,Month-to-Month,Credit Card,Fiber Optic,78.5,3567.67,No,Yes,Yes
CUST01385,Male,36,Yes,No,3.0,Month-to-Month,Bank Transfer,Fiber Optic,90.91,3508.35,Yes,No,No
CUST01386,Female,36,Yes,No,1.7,Two Year,Bank Transfer,DSL,42.47,948.03,No,Yes,No
CUST01387,Male,19,Yes,No,6.9,Month-to-Month,Bank Transfer,Fiber Optic,70.88,5937.07,No,Yes,No
CUST01388,Female,58,Yes,No,2.2,Month-to-Month,Credit Card,No,24.76,737.56,No,No,No
CUST01389,Male,62,Yes,Yes,2.1,Month-to-Month,Mailed Check,DSL,49.2,1334.97,No,No,Yes
CUST01390,Male,32,No,No,0.2,Month-to-Month,Bank Transfer,Fiber Optic,80.43,417.24,No,No,Yes
CUST01391,Female,20,Yes,No,7.7,Two Year,Mailed Check,Fiber Optic,79.6,7582.57,Yes,Yes,Yes
CUST01392,Female,28,No,No,0.6,Two Year,Credit Card,Fiber Optic,90.5,790.94,No,Yes,No
CUST01393,Female,70,Yes,No,2.3,Two Year,Electronic Check,Fiber Optic,84.32,2432.26,No,No,Yes
CUST01394,Female,63,No,No,4.9,One Year,Mailed Check,Fiber Optic,97.39,5681.26,No,No,No
CUST01395,Male,47,Yes,Yes,0.7,One Year,Credit Card,DSL,56.85,707.94,No,No,No
CUST01396,Female,74,Yes,Yes,2.2,One Year,Electronic Check,Fiber Optic,92.06,2435.79,Yes,Yes,No
CUST01397,Male,57,Yes,Yes,0.8,Month-to-Month,Bank Transfer,Fiber Optic,89.64,675.38,No,Yes,Yes
CUST01398,Male,35,No,Yes,4.3,One Year,Bank Transfer,DSL,47.81,2509.99,No,Yes,No
CUST01399,Female,68,No,Yes,2.5,Month-to-Month,Mailed Check,Fiber Optic,80.83,2405.98,No,Yes,Yes
CUST01400,Male,65,Yes,No,5.8,One Year,Electronic Check,Fiber Optic,92.95,6294.98,Yes,Yes,No
CUST01401,Male,19,Yes,No,6.7,Month-to-Month,Credit Card,Fiber Optic,70.79,5566.91,No,No,No
CUST01402,Male,49,No,No,3.1,Month-to-Month,Bank Transfer,DSL,58.89,2203.1,No,Yes,No
CUST01403,Male,25,Yes,Yes,3.9,Two Year,Bank Transfer,No,28.57,1346.71,No,Yes,No
CUST01404,Female,39,Yes,No,2.4,Two Year,Electronic Check,Fiber Optic,79.04,2061.28,No,Yes,No
CUST01405,Female,23,No,No,1.5,Month-to-Month,Credit Card,Fiber Optic,82.87,1434.69,Yes,No,No
CUST01406,Female,29,No,No,3.1,Month-to-Month,Bank Transfer,DSL,67.96,2664.49,Yes,No,No
CUST01407,Female,64,Yes,No,7.2,Two Year,Bank Transfer,Fiber Optic,71.21,5789.23,No,No,No
CUST01408,Male,74,Yes,No,1.6,One Year,Mailed Check,No,20.25,378.98,No,No,No
CUST01409,Male,57,No,No,1.1,Month-to-Month,Credit Card,Fiber Optic,69.5,921.73,Yes,No,No
CUST01410,Female,53,Yes,No,1.5,One Year,Bank Transfer,Fiber Optic,81.5,1574.72,No,No,No
CUST01411,Female,32,Yes,Yes,1.7,Month-to-Month,Electronic Check,Fiber Optic,80.0,1598.67,No,Yes,Yes
CUST01412,Female,45,No,No,0.2,Month-to-Month,Bank Transfer,Fiber Optic,86.28,140.24,No,Yes,Yes
CUST01413,Male,69,No,Yes,2.1,Two Year,Credit Card,DSL,51.16,1351.86,Yes,Yes,No
CUST01414,Female,74,Yes,No,2.0,Month-to-Month,Mailed Check,Fiber Optic,88.61,2117.52,No,Yes,Yes
CUST01415,Female,66,No,No,2.7,Month-to-Month,Bank Transfer,Fiber Optic,78.7,2828.05,No,No,No
CUST01416,Female,62,No,Yes,1.4,Month-to-Month,Electronic Check,DSL,71.78,1295.14,No,Yes,Yes
CUST01417,Male,35,Yes,Yes,2.8,Month-to-Month,Bank Transfer,Fiber Optic,89.92,3167.73,No,No,No
CUST01418,Male,19,No,Yes,6.3,Month-to-Month,Electronic Check,No,34.13,2585.03,No,Yes,No
CUST01419,Male,30,Yes,Yes,9.3,Month-to-Month,Credit Card,Fiber Optic,90.01,10383.83,Yes,Yes,No
CUST01420,Male,62,Yes,Yes,2.6,Month-to-Month,Mailed Check,DSL,46.63,1402.71,Yes,Yes,No
CUST01421,Male,71,No,Yes,0.1,Month-to-Month,Credit Card,No,28.03,0.0,Yes,No,No
CUST01422,Male,32,Yes,Yes,10.4,Month-to-Month,Bank Transfer,DSL,53.37,6650.82,Yes,No,No
CUST01423,Male,37,Yes,Yes,3.7,Month-to-Month,Bank Transfer,DSL,51.22,2247.45,No,No,Yes
CUST01424,Male,46,Yes,No,1.2,One Year,Mailed Check,DSL,52.22,737.57,No,No,No
CUST01425,Female,59,Yes,No,0.5,One Year,Electronic Check,DSL,61.63,613.58,No,Yes,No
CUST01426,Female,46,No,Yes,0.5,Month-to-Month,Credit Card,DSL,54.53,240.91,Yes,Yes,No
CUST01427,Male,20,No,No,0.6,One Year,Electronic Check,Fiber Optic,87.4,618.55,Yes,No,No
CUST01428,Male,36,No,No,0.1,Two Year,Bank Transfer,Fiber Optic,71.49,0.0,No,No,No
CUST01429,Female,20,Yes,No,7.0,Two Year,Electronic Check,Fiber Optic,71.01,6234.0,No,Yes,No
CUST01430,Male,71,Yes,Yes,2.3,Month-to-Month,Credit Card,Fiber Optic,77.45,1777.63,Yes,Yes,No
CUST01431,Male,31,Yes,No,3.6,One Year,Electronic Check,Fiber Optic,98.12,4266.95,No,No,Yes
CUST01432,Male,57,Yes,No,5.3,Month-to-Month,Bank Transfer,DSL,71.07,4329.32,Yes,Yes,No
CUST01433,Female,72,Yes,No,4.7,Month-to-Month,Credit Card,Fiber Optic,92.86,4978.99,Yes,No,Yes
CUST01434,Female,21,No,No,6.4,Month-to-Month,Electronic Check,Fiber Optic,81.85,6141.09,Yes,No,No
CUST01435,Female,69,No,No,10.3,Month-to-Month,Electronic Check,No,33.41,4056.05,No,Yes,No
CUST01436,Female,28,No,No,1.7,Month-to-Month,Credit Card,DSL,65.1,1363.06,Yes,Yes,Yes
CUST01437,Female,48,Yes,No,9.0,One Year,Bank Transfer,DSL,69.84,7364.12,Yes,No,No
CUST01438,Male,60,No,No,3.9,One Year,Credit Card,Fiber Optic,75.8,3705.16,Yes,No,No
CUST01439,Female,49,Yes,No,0.2,Month-to-Month,Bank Transfer,Fiber Optic,86.63,438.84,Yes,No,No
CUST01440,Male,44,Yes,No,3.4,Month-to-Month,Electronic Check,DSL,52.42,2312.13,No,No,Yes
CUST01441,Male,47,No,Yes,3.5,Month-to-Month,Credit Card,Fiber Optic,89.69,3492.42,Yes,No,Yes
CUST01442,Female,60,No,No,7.1,Month-to-Month,Bank Transfer,DSL,55.42,4634.94,No,Yes,No
CUST01443,Female,19,Yes,Yes,1.4,Two Year,Credit Card,No,22.0,348.37,Yes,No,No
CUST01444,Male,66,Yes,No,2.6,One Year,Electronic Check,DSL,58.16,1748.84,Yes,Yes,No
CUST01445,Male,26,Yes,No,0.0,Two Year,Credit Card,DSL,49.43,79.27,Yes,Yes,No
CUST01446,Male,45,No,Yes,1.2,One Year,Electronic Check,DSL,54.72,822.72,Yes,Yes,Yes
CUST01447,Female,48,Yes,No,0.2,Month-to-Month,Electronic Check,Fiber Optic,85.1,46.31,Yes,Yes,No
CUST01448,Female,51,No,Yes,2.2,Month-to-Month,Electronic Check,DSL,68.5,1769.63,Yes,Yes,No
CUST01449,Female,73,Yes,No,5.1,Month-to-Month,Bank Transfer,Fiber Optic,87.57,5353.19,No,No,Yes
CUST01450,Female,32,Yes,Yes,0.7,Month-to-Month,Bank Transfer,No,29.29,235.96,No,Yes,Yes
CUST01451,Female,65,No,No,2.2,Two Year,Mailed Check,DSL,60.79,1515.45,No,No,No
CUST01452,Male,42,No,No,0.7,Month-to-Month,Bank Transfer,Fiber Optic,77.93,481.65,Yes,No,No
CUST01453,Female,53,Yes,No,0.4,Month-to-Month,Mailed Check,DSL,55.81,351.75,No,Yes,Yes
CUST01454,Male,25,No,No,2.1,One Year,Credit Card,Fiber Optic,90.08,2056.86,Yes,Yes,No
CUST01455,Male,26,No,Yes,0.2,Two Year,Electronic Check,DSL,59.71,227.83,No,Yes,Yes
CUST01456,Male,54,No,No,2.7,Month-to-Month,Bank Transfer,DSL,50.76,1668.88,No,Yes,Yes
CUST01457,Female,65,No,Yes,0.1,One Year,Electronic Check,Fiber Optic,87.91,0.0,No,Yes,Yes
CUST01458,Female,62,No,Yes,0.3,Month-to-Month,Mailed Check,DSL,60.44,279.28,Yes,Yes,No
CUST01459,Female,56,No,Yes,2.4,Month-to-Month,Bank Transfer,No,22.76,622.86,Yes,Yes,No
CUST01460,Male,49,No,No,2.7,Month-to-Month,Bank Transfer,Fiber Optic,80.17,2688.04,Yes,Yes,No
CUST01461,Male,69,Yes,No,0.1,Month-to-Month,Bank Transfer,Fiber Optic,82.42,0.0,Yes,Yes,Yes
CUST01462,Male,34,Yes,Yes,2.6,One Year,Bank Transfer,No,48.64,1528.06,Yes,No,No
CUST01463,Male,52,Yes,Yes,5.5,Month-to-Month,Electronic Check,No,24.02,1582.71,Yes,Yes,No
CUST01464,Male,54,Yes,Yes,3.8,One Year,Bank Transfer,Fiber Optic,87.6,3886.19,Yes,Yes,No
CUST01465,Male,36,Yes,No,0.4,Two Year,Mailed Check,Fiber Optic,82.18,342.68,No,Yes,No
CUST01466,Female,61,No,No,2.7,Month-to-Month,Bank Transfer,DSL,47.5,1477.86,No,Yes,No
CUST01467,Female,46,Yes,Yes,3.3,One Year,Mailed Check,Fiber Optic,90.58,3799.22,No,No,No
CUST01468,Female,24,Yes,No,0.1,Month-to-Month,Mailed Check,Fiber Optic,73.71,0.0,Yes,Yes,No
CUST01469,Female,45,No,No,5.8,Month-to-Month,Electronic Check,No,41.55,2885.84,Yes,Yes,Yes
CUST01470,Male,26,Yes,No,7.1,One Year,Bank Transfer,DSL,46.69,3782.37,No,No,No
CUST01471,Male,45,Yes,No,5.7,One Year,Mailed Check,DSL,49.68,3329.54,No,Yes,Yes
CUST01472,Female,23,Yes,No,5.2,Month-to-Month,Bank Transfer,DSL,59.57,3793.11,Yes,Yes,No
CUST01473,Male,46,Yes,No,4.1,Two Year,Electronic Check,No,36.02,1806.4,No,Yes,No
CUST01474,Female,34,Yes,No,3.0,Month-to-Month,Electronic Check,DSL,56.87,2096.83,Yes,Yes,No
CUST01475,Female,33,No,Yes,3.4,Two Year,Bank Transfer,Fiber Optic,80.74,3289.44,No,Yes,No
CUST01476,Female,40,No,No,4.9,Month-to-Month,Mailed Check,Fiber Optic,72.25,4284.82,No,No,No
CUST01477,Male,48,Yes,No,3.3,Month-to-Month,Credit Card,DSL,54.28,2306.22,Yes,Yes,No
CUST01478,Female,20,Yes,Yes,1.2,Month-to-Month,Credit Card,Fiber Optic,78.2,981.51,No,No,No
CUST01479,Female,38,Yes,Yes,1.4,Month-to-Month,Electronic Check,Fiber Optic,104.3,2007.98,No,No,No
CUST01480,Female,43,No,No,6.8,One Year,Mailed Check,DSL,56.06,4475.97,Yes,No,No
CUST01481,Male,53,Yes,No,0.1,One Year,Credit Card,Fiber Optic,74.69,134.84,No,No,No
CUST01482,Male,59,Yes,No,3.6,Month-to-Month,Mailed Check,No,27.34,1134.35,Yes,No,No
CUST01483,Female,54,No,No,9.3,Month-to-Month,Bank Transfer,No,36.06,4085.85,No,Yes,No
CUST01484,Male,70,Yes,No,3.7,Month-to-Month,Electronic Check,Fiber Optic,94.3,3943.96,Yes,Yes,Yes
CUST01485,Male,39,Yes,Yes,15.0,Month-to-Month,Bank Transfer,Fiber Optic,82.53,14688.7,No,No,No
CUST01486,Male,59,Yes,No,3.5,One Year,Bank Transfer,DSL,54.05,2258.0,Yes,No,No
CUST01487,Male,29,No,No,0.1,One Year,Bank Transfer,No,34.52,0.0,No,Yes,No
CUST01488,Male,59,No,Yes,5.3,Two Year,Mailed Check,DSL,47.51,2954.42,No,Yes,No
CUST01489,Male,30,No,Yes,1.0,Month-to-Month,Credit Card,Fiber Optic,87.78,1032.61,Yes,No,No
CUST01490,Male,28,No,Yes,1.8,Month-to-Month,Bank Transfer,DSL,57.29,1094.02,Yes,Yes,No
CUST01491,Male,71,No,No,1.1,One Year,Electronic Check,DSL,59.27,797.52,No,No,Yes
CUST01492,Male,33,No,No,0.9,Two Year,Mailed Check,DSL,54.69,630.91,No,Yes,No
CUST01493,Male,25,No,No,1.7,One Year,Credit Card,Fiber Optic,72.48,1250.42,No,No,No
CUST01494,Female,57,Yes,No,1.4,Month-to-Month,Bank Transfer,Fiber Optic,86.82,1501.01,No,Yes,No
CUST01495,Female,74,No,Yes,3.0,Month-to-Month,Electronic Check,Fiber Optic,77.99,2839.39,No,Yes,Yes
CUST01496,Male,57,Yes,No,5.0,One Year,Bank Transfer,DSL,68.81,4188.53,Yes,Yes,No
CUST01497,Female,62,Yes,No,1.1,One Year,Credit Card,No,44.04,591.47,No,Yes,No
CUST01498,Female,19,No,No,0.7,Two Year,Credit Card,DSL,45.84,417.31,No,Yes,No
CUST01499,Male,47,Yes,No,3.3,Month-to-Month,Bank Transfer,DSL,48.16,1940.68,No,No,No
CUST01500,Male,47,No,Yes,3.3,Two Year,Bank Transfer,Fiber Optic,66.54,2667.53,Yes,Yes,No
CUST01501,Male,29,Yes,No,6.9,Month-to-Month,Mailed Check,No,35.88,2997.89,No,Yes,No
CUST01502,Female,27,No,No,0.0,Two Year,Credit Card,DSL,50.42,155.39,No,Yes,Yes
CUST01503,Female,61,No,No,5.8,Two Year,Credit Card,Fiber Optic,87.17,6295.0,No,No,No
CUST01504,Male,28,No,No,2.2,One Year,Bank Transfer,Fiber Optic,80.69,2111.78,No,Yes,Yes
CUST01505,Male,32,Yes,Yes,2.9,One Year,Electronic Check,No,17.18,576.53,No,No,No
CUST01506,Male,33,Yes,No,0.3,Month-to-Month,Bank Transfer,DSL,56.69,348.1,No,No,No
CUST01507,Female,34,No,No,1.7,Month-to-Month,Bank Transfer,Fiber Optic,95.31,2380.53,No,No,Yes
CUST01508,Female,43,Yes,No,0.8,Month-to-Month,Credit Card,DSL,54.78,522.75,Yes,Yes,No
CUST01509,Female,19,No,No,0.9,Month-to-Month,Mailed Check,DSL,46.78,552.03,No,No,No
CUST01510,Female,67,No,No,2.1,Month-to-Month,Bank Transfer,DSL,53.81,1321.07,No,Yes,No
CUST01511,Male,29,Yes,Yes,5.0,Month-to-Month,Electronic Check,No,34.11,2082.61,Yes,No,Yes
CUST01512,Male,68,Yes,No,4.1,Two Year,Electronic Check,DSL,53.39,2414.9,No,Yes,Yes
CUST01513,Male,43,Yes,No,2.7,Month-to-Month,Bank Transfer,No,21.21,665.01,Yes,No,Yes
CUST01514,Male,40,No,No,2.3,One Year,Electronic Check,DSL,71.16,2066.95,Yes,Yes,No
CUST01515,Female,35,Yes,Yes,1.7,One Year,Electronic Check,No,17.9,333.83,No,Yes,No
CUST01516,Female,49,Yes,Yes,10.8,Month-to-Month,Bank Transfer,Fiber Optic,103.2,13488.77,No,Yes,Yes
CUST01517,Male,66,Yes,Yes,2.5,Month-to-Month,Electronic Check,DSL,54.26,1684.17,No,Yes,No
CUST01518,Male,55,No,No,0.9,Month-to-Month,Electronic Check,Fiber Optic,92.18,1102.29,No,No,No
CUST01519,Female,74,Yes,No,0.8,One Year,Bank Transfer,DSL,56.72,486.97,Yes,No,No
CUST01520,Male,64,Yes,No,2.8,One Year,Credit Card,Fiber Optic,77.98,2739.42,Yes,No,Yes
CUST01521,Female,20,No,No,2.2,Month-to-Month,Mailed Check,Fiber Optic,95.63,2878.19,No,Yes,Yes
CUST01522,Male,55,No,No,0.0,Two Year,Mailed Check,Fiber Optic,89.93,0.0,No,Yes,Yes
CUST01523,Male,20,No,No,5.3,Month-to-Month,Credit Card,Fiber Optic,84.24,5244.51,Yes,Yes,No
CUST01524,Male,47,Yes,No,3.7,One Year,Bank Transfer,Fiber Optic,90.82,4001.53,No,Yes,Yes
CUST01525,Male,18,Yes,No,3.3,Month-to-Month,Credit Card,DSL,53.9,2164.16,No,No,Yes
CUST01526,Male,47,No,No,0.2,One Year,Mailed Check,No,15.0,5.1,No,Yes,Yes
CUST01527,Male,62,Yes,No,1.3,Two Year,Mailed Check,No,16.31,239.68,No,No,No
CUST01528,Male,49,No,No,8.2,One Year,Mailed Check,DSL,54.82,5554.24,Yes,No,No
CUST01529,Female,45,No,No,6.0,Month-to-Month,Mailed Check,DSL,52.46,3896.21,Yes,No,No
CUST01530,Female,38,Yes,No,1.0,Month-to-Month,Bank Transfer,Fiber Optic,84.28,844.39,No,No,No
CUST01531,Female,63,No,Yes,0.5,Two Year,Mailed Check,Fiber Optic,82.28,800.72,No,Yes,No
CUST01532,Female,30,No,Yes,1.8,Month-to-Month,Mailed Check,DSL,46.03,954.6,Yes,Yes,No
CUST01533,Female,44,Yes,Yes,1.3,Month-to-Month,Bank Transfer,DSL,43.94,714.93,No,No,Yes
CUST01534,Male,53,No,No,3.4,One Year,Credit Card,Fiber Optic,78.23,3198.45,No,No,No
CUST01535,Male,24,Yes,Yes,10.2,Month-to-Month,Bank Transfer,Fiber Optic,91.03,11309.86,Yes,Yes,No
CUST01536,Female,39,Yes,Yes,1.4,Month-to-Month,Mailed Check,DSL,48.46,703.35,No,Yes,No
CUST01537,Male,27,Yes,Yes,0.2,Two Year,Electronic Check,No,38.34,51.59,Yes,No,Yes
CUST01538,Female,56,No,No,6.8,Month-to-Month,Bank Transfer,Fiber Optic,76.71,6118.65,Yes,Yes,No
CUST01539,Female,70,No,No,0.1,Month-to-Month,Bank Transfer,Fiber Optic,94.48,0.0,No,No,No
CUST01540,Male,32,No,No,9.2,One Year,Credit Card,Fiber Optic,80.88,8808.47,Yes,Yes,No
CUST01541,Male,32,Yes,Yes,3.3,Two Year,Mailed Check,DSL,52.54,1992.59,Yes,No,No
CUST01542,Male,21,No,Yes,8.5,Month-to-Month,Electronic Check,Fiber Optic,82.61,8531.67,No,No,No
CUST01543,Female,49,Yes,No,0.7,One Year,Bank Transfer,DSL,59.66,454.9,No,No,Yes
CUST01544,Male,40,No,No,0.1,One Year,Bank Transfer,DSL,57.02,39.48,No,Yes,Yes
CUST01545,Female,72,Yes,Yes,2.0,Month-to-Month,Bank Transfer,DSL,56.11,1140.77,Yes,No,No
CUST01546,Female,23,Yes,Yes,1.8,Month-to-Month,Electronic Check,DSL,54.35,1281.45,Yes,No,Yes
CUST01547,Female,41,Yes,No,1.2,Month-to-Month,Bank Transfer,Fiber Optic,80.44,882.88,No,No,No
CUST01548,Male,37,No,No,9.5,One Year,Bank Transfer,Fiber Optic,93.78,10708.28,Yes,Yes,No
CUST01549,Male,54,Yes,Yes,5.2,Two Year,Electronic Check,DSL,55.69,3622.89,No,Yes,No
CUST01550,Female,37,No,Yes,3.3,Month-to-Month,Bank Transfer,DSL,59.59,2543.13,No,Yes,Yes
CUST01551,Male,29,Yes,No,0.5,Two Year,Electronic Check,Fiber Optic,86.6,279.99,No,Yes,Yes
CUST01552,Male,50,Yes,No,4.0,One Year,Credit Card,DSL,51.63,2459.62,Yes,No,No
CUST01553,Male,45,Yes,No,3.9,Month-to-Month,Electronic Check,DSL,74.16,3585.05,Yes,Yes,No
CUST01554,Female,25,No,No,1.7,One Year,Credit Card,Fiber Optic,94.84,1857.93,No,No,Yes
CUST01555,Female,18,No,No,7.8,Month-to-Month,Electronic Check,No,25.68,2459.08,No,Yes,No
CUST01556,Male,54,Yes,No,0.5,Two Year,Mailed Check,No,46.42,89.34,No,Yes,No
CUST01557,Female,39,Yes,No,0.9,One Year,Bank Transfer,Fiber Optic,92.42,1026.24,No,No,No
CUST01558,Male,23,Yes,No,0.2,One Year,Credit Card,DSL,46.26,152.54,No,No,No
CUST01559,Male,38,No,Yes,4.8,One Year,Bank Transfer,Fiber Optic,92.06,5091.46,Yes,No,Yes
CUST01560,Male,49,Yes,No,2.9,One Year,Bank Transfer,DSL,58.33,2123.28,Yes,No,No
CUST01561,Male,52,No,No,1.1,Two Year,Electronic Check,DSL,56.32,628.08,Yes,No,No
CUST01562,Female,32,No,Yes,0.5,One Year,Mailed Check,Fiber Optic,93.12,861.06,No,No,Yes
CUST01563,Female,22,Yes,No,0.1,Two Year,Electronic Check,Fiber Optic,87.73,48.62,No,No,No
CUST01564,Female,73,No,No,0.5,One Year,Bank Transfer,DSL,38.92,221.11,No,No,No
CUST01565,Male,63,No,No,1.8,Month-to-Month,Electronic Check,DSL,44.17,862.81,No,Yes,Yes
CUST01566,Male,67,No,No,0.9,Two Year,Credit Card,Fiber Optic,78.16,789.36,No,No,Yes
CUST01567,Male,65,Yes,No,0.9,One Year,Mailed Check,No,45.96,431.43,No,No,Yes
CUST01568,Female,23,Yes,Yes,6.3,One Year,Bank Transfer,Fiber Optic,90.21,6874.62,No,Yes,No
CUST01569,Male,42,Yes,No,2.2,Two Year,Electronic Check,Fiber Optic,89.33,2404.5,Yes,Yes,Yes
CUST01570,Female,73,Yes,No,3.9,Month-to-Month,Credit Card,No,30.86,1438.93,Yes,No,No
CUST01571,Female,63,Yes,Yes,0.1,Month-to-Month,Mailed Check,Fiber Optic,77.63,119.53,No,Yes,No
CUST01572,Female,73,Yes,Yes,1.4,Month-to-Month,Electronic Check,Fiber Optic,73.37,1072.11,No,No,No
CUST01573,Female,57,No,No,2.0,One Year,Electronic Check,DSL,62.97,1381.1,No,Yes,No
CUST01574,Female,46,Yes,Yes,0.6,Two Year,Bank Transfer,DSL,68.31,656.5,No,Yes,No
CUST01575,Female,24,Yes,No,0.4,Two Year,Credit Card,Fiber Optic,90.42,299.16,No,Yes,Yes
CUST01576,Male,57,Yes,Yes,6.1,Month-to-Month,Mailed Check,DSL,51.07,3768.94,No,Yes,Yes
CUST01577,Male,30,No,Yes,8.4,One Year,Electronic Check,DSL,51.73,4975.93,No,No,No
CUST01578,Female,55,No,No,0.2,Two Year,Mailed Check,Fiber Optic,90.55,294.4,No,No,Yes
CUST01579,Female,35,No,Yes,1.3,One Year,Credit Card,DSL,54.07,969.15,Yes,Yes,No
CUST01580,Male,19,Yes,No,9.5,Month-to-Month,Bank Transfer,No,28.74,3283.46,Yes,Yes,No
CUST01581,Female,25,No,No,0.3,One Year,Bank Transfer,DSL,50.69,199.73,No,Yes,No
CUST01582,Female,28,Yes,Yes,3.1,Two Year,Bank Transfer,Fiber Optic,79.69,3214.54,No,No,Yes
CUST01583,Male,50,Yes,Yes,10.8,Two Year,Mailed Check,Fiber Optic,84.04,10938.97,No,Yes,Yes
CUST01584,Female,71,Yes,No,11.5,One Year,Mailed Check,Fiber Optic,72.33,9882.58,No,Yes,No
CUST01585,Female,55,Yes,Yes,1.9,Two Year,Electronic Check,Fiber Optic,89.95,1972.0,No,Yes,Yes
CUST01586,Female,65,Yes,No,0.5,Month-to-Month,Credit Card,Fiber Optic,70.06,335.2,No,No,Yes
CUST01587,Male,44,No,No,0.7,Month-to-Month,Credit Card,No,38.52,398.7,No,Yes,No
CUST01588,Male,37,No,Yes,6.6,Two Year,Credit Card,No,25.78,2108.11,Yes,Yes,No
CUST01589,Male,29,Yes,No,7.3,Month-to-Month,Mailed Check,Fiber Optic,84.05,7542.06,Yes,No,No
CUST01590,Female,60,No,Yes,2.8,Month-to-Month,Bank Transfer,Fiber Optic,89.46,2875.66,No,No,Yes
CUST01591,Female,48,Yes,Yes,4.4,Month-to-Month,Credit Card,DSL,52.7,2790.0,Yes,No,Yes
CUST01592,Male,44,Yes,Yes,4.0,One Year,Electronic Check,No,24.09,1190.22,Yes,Yes,No
CUST01593,Female,49,No,No,3.3,One Year,Mailed Check,No,32.29,1203.34,No,Yes,No
CUST01594,Female,27,No,No,5.3,Month-to-Month,Bank Transfer,Fiber Optic,102.59,6711.01,Yes,No,Yes
CUST01595,Female,20,Yes,No,3.5,Two Year,Credit Card,Fiber Optic,91.3,3990.17,No,Yes,No
CUST01596,Female,62,Yes,No,2.3,Two Year,Bank Transfer,Fiber Optic,78.94,2273.39,Yes,Yes,No
CUST01597,Female,44,No,Yes,0.8,Month-to-Month,Electronic Check,DSL,52.18,586.7,No,Yes,Yes
CUST01598,Male,52,No,No,4.1,Month-to-Month,Credit Card,No,26.18,1283.82,Yes,No,Yes
CUST01599,Female,48,No,No,1.9,One Year,Credit Card,Fiber Optic,76.75,1621.56,No,No,Yes
CUST01600,Male,32,Yes,No,1.0,One Year,Bank Transfer,Fiber Optic,89.8,1287.78,No,No,Yes
CUST01601,Female,33,Yes,Yes,4.9,Month-to-Month,Mailed Check,Fiber Optic,82.39,4852.17,No,Yes,No
CUST01602,Male,30,Yes,Yes,3.6,Month-to-Month,Bank Transfer,No,32.54,1371.85,No,No,No
CUST01603,Female,66,Yes,No,8.3,Month-to-Month,Electronic Check,Fiber Optic,64.08,6398.97,Yes,Yes,Yes
CUST01604,Male,52,No,No,0.5,Month-to-Month,Bank Transfer,DSL,60.52,377.81,No,Yes,No
CUST01605,Female,69,Yes,No,3.1,Month-to-Month,Bank Transfer,Fiber Optic,80.26,2911.47,No,No,No
CUST01606,Male,28,Yes,No,0.8,One Year,Credit Card,No,21.96,234.69,No,Yes,No
CUST01607,Female,38,No,No,7.0,One Year,Mailed Check,Fiber Optic,74.3,6525.81,No,Yes,No
CUST01608,Male,68,No,No,0.3,One Year,Mailed Check,No,22.64,25.21,Yes,No,No
CUST01609,Female,71,Yes,No,3.2,Month-to-Month,Mailed Check,No,26.58,955.75,Yes,Yes,No
CUST01610,Male,28,No,No,4.7,One Year,Mailed Check,Fiber Optic,92.11,5422.52,Yes,No,Yes
CUST01611,Male,47,No,No,1.3,Month-to-Month,Bank Transfer,DSL,51.45,883.75,No,No,No
CUST01612,Female,65,No,No,9.2,Month-to-Month,Credit Card,DSL,62.86,7150.0,No,No,No
CUST01613,Female,70,Yes,Yes,5.7,One Year,Credit Card,Fiber Optic,87.34,6304.05,Yes,No,No
CUST01614,Male,52,No,No,1.0,One Year,Mailed Check,Fiber Optic,99.55,1348.82,Yes,No,No
CUST01615,Female,39,No,No,0.0,Month-to-Month,Bank Transfer,Fiber Optic,80.99,0.0,Yes,Yes,Yes
CUST01616,Male,55,Yes,No,1.1,One Year,Mailed Check,Fiber Optic,88.31,1228.51,Yes,Yes,Yes
CUST01617,Male,48,Yes,Yes,1.0,Two Year,Mailed Check,DSL,64.99,734.69,No,No,No
CUST01618,Male,31,No,Yes,6.6,One Year,Credit Card,Fiber Optic,90.04,7221.76,No,Yes,Yes
CUST01619,Female,41,Yes,No,10.2,One Year,Credit Card,Fiber Optic,83.64,10115.11,No,No,No
CUST01620,Male,67,No,Yes,0.2,Two Year,Mailed Check,DSL,51.1,179.03,No,Yes,No
CUST01621,Male,66,Yes,No,1.9,One Year,Bank Transfer,Fiber Optic,69.45,1685.57,No,Yes,Yes
CUST01622,Female,49,Yes,No,2.4,One Year,Mailed Check,No,28.08,825.6,No,Yes,No
CUST01623,Female,53,Yes,No,0.3,Month-to-Month,Credit Card,Fiber Optic,77.62,347.43,No,Yes,No
CUST01624,Female,49,No,Yes,1.4,Month-to-Month,Credit Card,DSL,50.67,927.22,No,No,No
CUST01625,Female,72,Yes,No,1.1,One Year,Bank Transfer,Fiber Optic,85.41,1001.72,Yes,No,No
CUST01626,Male,32,No,No,2.3,One Year,Mailed Check,DSL,42.51,1200.97,Yes,Yes,No
CUST01627,Male,60,No,No,3.2,Month-to-Month,Mailed Check,Fiber Optic,77.06,2949.7,No,No,Yes
CUST01628,Male,52,No,No,3.6,Two Year,Electronic Check,DSL,58.1,2642.28,No,No,No
CUST01629,Male,20,No,Yes,0.4,Month-to-Month,Mailed Check,No,19.88,127.56,No,No,No
CUST01630,Female,33,No,Yes,5.0,One Year,Bank Transfer,DSL,54.64,3218.01,No,No,No
CUST01631,Male,22,Yes,Yes,3.4,Month-to-Month,Credit Card,Fiber Optic,73.79,3117.27,Yes,Yes,No
CUST01632,Male,38,No,No,6.6,Month-to-Month,Electronic Check,DSL,59.21,4855.53,No,Yes,Yes
CUST01633,Female,27,No,Yes,1.8,Two Year,Bank Transfer,No,35.26,791.45,No,No,No
CUST01634,Male,36,Yes,No,6.7,Month-to-Month,Bank Transfer,Fiber Optic,94.88,7570.24,No,No,No
CUST01635,Male,42,Yes,No,6.0,Month-to-Month,Electronic Check,No,39.96,2792.12,No,No,No
CUST01636,Male,21,No,Yes,1.7,Month-to-Month,Mailed Check,Fiber Optic,87.19,1435.87,No,No,Yes
CUST01637,Male,46,Yes,Yes,1.4,Month-to-Month,Electronic Check,Fiber Optic,70.91,1349.88,Yes,No,Yes
CUST01638,Male,36,No,No,8.1,One Year,Bank Transfer,No,30.02,2836.58,Yes,No,No
CUST01639,Male,60,Yes,No,3.8,Two Year,Mailed Check,DSL,58.66,2555.95,No,No,Yes
CUST01640,Female,19,Yes,Yes,7.9,Month-to-Month,Credit Card,Fiber Optic,85.97,8167.62,No,Yes,Yes
CUST01641,Female,27,No,Yes,4.8,One Year,Electronic Check,DSL,68.3,3977.01,Yes,Yes,No
CUST01642,Male,60,Yes,No,2.8,One Year,Bank Transfer,Fiber Optic,95.38,3485.51,No,No,No
CUST01643,Male,42,Yes,Yes,0.4,Two Year,Mailed Check,No,30.21,167.29,No,Yes,No
CUST01644,Female,37,No,No,1.0,Two Year,Bank Transfer,No,35.97,412.3,Yes,Yes,No
CUST01645,Male,65,Yes,Yes,10.4,One Year,Mailed Check,DSL,43.27,5376.85,Yes,No,No
CUST01646,Male,36,No,No,1.2,Month-to-Month,Mailed Check,Fiber Optic,86.51,983.46,No,Yes,Yes
CUST01647,Male,40,No,No,0.3,Month-to-Month,Electronic Check,Fiber Optic,74.89,485.45,Yes,No,Yes
CUST01648,Female,41,No,No,3.7,Month-to-Month,Credit Card,DSL,53.57,2473.4,Yes,No,No
CUST01649,Male,28,Yes,No,4.0,One Year,Mailed Check,DSL,49.57,2406.79,Yes,Yes,No
CUST01650,Female,63,Yes,No,1.0,One Year,Bank Transfer,Fiber Optic,79.79,1186.14,Yes,Yes,Yes
CUST01651,Male,51,No,Yes,1.1,One Year,Mailed Check,No,23.5,360.74,No,No,Yes
CUST01652,Female,72,No,Yes,1.9,One Year,Credit Card,Fiber Optic,81.8,1953.28,No,Yes,Yes
CUST01653,Female,45,No,No,0.1,Month-to-Month,Bank Transfer,Fiber Optic,80.43,91.14,No,Yes,Yes
CUST01654,Male,22,No,No,4.7,One Year,Mailed Check,Fiber Optic,90.07,5086.57,No,No,Yes
CUST01655,Female,22,Yes,No,1.1,Month-to-Month,Mailed Check,Fiber Optic,82.88,849.01,No,No,No
CUST01656,Male,68,Yes,No,5.8,Month-to-Month,Electronic Check,No,29.64,2126.23,No,Yes,No
CUST01657,Female,38,Yes,No,4.9,Month-to-Month,Credit Card,Fiber Optic,87.33,5100.61,No,No,No
CUST01658,Male,29,Yes,No,3.2,Two Year,Mailed Check,DSL,57.3,2322.59,No,No,No
CUST01659,Male,67,Yes,No,1.2,Month-to-Month,Credit Card,Fiber Optic,76.45,1213.0,No,Yes,Yes
CUST01660,Female,21,No,No,2.2,Two Year,Mailed Check,No,27.89,741.84,No,No,No
CUST01661,Male,71,Yes,No,1.8,Month-to-Month,Bank Transfer,Fiber Optic,86.9,2023.18,Yes,Yes,Yes
CUST01662,Male,66,Yes,No,1.2,Month-to-Month,Credit Card,Fiber Optic,77.95,1000.97,Yes,Yes,Yes
CUST01663,Female,59,Yes,No,5.7,Two Year,Bank Transfer,DSL,47.05,3079.46,No,No,No
CUST01664,Male,37,No,Yes,2.0,One Year,Credit Card,DSL,45.61,1080.92,Yes,No,No
CUST01665,Male,55,No,No,5.4,Month-to-Month,Bank Transfer,No,31.62,2076.44,Yes,Yes,No
CUST01666,Female,42,No,Yes,0.3,Month-to-Month,Mailed Check,DSL,52.65,280.04,No,No,Yes
CUST01667,Female,31,No,No,0.5,Two Year,Bank Transfer,DSL,53.79,332.73,No,Yes,Yes
CUST01668,Male,28,Yes,Yes,11.4,Month-to-Month,Bank Transfer,Fiber Optic,70.76,9552.23,No,Yes,No
CUST01669,Male,49,No,Yes,2.7,One Year,Mailed Check,No,30.57,1070.12,No,Yes,No
CUST01670,Female,28,Yes,No,2.1,Month-to-Month,Credit Card,DSL,55.96,1370.26,No,Yes,No
CUST01671,Female,35,Yes,No,2.2,Month-to-Month,Bank Transfer,No,32.11,872.51,Yes,Yes,No
CUST01672,Male,44,No,No,0.7,Month-to-Month,Electronic Check,DSL,66.54,626.01,No,No,No
CUST01673,Female,72,No,No,3.8,One Year,Electronic Check,No,23.92,1094.17,No,Yes,No
CUST01674,Male,71,Yes,No,0.3,One Year,Bank Transfer,No,33.9,0.0,No,Yes,Yes
CUST01675,Male,35,Yes,Yes,2.6,Month-to-Month,Bank Transfer,DSL,57.68,1721.98,No,No,No
CUST01676,Male,73,No,No,2.5,One Year,Bank Transfer,DSL,58.64,1813.99,No,Yes,No
CUST01677,Male,40,Yes,No,7.4,Two Year,Credit Card,DSL,52.52,4828.76,No,No,No
CUST01678,Male,28,Yes,No,2.2,Two Year,Mailed Check,Fiber Optic,91.11,2528.85,No,Yes,Yes
CUST01679,Female,38,Yes,No,0.4,Month-to-Month,Electronic Check,DSL,49.17,283.82,No,Yes,No
CUST01680,Female,61,Yes,No,2.6,Month-to-Month,Electronic Check,DSL,51.24,1394.95,Yes,No,No
CUST01681,Female,22,No,No,0.3,Two Year,Credit Card,DSL,53.52,305.79,No,Yes,No
CUST01682,Female,40,Yes,No,0.7,Month-to-Month,Bank Transfer,Fiber Optic,83.16,852.23,No,Yes,No
CUST01683,Male,58,Yes,No,0.1,Month-to-Month,Bank Transfer,DSL,57.99,135.66,No,Yes,Yes
CUST01684,Male,42,No,No,2.2,Two Year,Mailed Check,No,32.08,864.29,No,Yes,No
CUST01685,Male,58,No,No,0.3,Month-to-Month,Mailed Check,No,32.15,148.25,Yes,No,No
CUST01686,Male,71,Yes,Yes,1.9,Month-to-Month,Electronic Check,Fiber Optic,95.57,2413.82,No,Yes,Yes
CUST01687,Female,27,Yes,No,8.1,Month-to-Month,Mailed Check,Fiber Optic,83.34,8091.52,No,No,Yes
CUST01688,Male,39,Yes,No,3.8,Two Year,Electronic Check,Fiber Optic,93.45,4331.73,No,No,Yes
CUST01689,Male,36,No,Yes,0.2,Month-to-Month,Credit Card,Fiber Optic,76.48,136.66,Yes,Yes,Yes
CUST01690,Female,18,No,No,0.8,Two Year,Bank Transfer,Fiber Optic,83.97,808.79,Yes,No,No
CUST01691,Female,24,No,No,3.4,One Year,Bank Transfer,Fiber Optic,84.46,3465.47,No,No,No
CUST01692,Female,21,No,No,6.8,Month-to-Month,Electronic Check,Fiber Optic,74.53,6173.34,No,No,No
CUST01693,Female,18,No,No,0.1,Month-to-Month,Bank Transfer,Fiber Optic,85.36,17.52,No,Yes,Yes
CUST01694,Male,32,No,No,5.0,Month-to-Month,Credit Card,DSL,55.93,3342.24,No,Yes,No
CUST01695,Male,57,No,Yes,2.5,One Year,Mailed Check,DSL,59.78,1833.0,No,Yes,No
CUST01696,Female,29,Yes,No,2.4,Month-to-Month,Credit Card,DSL,58.86,1679.9,Yes,Yes,No
CUST01697,Male,39,No,No,9.5,Two Year,Bank Transfer,Fiber Optic,74.78,8548.33,No,Yes,No
CUST01698,Male,39,Yes,No,4.1,Month-to-Month,Credit Card,Fiber Optic,94.57,4427.57,Yes,No,Yes
CUST01699,Male,67,Yes,Yes,5.7,Month-to-Month,Bank Transfer,Fiber Optic,81.3,5650.45,No,Yes,Yes
CUST01700,Female,64,No,Yes,1.3,Month-to-Month,Electronic Check,Fiber Optic,80.16,1152.92,No,No,Yes
CUST01701,Male,34,Yes,No,2.4,One Year,Mailed Check,No,33.92,883.35,No,Yes,No
CUST01702,Female,46,No,No,2.9,Month-to-Month,Mailed Check,DSL,61.81,2186.68,No,No,No
CUST01703,Male,63,No,No,1.2,Month-to-Month,Bank Transfer,Fiber Optic,81.22,1224.45,No,No,Yes
CUST01704,Male,31,Yes,No,2.5,Two Year,Bank Transfer,Fiber Optic,84.65,2613.05,No,Yes,No
CUST01705,Male,67,No,No,0.8,One Year,Mailed Check,Fiber Optic,92.29,969.07,Yes,No,No
CUST01706,Female,37,Yes,No,0.5,One Year,Credit Card,Fiber Optic,77.55,530.92,No,Yes,Yes
CUST01707,Male,67,Yes,No,1.4,One Year,Credit Card,No,15.0,296.05,Yes,No,No
CUST01708,Female,65,No,Yes,4.0,One Year,Credit Card,DSL,59.3,2945.58,No,No,No
CUST01709,Female,50,No,No,7.4,Month-to-Month,Mailed Check,No,37.32,3384.08,Yes,Yes,No
CUST01710,Female,72,No,No,1.8,Month-to-Month,Electronic Check,No,17.25,392.26,Yes,No,No
CUST01711,Male,60,Yes,No,3.1,Two Year,Bank Transfer,Fiber Optic,84.84,3302.89,No,Yes,No
CUST01712,Male,32,No,No,0.3,Month-to-Month,Bank Transfer,Fiber Optic,81.02,222.03,Yes,Yes,Yes
CUST01713,Male,29,Yes,No,7.0,One Year,Mailed Check,Fiber Optic,86.03,7338.04,Yes,Yes,No
CUST01714,Male,57,No,No,2.5,Month-to-Month,Electronic Check,Fiber Optic,68.45,2212.73,No,Yes,Yes
CUST01715,Female,71,Yes,No,4.5,Month-to-Month,Mailed Check,No,19.86,1064.17,No,No,No
CUST01716,Female,37,No,No,4.7,Month-to-Month,Credit Card,DSL,58.59,3465.58,Yes,Yes,Yes
CUST01717,Female,47,Yes,No,0.9,Month-to-Month,Credit Card,DSL,53.93,546.24,No,No,No
CUST01718,Male,55,Yes,No,2.3,One Year,Bank Transfer,DSL,67.04,1913.74,No,Yes,No
CUST01719,Female,20,No,No,9.7,Month-to-Month,Bank Transfer,Fiber Optic,89.71,10260.39,No,No,No
CUST01720,Male,45,No,No,0.3,Month-to-Month,Bank Transfer,DSL,47.3,246.14,No,Yes,Yes
CUST01721,Female,73,No,No,3.4,Two Year,Bank Transfer,No,35.76,1546.42,Yes,Yes,No
CUST01722,Male,43,No,Yes,9.8,Month-to-Month,Credit Card,Fiber Optic,98.67,11598.3,No,No,No
CUST01723,Male,47,No,No,1.1,Two Year,Credit Card,No,29.42,310.04,Yes,No,No
CUST01724,Female,30,No,No,5.9,Two Year,Electronic Check,DSL,58.22,4126.43,Yes,No,No
CUST01725,Female,30,Yes,No,8.1,Two Year,Bank Transfer,DSL,61.6,5878.79,No,Yes,No
CUST01726,Female,19,No,Yes,4.1,Two Year,Mailed Check,DSL,53.67,2650.22,No,Yes,No
CUST01727,Female,54,Yes,No,0.8,Month-to-Month,Electronic Check,DSL,38.08,429.2,No,Yes,No
CUST01728,Male,66,No,Yes,1.2,Two Year,Electronic Check,Fiber Optic,89.45,1372.54,No,Yes,Yes
CUST01729,Female,55,No,No,0.1,Two Year,Credit Card,No,36.4,0.0,No,Yes,No
CUST01730,Female,19,No,No,5.3,Two Year,Bank Transfer,Fiber Optic,96.71,6087.53,Yes,Yes,No
CUST01731,Female,53,No,No,5.7,Month-to-Month,Electronic Check,Fiber Optic,76.2,5243.38,Yes,No,No
CUST01732,Male,71,No,Yes,3.0,Two Year,Bank Transfer,Fiber Optic,76.57,2968.59,No,No,Yes
CUST01733,Male,43,No,Yes,1.3,One Year,Credit Card,DSL,49.49,757.38,Yes,No,No
CUST01734,Female,28,Yes,Yes,0.2,One Year,Electronic Check,Fiber Optic,83.66,284.07,No,Yes,Yes
CUST01735,Male,25,No,Yes,4.2,Month-to-Month,Electronic Check,DSL,59.31,3009.97,No,No,No
CUST01736,Female,61,Yes,No,3.9,Month-to-Month,Mailed Check,No,21.03,959.57,No,Yes,No
CUST01737,Male,57,No,No,7.3,Two Year,Credit Card,Fiber Optic,92.59,8027.2,No,Yes,No
CUST01738,Male,60,Yes,No,3.9,Month-to-Month,Mailed Check,Fiber Optic,92.19,4279.25,No,No,Yes
CUST01739,Male,39,Yes,No,5.3,Month-to-Month,Credit Card,Fiber Optic,92.42,6112.97,No,No,Yes
CUST01740,Male,37,Yes,Yes,4.1,Two Year,Mailed Check,DSL,52.52,2502.19,Yes,No,No
CUST01741,Female,25,Yes,Yes,3.0,Month-to-Month,Credit Card,Fiber Optic,67.12,2392.17,Yes,Yes,No
CUST01742,Female,46,No,Yes,1.7,Month-to-Month,Credit Card,No,42.81,822.0,No,No,No
CUST01743,Female,57,Yes,No,7.0,Month-to-Month,Electronic Check,No,25.26,2187.51,Yes,Yes,Yes
CUST01744,Male,43,No,No,3.2,Month-to-Month,Mailed Check,DSL,60.74,2379.06,No,No,No
CUST01745,Female,47,Yes,Yes,1.5,Month-to-Month,Mailed Check,DSL,55.97,1160.96,Yes,Yes,Yes
CUST01746,Female,34,No,Yes,0.3,Month-to-Month,Mailed Check,Fiber Optic,94.03,0.0,Yes,Yes,Yes
CUST01747,Female,37,No,No,1.0,Month-to-Month,Electronic Check,No,29.59,409.98,Yes,Yes,Yes
CUST01748,Male,69,No,No,2.4,One Year,Bank Transfer,No,30.55,824.86,No,Yes,No
CUST01749,Male,72,No,No,1.0,Two Year,Credit Card,Fiber Optic,86.44,935.32,Yes,Yes,No
CUST01750,Male,33,Yes,No,0.8,Month-to-Month,Mailed Check,Fiber Optic,88.34,814.6,Yes,No,Yes
CUST01751,Female,63,No,Yes,2.2,Month-to-Month,Credit Card,No,20.12,530.35,Yes,Yes,Yes
CUST01752,Female,60,Yes,No,0.6,Month-to-Month,Electronic Check,DSL,70.01,501.68,Yes,No,No
CUST01753,Female,24,No,No,4.8,Two Year,Credit Card,No,29.43,1653.6,No,No,No
CUST01754,Male,33,No,No,2.0,Two Year,Electronic Check,DSL,59.6,1417.92,No,No,Yes
CUST01755,Male,62,Yes,No,2.6,Month-to-Month,Bank Transfer,DSL,67.13,2081.58,Yes,Yes,No
CUST01756,Female,64,No,No,0.5,Month-to-Month,Mailed Check,DSL,54.94,148.04,Yes,No,No
CUST01757,Male,73,No,Yes,1.2,One Year,Electronic Check,Fiber Optic,77.03,1162.3,No,Yes,No
CUST01758,Male,65,Yes,No,1.6,One Year,Credit Card,No,21.78,418.72,No,Yes,No
CUST01759,Male,44,Yes,Yes,5.0,Month-to-Month,Electronic Check,Fiber Optic,81.4,4915.42,No,No,Yes
CUST01760,Male,70,Yes,Yes,4.4,One Year,Electronic Check,DSL,57.67,2987.44,Yes,Yes,No
CUST01761,Female,40,No,No,0.8,One Year,Bank Transfer,DSL,58.5,564.6,No,No,Yes
CUST01762,Male,41,No,Yes,2.9,Two Year,Mailed Check,Fiber Optic,94.04,2864.65,No,Yes,No
CUST01763,Male,26,Yes,No,0.8,Month-to-Month,Electronic Check,Fiber Optic,72.71,619.63,No,Yes,Yes
CUST01764,Male,52,Yes,No,13.3,Two Year,Electronic Check,Fiber Optic,86.77,13771.19,Yes,Yes,No
CUST01765,Male,68,No,Yes,9.1,Month-to-Month,Credit Card,DSL,59.93,6537.85,No,No,Yes
CUST01766,Female,37,No,No,2.5,One Year,Electronic Check,Fiber Optic,89.63,2683.39,Yes,No,No
CUST01767,Female,54,Yes,No,3.6,One Year,Electronic Check,No,15.0,676.62,Yes,Yes,No
CUST01768,Male,59,Yes,No,4.8,Month-to-Month,Mailed Check,Fiber Optic,82.02,4542.17,No,Yes,Yes
CUST01769,Male,34,No,No,3.8,One Year,Mailed Check,Fiber Optic,91.51,4304.76,Yes,Yes,No
CUST01770,Male,64,Yes,No,3.6,Month-to-Month,Credit Card,No,23.5,1109.38,No,No,Yes
CUST01771,Male,48,Yes,No,9.6,Month-to-Month,Electronic Check,Fiber Optic,75.51,8625.02,No,No,No
CUST01772,Male,72,No,No,2.7,Month-to-Month,Electronic Check,Fiber Optic,89.51,3031.38,No,No,Yes
CUST01773,Male,74,No,No,3.0,Month-to-Month,Electronic Check,Fiber Optic,87.39,3396.64,No,No,Yes
CUST01774,Female,25,Yes,No,5.7,Month-to-Month,Bank Transfer,DSL,56.84,4047.98,Yes,No,Yes
CUST01775,Male,32,Yes,No,3.3,Two Year,Bank Transfer,Fiber Optic,79.83,3114.73,Yes,Yes,No
CUST01776,Female,48,Yes,Yes,4.0,Month-to-Month,Credit Card,No,19.48,977.34,No,Yes,No
CUST01777,Female,70,Yes,No,0.8,Month-to-Month,Bank Transfer,DSL,62.6,708.56,No,No,Yes
CUST01778,Male,47,No,No,1.4,Month-to-Month,Credit Card,No,56.7,1089.28,No,Yes,No
CUST01779,Female,63,Yes,No,0.5,Month-to-Month,Electronic Check,Fiber Optic,72.04,531.67,No,No,No
CUST01780,Female,37,No,No,2.1,Month-to-Month,Bank Transfer,Fiber Optic,93.16,2565.65,No,Yes,Yes
CUST01781,Female,56,No,Yes,1.8,Month-to-Month,Mailed Check,Fiber Optic,83.63,1768.53,Yes,Yes,No
CUST01782,Female,70,Yes,Yes,15.0,Month-to-Month,Bank Transfer,Fiber Optic,87.54,15676.37,No,Yes,No
CUST01783,Female,72,Yes,Yes,2.8,Month-to-Month,Electronic Check,No,29.52,863.23,No,No,No
CUST01784,Female,29,No,Yes,4.6,One Year,Mailed Check,Fiber Optic,102.56,5574.71,No,No,No
CUST01785,Male,66,No,No,1.2,One Year,Credit Card,No,23.58,324.98,No,Yes,No
CUST01786,Female,34,No,No,5.3,Month-to-Month,Electronic Check,Fiber Optic,80.19,4810.75,Yes,No,No
CUST01787,Female,59,Yes,No,2.9,Month-to-Month,Mailed Check,Fiber Optic,85.61,2986.87,No,Yes,Yes
CUST01788,Female,47,No,Yes,3.6,Two Year,Bank Transfer,No,34.54,1566.2,No,Yes,No
CUST01789,Male,46,No,No,1.0,Month-to-Month,Credit Card,DSL,65.68,668.26,Yes,Yes,No
CUST01790,Female,36,No,No,2.4,Two Year,Bank Transfer,Fiber Optic,88.93,2894.32,No,No,Yes
CUST01791,Male,63,Yes,No,3.0,Month-to-Month,Mailed Check,DSL,56.8,2087.1,Yes,Yes,No
CUST01792,Female,28,No,No,2.7,Month-to-Month,Mailed Check,No,26.47,902.19,No,No,No
CUST01793,Male,51,No,Yes,7.4,One Year,Electronic Check,Fiber Optic,89.1,7903.33,No,No,No
CUST01794,Male,67,Yes,No,6.9,Two Year,Credit Card,No,24.29,1968.11,No,Yes,No
CUST01795,Female,24,No,No,10.6,Month-to-Month,Credit Card,No,31.62,4055.93,No,Yes,No
CUST01796,Female,61,Yes,Yes,3.3,Month-to-Month,Mailed Check,DSL,53.26,2189.88,Yes,No,No
CUST01797,Male,51,Yes,Yes,10.7,Month-to-Month,Electronic Check,DSL,47.14,6036.54,Yes,No,No
CUST01798,Female,37,Yes,Yes,5.4,Two Year,Mailed Check,Fiber Optic,97.47,6365.8,No,Yes,Yes
CUST01799,Male,67,No,Yes,0.9,One Year,Mailed Check,Fiber Optic,77.16,832.39,No,Yes,Yes
CUST01800,Male,55,Yes,No,1.7,Month-to-Month,Credit Card,DSL,51.85,990.28,No,Yes,Yes
CUST01801,Male,41,Yes,No,0.8,Month-to-Month,Bank Transfer,DSL,42.32,434.06,No,Yes,Yes
CUST01802,Male,27,No,Yes,0.0,Month-to-Month,Bank Transfer,Fiber Optic,83.66,0.0,Yes,Yes,Yes
CUST01803,Male,49,Yes,No,0.6,Month-to-Month,Credit Card,DSL,58.47,510.3,No,Yes,Yes
CUST01804,Female,69,No,No,0.0,Month-to-Month,Electronic Check,No,22.75,105.48,No,No,No
CUST01805,Male,32,No,Yes,3.8,One Year,Credit Card,No,15.45,738.38,No,Yes,No
CUST01806,Male,54,No,Yes,1.7,Month-to-Month,Electronic Check,Fiber Optic,82.0,1642.44,No,No,No
CUST01807,Female,37,No,Yes,1.1,Month-to-Month,Credit Card,DSL,53.75,747.03,Yes,No,Yes
CUST01808,Male,20,No,No,4.3,One Year,Electronic Check,DSL,53.12,2861.32,No,Yes,No
CUST01809,Female,54,Yes,Yes,5.4,Month-to-Month,Mailed Check,Fiber Optic,97.68,6310.92,No,No,No
CUST01810,Female,74,No,No,11.1,Month-to-Month,Mailed Check,No,32.68,4389.4,No,Yes,No
CUST01811,Female,57,Yes,No,3.1,Month-to-Month,Electronic Check,DSL,57.05,2204.23,No,No,Yes
CUST01812,Male,25,No,No,1.9,Month-to-Month,Credit Card,DSL,57.64,1344.4,Yes,Yes,Yes
CUST01813,Male,57,Yes,Yes,1.1,Two Year,Mailed Check,DSL,57.59,782.07,No,Yes,No
CUST01814,Male,61,No,No,0.8,One Year,Credit Card,Fiber Optic,81.45,953.22,No,No,No
CUST01815,Female,73,No,No,0.7,Month-to-Month,Bank Transfer,Fiber Optic,77.52,919.76,No,Yes,Yes
CUST01816,Male,40,No,No,1.6,Month-to-Month,Mailed Check,DSL,74.77,1422.28,No,Yes,Yes
CUST01817,Female,57,Yes,No,14.4,Month-to-Month,Credit Card,Fiber Optic,83.83,14693.85,No,Yes,No
CUST01818,Male,28,Yes,No,0.0,One Year,Credit Card,Fiber Optic,85.17,0.0,No,Yes,Yes
CUST01819,Female,63,No,No,0.7,Month-to-Month,Bank Transfer,Fiber Optic,85.36,799.71,No,No,Yes
CUST01820,Male,25,No,No,0.6,Month-to-Month,Credit Card,Fiber Optic,78.94,223.99,Yes,Yes,Yes
CUST01821,Male,46,Yes,No,3.8,Month-to-Month,Electronic Check,No,31.43,1384.48,No,Yes,No
CUST01822,Male,47,No,Yes,1.3,Month-to-Month,Mailed Check,Fiber Optic,74.77,1011.5,Yes,Yes,No
CUST01823,Female,73,No,No,1.8,One Year,Electronic Check,Fiber Optic,90.73,2256.82,Yes,Yes,No
CUST01824,Female,27,Yes,No,0.5,Two Year,Bank Transfer,No,27.95,151.9,Yes,No,No
CUST01825,Male,56,No,No,1.6,Two Year,Electronic Check,No,39.03,745.51,Yes,Yes,Yes
CUST01826,Male,45,No,Yes,0.3,Month-to-Month,Credit Card,Fiber Optic,89.14,281.63,Yes,No,Yes
CUST01827,Female,66,Yes,No,2.3,One Year,Bank Transfer,DSL,58.15,1436.75,No,Yes,No
CUST01828,Female,53,Yes,No,0.3,One Year,Bank Transfer,No,23.65,98.71,Yes,Yes,No
CUST01829,Female,30,No,Yes,4.7,Two Year,Electronic Check,DSL,55.56,3142.14,No,No,No
CUST01830,Male,49,No,Yes,2.5,Month-to-Month,Bank Transfer,No,36.04,1022.8,Yes,No,No
CUST01831,Female,53,Yes,No,3.9,One Year,Electronic Check,DSL,55.93,2771.99,Yes,Yes,No
CUST01832,Male,54,No,No,1.6,Month-to-Month,Electronic Check,No,19.14,419.09,No,Yes,No
CUST01833,Female,43,No,No,1.4,One Year,Electronic Check,Fiber Optic,92.88,1326.81,No,Yes,No
CUST01834,Male,39,No,Yes,0.3,Month-to-Month,Bank Transfer,Fiber Optic,91.05,202.71,Yes,Yes,Yes
CUST01835,Female,21,Yes,No,2.2,One Year,Bank Transfer,Fiber Optic,72.99,1995.65,No,Yes,No
CUST01836,Female,48,No,No,2.2,Two Year,Mailed Check,No,31.01,789.74,Yes,No,No
CUST01837,Female,35,Yes,No,1.9,Month-to-Month,Electronic Check,DSL,61.52,1375.93,No,No,Yes
CUST01838,Female,55,Yes,No,4.0,Month-to-Month,Electronic Check,DSL,50.2,2307.59,Yes,No,No
CUST01839,Female,41,Yes,No,5.4,Month-to-Month,Electronic Check,DSL,44.4,2787.62,No,No,No
CUST01840,Male,73,No,No,4.2,Month-to-Month,Electronic Check,No,21.4,1056.41,No,No,Yes
CUST01841,Female,40,No,Yes,0.5,Month-to-Month,Electronic Check,Fiber Optic,84.13,526.8,No,No,Yes
CUST01842,Female,39,Yes,No,2.9,Month-to-Month,Electronic Check,Fiber Optic,92.44,3253.69,Yes,No,No
CUST01843,Female,19,No,No,0.3,Two Year,Electronic Check,Fiber Optic,76.3,150.05,Yes,Yes,Yes
CUST01844,Male,48,Yes,No,3.6,Month-to-Month,Mailed Check,No,21.36,873.75,No,Yes,No
CUST01845,Female,72,Yes,No,1.4,One Year,Mailed Check,Fiber Optic,82.57,1182.1,No,Yes,Yes
CUST01846,Male,28,No,No,0.4,Two Year,Credit Card,Fiber Optic,90.5,613.4,Yes,Yes,No
CUST01847,Female,45,No,Yes,5.9,Two Year,Electronic Check,Fiber Optic,99.03,7432.27,Yes,Yes,No
CUST01848,Female,63,Yes,Yes,2.9,One Year,Electronic Check,Fiber Optic,85.7,3056.21,No,Yes,Yes
CUST01849,Male,49,No,No,1.3,Month-to-Month,Mailed Check,DSL,49.6,519.14,Yes,Yes,Yes
CUST01850,Female,22,Yes,No,0.1,Two Year,Mailed Check,DSL,48.63,113.62,No,No,No
CUST01851,Male,55,Yes,No,2.3,Month-to-Month,Electronic Check,DSL,65.98,1977.41,No,No,No
CUST01852,Male,27,No,Yes,7.7,Two Year,Electronic Check,Fiber Optic,74.9,6823.24,No,No,No
CUST01853,Female,57,No,No,2.7,One Year,Mailed Check,Fiber Optic,86.55,2956.53,Yes,Yes,Yes
CUST01854,Male,63,Yes,Yes,10.7,One Year,Mailed Check,Fiber Optic,95.54,12472.25,No,No,No
CUST01855,Female,41,No,Yes,0.4,Month-to-Month,Credit Card,No,28.73,212.0,Yes,No,No
CUST01856,Female,52,No,No,2.5,One Year,Credit Card,DSL,46.35,1336.23,Yes,No,No
CUST01857,Male,61,Yes,No,4.8,Two Year,Electronic Check,Fiber Optic,89.23,5153.27,No,No,Yes
CUST01858,Male,65,No,No,2.2,Two Year,Mailed Check,Fiber Optic,85.83,2297.18,No,Yes,Yes
CUST01859,Male,40,No,Yes,0.3,Month-to-Month,Credit Card,DSL,58.76,366.51,Yes,Yes,No
CUST01860,Male,34,No,No,2.6,Two Year,Electronic Check,Fiber Optic,89.63,2723.0,Yes,No,Yes
CUST01861,Female,18,No,No,2.8,Month-to-Month,Credit Card,No,34.14,1211.49,No,Yes,No
CUST01862,Female,72,No,No,3.9,One Year,Credit Card,DSL,57.37,2716.11,No,Yes,No
CUST01863,Male,48,Yes,No,4.3,One Year,Credit Card,Fiber Optic,90.42,4839.05,No,Yes,No
CUST01864,Female,48,No,No,4.4,Month-to-Month,Bank Transfer,DSL,65.79,3573.61,No,Yes,No
CUST01865,Female,59,No,No,3.3,Month-to-Month,Electronic Check,DSL,48.73,1865.91,No,No,Yes
CUST01866,Female,74,Yes,No,0.7,One Year,Credit Card,Fiber Optic,82.87,740.75,No,Yes,No
CUST01867,Female,72,No,No,1.6,Month-to-Month,Electronic Check,No,36.35,647.72,No,Yes,Yes
CUST01868,Male,59,No,Yes,4.5,Month-to-Month,Electronic Check,Fiber Optic,84.42,4554.63,No,No,No
CUST01869,Male,70,No,No,9.2,One Year,Mailed Check,Fiber Optic,74.89,8529.74,Yes,Yes,No
CUST01870,Female,73,Yes,Yes,0.2,Two Year,Electronic Check,No,32.66,50.72,No,No,No
CUST01871,Male,51,Yes,Yes,2.3,One Year,Credit Card,DSL,51.07,1347.09,No,Yes,No
CUST01872,Male,26,No,Yes,1.1,Month-to-Month,Electronic Check,Fiber Optic,101.96,1308.23,Yes,No,Yes
CUST01873,Male,39,Yes,No,0.8,Month-to-Month,Mailed Check,Fiber Optic,92.95,1017.82,No,Yes,No
CUST01874,Female,30,No,No,2.1,One Year,Bank Transfer,No,39.28,1042.24,No,Yes,No
CUST01875,Female,42,Yes,No,2.8,One Year,Bank Transfer,Fiber Optic,85.33,2928.68,No,Yes,Yes
CUST01876,Female,65,Yes,No,0.0,One Year,Mailed Check,No,32.48,0.0,No,No,No
CUST01877,Male,35,Yes,Yes,4.5,Two Year,Credit Card,DSL,52.26,2796.13,No,Yes,No
CUST01878,Female,68,Yes,No,5.1,Month-to-Month,Credit Card,Fiber Optic,78.3,5012.09,No,Yes,No
CUST01879,Female,29,No,Yes,10.1,Month-to-Month,Credit Card,Fiber Optic,77.71,9182.17,Yes,No,No
CUST01880,Male,57,Yes,No,0.6,Two Year,Electronic Check,Fiber Optic,102.09,787.88,Yes,Yes,No
CUST01881,Female,34,Yes,No,2.7,Month-to-Month,Bank Transfer,Fiber Optic,88.17,2818.22,Yes,No,Yes
CUST01882,Female,32,Yes,Yes,1.7,One Year,Credit Card,DSL,44.42,947.74,No,No,Yes
CUST01883,Male,59,No,Yes,1.2,Two Year,Bank Transfer,DSL,62.69,919.71,Yes,Yes,Yes
CUST01884,Male,32,Yes,No,2.5,Two Year,Mailed Check,DSL,75.99,2051.42,Yes,Yes,No
CUST01885,Male,32,No,No,4.6,One Year,Bank Transfer,No,17.71,998.71,No,No,No
CUST01886,Female,72,No,No,0.1,Month-to-Month,Credit Card,No,34.8,0.0,No,Yes,Yes
CUST01887,Female,56,No,No,10.5,Two Year,Bank Transfer,DSL,46.02,5689.62,No,Yes,No
CUST01888,Female,30,No,No,5.0,One Year,Mailed Check,No,39.24,2358.62,No,No,No
CUST01889,Male,34,No,No,4.2,Month-to-Month,Bank Transfer,DSL,37.88,1878.23,No,Yes,No
CUST01890,Male,49,No,Yes,4.3,One Year,Electronic Check,Fiber Optic,85.63,4281.85,No,No,No
CUST01891,Female,26,Yes,Yes,1.5,Month-to-Month,Mailed Check,DSL,58.55,1008.39,No,Yes,Yes
CUST01892,Female,57,Yes,No,4.2,Two Year,Electronic Check,No,18.92,925.97,No,No,No
CUST01893,Male,37,Yes,No,1.5,Month-to-Month,Electronic Check,Fiber Optic,88.55,1867.88,No,Yes,No
CUST01894,Male,43,No,Yes,6.9,Two Year,Credit Card,Fiber Optic,81.28,6781.11,Yes,Yes,No
CUST01895,Male,44,No,Yes,0.6,Two Year,Credit Card,Fiber Optic,98.79,679.96,No,No,No
CUST01896,Male,38,No,Yes,1.0,Two Year,Mailed Check,DSL,43.61,589.5,No,Yes,No
CUST01897,Female,35,Yes,Yes,2.4,One Year,Credit Card,Fiber Optic,92.27,2622.48,No,Yes,Yes
CUST01898,Male,30,No,Yes,1.2,Two Year,Bank Transfer,Fiber Optic,84.2,1168.74,No,No,No
CUST01899,Female,33,Yes,No,1.7,Month-to-Month,Mailed Check,DSL,65.35,1455.1,No,No,No
CUST01900,Female,26,Yes,No,2.0,Month-to-Month,Credit Card,No,40.53,916.53,No,Yes,No
CUST01901,Female,29,Yes,No,5.8,Two Year,Credit Card,Fiber Optic,82.99,5606.17,Yes,Yes,No
CUST01902,Male,61,Yes,No,2.2,Month-to-Month,Bank Transfer,DSL,54.64,1514.25,No,No,No
CUST01903,Male,55,No,No,1.4,Month-to-Month,Electronic Check,DSL,62.27,1066.54,Yes,Yes,No
CUST01904,Male,36,Yes,No,0.9,Month-to-Month,Bank Transfer,DSL,59.18,657.38,No,No,No
CUST01905,Male,24,Yes,No,1.6,Month-to-Month,Electronic Check,DSL,54.06,1000.09,No,Yes,Yes
CUST01906,Female,74,No,No,2.2,One Year,Credit Card,Fiber Optic,78.33,2161.32,No,No,No
CUST01907,Male,52,No,No,4.1,One Year,Electronic Check,DSL,57.92,2691.06,No,Yes,No
CUST01908,Male,65,No,No,0.4,Month-to-Month,Electronic Check,Fiber Optic,76.11,70.47,Yes,Yes,Yes
CUST01909,Female,35,Yes,No,0.8,Two Year,Credit Card,Fiber Optic,90.19,794.16,No,Yes,Yes
CUST01910,Male,33,No,No,1.4,Month-to-Month,Mailed Check,DSL,63.88,1153.7,Yes,Yes,No
CUST01911,Female,72,No,No,1.3,One Year,Bank Transfer,No,23.39,423.11,No,Yes,Yes
CUST01912,Female,56,Yes,No,1.5,Month-to-Month,Credit Card,DSL,51.66,986.53,No,Yes,No
CUST01913,Female,21,No,Yes,4.7,One Year,Bank Transfer,Fiber Optic,79.96,4361.93,No,No,No
CUST01914,Female,42,Yes,No,1.2,Month-to-Month,Bank Transfer,Fiber Optic,93.43,1174.5,Yes,Yes,No
CUST01915,Female,49,Yes,No,2.1,Month-to-Month,Electronic Check,DSL,55.44,1531.24,No,No,Yes
CUST01916,Female,57,No,Yes,2.9,Two Year,Credit Card,DSL,52.07,1906.39,No,Yes,No
CUST01917,Female,30,No,No,0.8,Month-to-Month,Mailed Check,DSL,60.18,643.9,No,No,Yes
CUST01918,Female,62,Yes,No,3.8,Two Year,Bank Transfer,No,26.15,1240.78,No,No,No
CUST01919,Male,34,No,Yes,2.4,One Year,Bank Transfer,Fiber Optic,83.37,2429.19,No,No,Yes
CUST01920,Male,66,No,No,1.8,Month-to-Month,Mailed Check,Fiber Optic,76.08,1611.66,No,Yes,Yes
CUST01921,Male,54,No,Yes,5.0,One Year,Bank Transfer,Fiber Optic,91.71,5473.2,No,No,No
CUST01922,Male,23,Yes,No,0.8,Month-to-Month,Credit Card,Fiber Optic,76.26,829.36,No,Yes,No
CUST01923,Female,36,No,No,6.4,Month-to-Month,Mailed Check,DSL,66.46,5135.92,No,Yes,No
CUST01924,Male,30,Yes,No,2.5,Two Year,Credit Card,DSL,56.91,1483.64,No,No,No
CUST01925,Female,74,No,No,2.8,Month-to-Month,Mailed Check,DSL,53.75,1900.74,Yes,Yes,No
CUST01926,Male,43,Yes,No,6.2,One Year,Bank Transfer,Fiber Optic,84.9,6415.68,Yes,Yes,No
CUST01927,Male,31,Yes,No,5.1,Month-to-Month,Mailed Check,DSL,68.68,4247.96,Yes,Yes,No
CUST01928,Male,48,No,No,2.8,One Year,Credit Card,DSL,44.23,1610.81,Yes,Yes,No
CUST01929,Female,71,Yes,No,4.2,Month-to-Month,Mailed Check,DSL,44.82,2186.71,No,Yes,Yes
CUST01930,Male,21,Yes,No,1.7,Month-to-Month,Bank Transfer,Fiber Optic,92.68,1692.97,No,No,No
CUST01931,Female,56,Yes,No,2.4,Two Year,Electronic Check,Fiber Optic,77.63,2313.5,Yes,Yes,Yes
CUST01932,Female,25,No,Yes,0.2,Month-to-Month,Bank Transfer,DSL,49.09,43.51,No,No,No
CUST01933,Male,42,Yes,No,0.3,One Year,Bank Transfer,DSL,51.46,356.74,No,No,No
CUST01934,Male,30,No,Yes,5.3,One Year,Electronic Check,DSL,64.0,3981.9,No,No,No
CUST01935,Male,49,Yes,No,0.2,One Year,Mailed Check,DSL,61.48,59.19,No,No,Yes
CUST01936,Female,55,Yes,No,0.6,One Year,Bank Transfer,DSL,53.87,344.47,Yes,No,No
CUST01937,Male,55,Yes,Yes,4.8,Month-to-Month,Electronic Check,DSL,58.2,3317.96,Yes,Yes,No
CUST01938,Female,73,No,Yes,0.0,Month-to-Month,Credit Card,Fiber Optic,88.01,0.0,Yes,Yes,Yes
CUST01939,Female,45,Yes,Yes,1.0,Two Year,Electronic Check,Fiber Optic,76.98,883.25,Yes,No,Yes
CUST01940,Male,70,Yes,No,2.6,Two Year,Bank Transfer,DSL,47.52,1448.31,No,No,No
CUST01941,Male,47,No,No,2.7,Month-to-Month,Credit Card,DSL,38.71,1133.65,No,No,No
CUST01942,Female,20,No,No,4.5,Month-to-Month,Bank Transfer,DSL,66.92,3681.48,No,Yes,No
CUST01943,Female,45,Yes,No,2.1,One Year,Electronic Check,DSL,49.64,1207.65,No,Yes,No
CUST01944,Female,20,Yes,Yes,2.1,Two Year,Credit Card,No,30.11,749.53,No,Yes,No
CUST01945,Male,62,No,No,3.9,Two Year,Bank Transfer,No,34.31,1522.45,No,No,No
CUST01946,Female,71,Yes,No,2.1,Two Year,Electronic Check,DSL,47.23,1046.19,No,No,Yes
CUST01947,Male,51,Yes,No,2.8,Month-to-Month,Credit Card,Fiber Optic,78.22,2613.46,No,Yes,No
CUST01948,Female,33,No,Yes,6.8,Two Year,Bank Transfer,DSL,47.63,4034.94,Yes,No,No
CUST01949,Female,39,No,No,1.5,Two Year,Electronic Check,DSL,31.83,669.65,Yes,Yes,No
CUST01950,Male,49,No,No,1.5,Month-to-Month,Bank Transfer,Fiber Optic,84.48,1367.1,No,No,No
CUST01951,Female,55,Yes,No,0.0,Month-to-Month,Bank Transfer,DSL,73.7,0.0,Yes,Yes,Yes
CUST01952,Male,25,Yes,No,2.9,Month-to-Month,Bank Transfer,Fiber Optic,80.76,2838.09,No,No,No
CUST01953,Male,72,No,No,0.1,One Year,Mailed Check,Fiber Optic,80.98,0.0,No,Yes,Yes
CUST01954,Female,25,Yes,No,2.1,Month-to-Month,Bank Transfer,Fiber Optic,82.04,1971.28,No,Yes,Yes
CUST01955,Male,74,No,Yes,4.9,Month-to-Month,Credit Card,No,32.49,1925.05,Yes,Yes,No
CUST01956,Male,23,No,No,2.4,Month-to-Month,Electronic Check,Fiber Optic,92.05,2608.77,No,No,Yes
CUST01957,Female,31,Yes,No,0.9,Month-to-Month,Electronic Check,Fiber Optic,78.32,548.38,No,No,Yes
CUST01958,Male,49,No,Yes,4.6,Month-to-Month,Mailed Check,Fiber Optic,88.7,4571.85,No,Yes,Yes
CUST01959,Male,52,No,No,0.9,One Year,Mailed Check,DSL,54.31,431.13,No,No,No
CUST01960,Male,27,No,No,4.0,Month-to-Month,Mailed Check,Fiber Optic,87.39,4181.23,No,No,Yes
CUST01961,Female,20,Yes,No,2.8,Two Year,Bank Transfer,No,33.61,1073.11,No,No,No
CUST01962,Male,29,Yes,No,0.6,Two Year,Bank Transfer,Fiber Optic,77.2,796.28,No,Yes,Yes
CUST01963,Female,66,No,No,7.1,Two Year,Credit Card,No,25.79,2128.49,No,Yes,No
CUST01964,Female,48,Yes,No,0.7,One Year,Electronic Check,DSL,58.7,637.23,No,Yes,Yes
CUST01965,Male,46,No,Yes,13.7,Month-to-Month,Electronic Check,DSL,53.88,8728.0,Yes,Yes,No
CUST01966,Male,22,Yes,No,0.0,Month-to-Month,Bank Transfer,DSL,61.34,308.64,No,No,Yes
CUST01967,Male,69,No,Yes,0.9,Month-to-Month,Electronic Check,Fiber Optic,83.22,1009.0,Yes,Yes,Yes
CUST01968,Female,42,Yes,Yes,0.7,Two Year,Bank Transfer,Fiber Optic,93.08,369.15,No,Yes,Yes
CUST01969,Male,58,No,No,0.0,Month-to-Month,Mailed Check,DSL,39.3,95.65,Yes,Yes,Yes
CUST01970,Male,48,Yes,No,4.0,One Year,Bank Transfer,No,32.59,1534.05,No,Yes,No
CUST01971,Male,38,Yes,No,3.5,One Year,Credit Card,Fiber Optic,74.68,3275.27,No,No,Yes
CUST01972,Male,37,Yes,Yes,4.7,Two Year,Bank Transfer,Fiber Optic,93.97,5297.9,No,No,No
CUST01973,Male,56,No,No,0.9,One Year,Bank Transfer,Fiber Optic,83.81,845.57,No,Yes,No
CUST01974,Female,39,Yes,Yes,1.8,One Year,Electronic Check,DSL,52.28,1102.63,No,No,No
CUST01975,Female,21,No,No,3.2,Month-to-Month,Bank Transfer,Fiber Optic,78.39,2826.54,Yes,Yes,Yes
CUST01976,Male,30,No,No,1.7,One Year,Credit Card,DSL,60.31,1177.15,No,No,Yes
CUST01977,Male,62,Yes,Yes,3.6,Month-to-Month,Bank Transfer,DSL,59.55,2418.45,No,Yes,No
CUST01978,Male,59,No,No,3.0,Two Year,Bank Transfer,Fiber Optic,82.75,2900.8,No,Yes,No
CUST01979,Male,67,Yes,Yes,0.4,Month-to-Month,Mailed Check,No,35.32,183.33,No,No,Yes
CUST01980,Female,66,No,No,4.6,Month-to-Month,Bank Transfer,Fiber Optic,86.76,4972.98,Yes,No,No
CUST01981,Male,37,No,No,3.8,Two Year,Bank Transfer,Fiber Optic,85.69,4162.12,No,Yes,Yes
CUST01982,Female,69,Yes,No,3.2,Month-to-Month,Bank Transfer,Fiber Optic,91.26,3502.23,No,No,No
CUST01983,Female,30,Yes,No,0.5,Two Year,Credit Card,DSL,69.49,260.46,Yes,No,No
CUST01984,Male,34,Yes,No,0.9,Two Year,Electronic Check,No,32.26,345.02,No,Yes,No
CUST01985,Female,71,No,Yes,1.5,Two Year,Mailed Check,Fiber Optic,87.27,1542.57,No,Yes,No
CUST01986,Female,53,Yes,Yes,1.0,Month-to-Month,Mailed Check,DSL,62.35,912.5,Yes,Yes,Yes
CUST01987,Female,50,No,No,0.8,Month-to-Month,Bank Transfer,Fiber Optic,77.38,878.33,No,No,Yes
CUST01988,Female,18,Yes,No,4.9,Two Year,Bank Transfer,DSL,53.54,3172.79,No,No,No
CUST01989,Male,32,No,Yes,3.1,Two Year,Electronic Check,DSL,51.91,2088.98,No,Yes,No
CUST01990,Male,30,Yes,No,2.5,Month-to-Month,Bank Transfer,DSL,57.4,1663.98,No,No,No
CUST01991,Female,34,No,No,0.8,Month-to-Month,Credit Card,DSL,56.74,615.79,No,No,Yes
CUST01992,Male,41,No,No,7.5,Month-to-Month,Electronic Check,Fiber Optic,99.07,8816.13,No,Yes,Yes
CUST01993,Male,25,No,No,0.6,Two Year,Bank Transfer,Fiber Optic,96.99,606.88,No,Yes,No
CUST01994,Male,67,Yes,No,4.8,Month-to-Month,Electronic Check,Fiber Optic,72.88,3896.51,No,Yes,Yes
CUST01995,Male,44,Yes,No,10.2,Month-to-Month,Mailed Check,DSL,57.86,7093.51,Yes,No,No
CUST01996,Male,62,Yes,Yes,3.9,One Year,Bank Transfer,Fiber Optic,90.67,4266.57,No,No,Yes
CUST01997,Female,40,No,No,14.8,Month-to-Month,Electronic Check,DSL,55.67,9872.17,No,Yes,No
CUST01998,Male,63,Yes,Yes,3.2,Two Year,Electronic Check,Fiber Optic,80.87,3178.93,Yes,Yes,No
CUST01999,Male,25,No,Yes,0.7,Month-to-Month,Bank Transfer,DSL,66.03,686.65,No,No,Yes
CUST02000,Male,25,Yes,No,0.7,Month-to-Month,Electronic Check,Fiber Optic,87.64,733.11,No,Yes,Yes
CUST02001,Male,43,No,No,1.2,Month-to-Month,Bank Transfer,DSL,46.65,728.1,No,Yes,No
CUST02002,Female,64,No,Yes,0.0,Month-to-Month,Bank Transfer,Fiber Optic,92.81,69.35,No,Yes,Yes
CUST02003,Female,30,No,No,3.4,Month-to-Month,Credit Card,No,33.74,1449.31,No,Yes,No
CUST02004,Female,56,Yes,No,0.9,Month-to-Month,Credit Card,Fiber Optic,79.85,947.53,No,No,Yes
CUST02005,Female,54,Yes,Yes,5.1,Month-to-Month,Electronic Check,DSL,48.89,3170.42,Yes,Yes,Yes
CUST02006,Male,66,Yes,No,1.3,Two Year,Electronic Check,DSL,48.63,784.41,No,No,No
CUST02007,Female,45,Yes,No,2.0,Month-to-Month,Electronic Check,No,39.47,873.29,No,Yes,Yes
CUST02008,Male,42,No,Yes,10.1,Two Year,Mailed Check,Fiber Optic,89.72,11099.95,No,Yes,No
CUST02009,Male,33,No,No,0.8,One Year,Bank Transfer,No,37.65,409.74,No,Yes,Yes
CUST02010,Male,72,No,No,3.8,Month-to-Month,Bank Transfer,Fiber Optic,86.64,4032.96,Yes,No,Yes
CUST02011,Male,19,Yes,No,4.2,Month-to-Month,Mailed Check,No,24.55,1161.45,Yes,Yes,No
CUST02012,Male,71,No,No,0.7,Month-to-Month,Mailed Check,No,23.65,269.03,No,Yes,Yes
CUST02013,Female,35,No,Yes,2.1,Month-to-Month,Electronic Check,Fiber Optic,93.59,2545.81,No,No,Yes
CUST02014,Female,34,No,No,1.3,Month-to-Month,Bank Transfer,DSL,58.57,950.48,No,Yes,Yes
CUST02015,Female,47,Yes,Yes,4.4,Month-to-Month,Credit Card,Fiber Optic,82.87,3903.9,No,Yes,No
CUST02016,Female,56,Yes,No,2.9,One Year,Credit Card,No,30.17,1029.53,Yes,Yes,No
CUST02017,Male,30,Yes,No,1.9,One Year,Mailed Check,No,37.98,1011.35,Yes,No,No
CUST02018,Female,49,No,Yes,4.5,Month-to-Month,Mailed Check,DSL,59.51,3270.07,Yes,No,No
CUST02019,Male,67,No,No,0.8,Month-to-Month,Bank Transfer,Fiber Optic,84.26,605.0,No,Yes,No
CUST02020,Female,46,Yes,Yes,4.2,One Year,Bank Transfer,No,29.63,1460.33,Yes,No,No
CUST02021,Male,63,Yes,No,6.0,Month-to-Month,Credit Card,Fiber Optic,80.28,5715.88,No,Yes,No
CUST02022,Male,47,No,No,6.3,Two Year,Bank Transfer,No,30.19,2350.18,No,No,No
CUST02023,Female,35,No,Yes,4.6,One Year,Electronic Check,No,27.7,1445.3,No,Yes,No
CUST02024,Male,30,Yes,No,1.6,Two Year,Mailed Check,No,29.6,630.88,No,Yes,Yes
CUST02025,Male,60,No,No,12.0,Month-to-Month,Credit Card,DSL,50.67,7376.14,No,No,No
CUST02026,Female,38,No,Yes,1.4,Two Year,Credit Card,DSL,44.28,942.53,No,Yes,No
CUST02027,Male,47,No,No,3.1,One Year,Electronic Check,DSL,62.63,2396.6,No,Yes,Yes
CUST02028,Female,38,Yes,No,0.5,One Year,Bank Transfer,No,34.58,121.79,No,No,No
CUST02029,Female,65,No,No,11.8,Month-to-Month,Bank Transfer,Fiber Optic,82.88,11727.31,No,No,No
CUST02030,Female,72,No,No,3.7,Month-to-Month,Mailed Check,DSL,52.43,2223.74,No,Yes,Yes
CUST02031,Male,34,Yes,No,4.2,Two Year,Electronic Check,DSL,43.89,2246.2,No,No,Yes
CUST02032,Male,57,No,No,0.2,One Year,Credit Card,Fiber Optic,93.53,550.48,No,No,Yes
CUST02033,Male,36,No,No,4.3,Month-to-Month,Electronic Check,No,40.03,1996.93,No,Yes,No
CUST02034,Female,69,No,No,4.5,Month-to-Month,Credit Card,Fiber Optic,84.3,4709.04,No,No,No
CUST02035,Male,32,Yes,Yes,3.3,Month-to-Month,Electronic Check,Fiber Optic,87.61,3361.04,No,No,Yes
CUST02036,Female,26,No,No,1.0,One Year,Bank Transfer,DSL,47.09,419.03,No,No,No
CUST02037,Female,69,No,No,2.0,One Year,Credit Card,No,30.68,834.55,No,Yes,No
CUST02038,Male,27,Yes,No,0.4,Month-to-Month,Mailed Check,DSL,49.5,260.62,No,Yes,No
CUST02039,Female,61,No,Yes,1.9,Month-to-Month,Electronic Check,Fiber Optic,79.52,1891.3,No,Yes,Yes
CUST02040,Male,48,No,No,0.8,Month-to-Month,Bank Transfer,DSL,52.69,596.64,Yes,Yes,No
CUST02041,Male,70,No,No,1.3,Month-to-Month,Credit Card,DSL,51.61,629.51,Yes,Yes,Yes
CUST02042,Male,40,Yes,No,0.5,Month-to-Month,Bank Transfer,DSL,53.97,295.16,No,Yes,Yes
CUST02043,Male,69,No,No,0.8,Month-to-Month,Electronic Check,Fiber Optic,93.45,590.13,Yes,Yes,Yes
CUST02044,Male,47,Yes,No,0.2,Month-to-Month,Mailed Check,Fiber Optic,68.1,92.16,No,Yes,Yes
CUST02045,Female,50,Yes,No,7.6,Two Year,Mailed Check,DSL,50.73,4743.54,Yes,Yes,No
CUST02046,Female,74,No,No,2.3,One Year,Electronic Check,DSL,60.05,1711.48,Yes,Yes,No
CUST02047,Female,69,Yes,Yes,1.5,Two Year,Credit Card,No,31.56,529.09,No,Yes,Yes
CUST02048,Male,26,No,No,2.3,Month-to-Month,Bank Transfer,DSL,48.76,1348.24,No,Yes,No
CUST02049,Male,71,Yes,Yes,3.0,Two Year,Bank Transfer,DSL,71.84,2565.4,No,Yes,No
CUST02050,Male,64,Yes,No,7.6,One Year,Credit Card,Fiber Optic,106.57,9785.52,Yes,No,No
CUST02051,Female,18,Yes,No,0.6,Month-to-Month,Electronic Check,No,29.88,177.74,No,No,Yes
CUST02052,Male,61,No,No,1.1,Month-to-Month,Bank Transfer,DSL,47.07,609.77,Yes,No,No
CUST02053,Female,52,No,Yes,11.2,One Year,Bank Transfer,No,27.99,3770.47,Yes,No,No
CUST02054,Female,28,No,No,1.4,Two Year,Electronic Check,Fiber Optic,75.98,1341.19,Yes,Yes,Yes
CUST02055,Male,51,Yes,Yes,0.1,Month-to-Month,Bank Transfer,Fiber Optic,88.21,144.56,No,Yes,Yes
CUST02056,Male,33,Yes,Yes,0.5,Month-to-Month,Credit Card,DSL,59.6,162.35,No,Yes,Yes
CUST02057,Female,26,No,Yes,0.1,One Year,Credit Card,Fiber Optic,92.88,0.0,No,Yes,Yes
CUST02058,Male,49,Yes,No,13.8,Two Year,Electronic Check,DSL,58.2,9709.78,No,Yes,No
CUST02059,Female,32,Yes,No,1.0,One Year,Electronic Check,Fiber Optic,86.83,997.8,No,No,No
CUST02060,Male,29,No,No,7.7,Month-to-Month,Credit Card,DSL,46.94,4295.49,No,Yes,Yes
CUST02061,Male,50,Yes,No,15.0,Month-to-Month,Electronic Check,Fiber Optic,75.22,13501.82,Yes,No,No
CUST02062,Female,62,No,Yes,2.7,Month-to-Month,Credit Card,No,15.0,478.42,No,No,Yes
CUST02063,Male,31,No,No,0.1,Two Year,Credit Card,Fiber Optic,85.65,0.0,Yes,No,No
CUST02064,Female,74,Yes,Yes,0.3,One Year,Credit Card,DSL,61.91,436.97,No,Yes,Yes
CUST02065,Male,74,Yes,Yes,2.0,One Year,Bank Transfer,Fiber Optic,94.21,2239.89,No,Yes,No
CUST02066,Female,25,Yes,Yes,1.6,Month-to-Month,Electronic Check,Fiber Optic,91.7,1763.32,No,Yes,No
CUST02067,Female,25,No,No,2.8,Two Year,Bank Transfer,DSL,52.06,1757.5,No,Yes,No
CUST02068,Male,44,No,No,1.7,One Year,Electronic Check,Fiber Optic,99.87,2229.62,No,No,Yes
CUST02069,Female,29,Yes,No,8.2,Two Year,Mailed Check,DSL,47.41,4729.93,No,Yes,No
CUST02070,Male,18,Yes,No,2.3,One Year,Bank Transfer,Fiber Optic,77.04,2114.66,No,Yes,No
CUST02071,Male,60,No,No,3.5,Two Year,Bank Transfer,Fiber Optic,91.13,3668.56,Yes,No,Yes
CUST02072,Male,57,No,Yes,6.8,Two Year,Bank Transfer,DSL,66.25,5569.86,No,Yes,No
CUST02073,Female,59,Yes,No,0.5,Month-to-Month,Mailed Check,DSL,69.34,423.82,No,No,No
CUST02074,Female,68,Yes,No,0.8,Two Year,Electronic Check,DSL,62.98,679.51,Yes,No,Yes
CUST02075,Male,28,Yes,No,0.3,Month-to-Month,Mailed Check,No,35.88,51.33,No,Yes,No
CUST02076,Male,56,No,No,0.5,One Year,Electronic Check,Fiber Optic,91.5,667.8,Yes,No,Yes
CUST02077,Female,60,No,No,2.2,Two Year,Electronic Check,DSL,52.78,1242.84,Yes,No,Yes
CUST02078,Male,48,Yes,Yes,1.2,Month-to-Month,Electronic Check,Fiber Optic,78.59,1069.24,No,Yes,Yes
CUST02079,Male,34,No,No,1.7,One Year,Electronic Check,DSL,57.2,1182.04,No,Yes,No
CUST02080,Female,50,Yes,No,12.1,One Year,Electronic Check,Fiber Optic,71.43,10620.53,No,Yes,No
CUST02081,Male,49,Yes,Yes,0.5,One Year,Mailed Check,Fiber Optic,82.53,603.87,No,No,Yes
CUST02082,Female,46,Yes,No,2.3,Two Year,Bank Transfer,No,25.75,784.86,Yes,No,No
CUST02083,Male,38,No,No,0.3,One Year,Mailed Check,DSL,59.67,269.69,No,Yes,Yes
CUST02084,Female,38,No,Yes,1.2,Two Year,Bank Transfer,Fiber Optic,86.76,1056.76,No,Yes,No
CUST02085,Male,57,No,No,2.2,Month-to-Month,Bank Transfer,Fiber Optic,96.89,2343.95,No,No,No
CUST02086,Male,40,Yes,No,8.8,Month-to-Month,Credit Card,No,36.58,3918.37,Yes,Yes,No
CUST02087,Female,73,Yes,No,1.5,Month-to-Month,Bank Transfer,Fiber Optic,79.89,1277.91,Yes,No,Yes
CUST02088,Male,23,Yes,Yes,0.2,One Year,Mailed Check,Fiber Optic,90.38,0.0,No,No,Yes
CUST02089,Female,39,No,Yes,1.5,Month-to-Month,Credit Card,DSL,41.18,660.89,No,Yes,Yes
CUST02090,Male,67,Yes,No,0.5,One Year,Electronic Check,Fiber Optic,90.86,593.89,No,No,No
CUST02091,Female,55,No,No,0.8,Month-to-Month,Electronic Check,No,24.03,192.55,Yes,Yes,Yes
CUST02092,Female,54,Yes,No,2.9,One Year,Bank Transfer,No,25.14,937.9,No,No,No
CUST02093,Female,62,Yes,Yes,0.2,Month-to-Month,Electronic Check,Fiber Optic,95.74,311.55,No,Yes,Yes
CUST02094,Female,68,Yes,Yes,1.9,One Year,Electronic Check,Fiber Optic,88.12,2042.39,No,Yes,No
CUST02095,Male,71,Yes,Yes,2.8,One Year,Credit Card,No,28.46,978.17,Yes,Yes,No
CUST02096,Male,25,Yes,No,1.6,Two Year,Mailed Check,DSL,63.13,1288.35,Yes,No,No
CUST02097,Female,58,Yes,No,0.1,One Year,Electronic Check,DSL,66.79,162.73,No,Yes,No
CUST02098,Female,66,No,No,12.7,One Year,Electronic Check,Fiber Optic,77.0,11609.33,Yes,Yes,No
CUST02099,Female,52,No,No,1.4,Two Year,Mailed Check,DSL,49.29,952.35,No,Yes,Yes
CUST02100,Male,68,Yes,No,4.5,One Year,Credit Card,No,36.49,2016.27,No,Yes,No
CUST02101,Male,28,Yes,No,1.2,Month-to-Month,Credit Card,Fiber Optic,87.45,1190.24,No,No,Yes
CUST02102,Male,41,Yes,Yes,1.9,Two Year,Electronic Check,Fiber Optic,70.11,1706.87,No,Yes,Yes
CUST02103,Male,66,Yes,No,1.5,One Year,Bank Transfer,Fiber Optic,99.26,1522.18,No,No,No
CUST02104,Female,38,Yes,No,1.3,Month-to-Month,Mailed Check,Fiber Optic,81.15,1404.65,Yes,No,No
CUST02105,Female,68,No,Yes,0.1,One Year,Credit Card,Fiber Optic,76.96,136.69,Yes,No,No
CUST02106,Female,19,Yes,Yes,1.3,Two Year,Electronic Check,DSL,55.09,623.14,No,No,No
CUST02107,Male,57,Yes,No,6.6,Two Year,Credit Card,Fiber Optic,92.22,7672.03,Yes,Yes,No
CUST02108,Male,36,Yes,No,3.5,Two Year,Electronic Check,DSL,64.08,2523.74,Yes,Yes,No
CUST02109,Male,56,Yes,Yes,0.5,Month-to-Month,Mailed Check,DSL,55.46,396.41,No,No,Yes
CUST02110,Female,45,No,Yes,2.7,Month-to-Month,Bank Transfer,Fiber Optic,105.29,3709.11,No,No,No
CUST02111,Female,34,Yes,No,6.7,Month-to-Month,Mailed Check,DSL,77.58,5832.14,No,Yes,No
CUST02112,Male,23,Yes,No,3.6,Month-to-Month,Credit Card,No,33.58,1466.44,No,No,No
CUST02113,Female,36,No,No,0.5,Two Year,Credit Card,Fiber Optic,84.5,656.8,Yes,No,Yes
CUST02114,Male,73,Yes,Yes,6.1,Month-to-Month,Credit Card,No,27.31,2059.7,Yes,No,No
CUST02115,Male,55,No,Yes,1.1,One Year,Bank Transfer,DSL,53.78,840.74,No,No,No
CUST02116,Female,45,No,Yes,1.8,One Year,Mailed Check,No,41.96,984.06,Yes,No,No
CUST02117,Male,19,Yes,Yes,2.2,One Year,Electronic Check,DSL,57.69,1484.16,Yes,No,No
CUST02118,Female,55,No,No,5.7,Month-to-Month,Mailed Check,DSL,61.96,4295.15,No,Yes,No
CUST02119,Male,72,Yes,No,8.0,Month-to-Month,Mailed Check,DSL,60.55,6056.49,No,No,Yes
CUST02120,Female,54,No,No,8.0,Month-to-Month,Bank Transfer,Fiber Optic,89.85,8852.78,Yes,Yes,Yes
CUST02121,Female,68,Yes,No,0.0,Month-to-Month,Mailed Check,DSL,63.71,0.0,No,Yes,No
CUST02122,Female,69,Yes,Yes,7.6,Two Year,Credit Card,Fiber Optic,91.62,8551.01,No,No,No
CUST02123,Male,21,No,No,0.2,Two Year,Bank Transfer,DSL,58.81,300.69,No,No,No
CUST02124,Male,39,No,No,0.9,Month-to-Month,Credit Card,DSL,69.76,630.66,Yes,No,No
CUST02125,Female,43,No,No,2.2,Two Year,Credit Card,Fiber Optic,74.45,1962.23,No,Yes,No
CUST02126,Female,66,No,Yes,2.0,Month-to-Month,Mailed Check,DSL,57.26,1341.59,No,Yes,No
CUST02127,Male,60,Yes,No,2.8,One Year,Electronic Check,Fiber Optic,80.78,2863.53,Yes,Yes,No
CUST02128,Male,53,Yes,Yes,2.0,Month-to-Month,Mailed Check,Fiber Optic,92.36,2140.89,No,Yes,No
CUST02129,Male,30,Yes,Yes,8.2,One Year,Electronic Check,No,16.93,1644.25,No,No,No
CUST02130,Female,69,Yes,No,0.8,Month-to-Month,Bank Transfer,Fiber Optic,86.87,1023.55,No,Yes,No
CUST02131,Male,49,Yes,No,1.0,Month-to-Month,Bank Transfer,No,33.86,324.7,No,Yes,Yes
CUST02132,Male,34,No,Yes,7.6,Month-to-Month,Bank Transfer,Fiber Optic,94.78,8679.44,No,Yes,No
CUST02133,Female,58,Yes,Yes,0.2,Month-to-Month,Credit Card,No,26.62,25.07,No,No,No
CUST02134,Male,53,Yes,No,2.8,One Year,Credit Card,DSL,77.32,2766.71,No,Yes,No
CUST02135,Male,72,Yes,Yes,3.4,Month-to-Month,Bank Transfer,Fiber Optic,80.31,3178.4,Yes,No,No
CUST02136,Male,63,No,No,2.1,One Year,Mailed Check,No,20.89,528.07,Yes,Yes,No
CUST02137,Female,36,No,Yes,3.6,One Year,Credit Card,DSL,59.85,2299.17,Yes,Yes,No
CUST02138,Female,52,No,Yes,0.6,One Year,Credit Card,Fiber Optic,83.98,604.96,No,No,Yes
CUST02139,Female,63,Yes,No,5.7,One Year,Mailed Check,No,44.73,3043.79,Yes,Yes,No
CUST02140,Female,57,No,No,0.5,Month-to-Month,Credit Card,Fiber Optic,72.28,444.04,No,No,Yes
CUST02141,Female,73,Yes,Yes,1.5,One Year,Mailed Check,DSL,55.29,1139.1,Yes,No,No
CUST02142,Female,45,No,No,0.2,Two Year,Electronic Check,Fiber Optic,91.54,329.22,No,No,Yes
CUST02143,Female,18,No,Yes,2.4,One Year,Mailed Check,DSL,49.67,1469.71,No,No,No
CUST02144,Male,59,Yes,Yes,3.3,One Year,Electronic Check,No,18.86,719.02,Yes,No,No
CUST02145,Male,35,No,No,8.5,One Year,Credit Card,DSL,66.59,7076.29,No,No,No
CUST02146,Female,65,No,No,4.0,Month-to-Month,Electronic Check,DSL,48.28,2140.14,No,Yes,Yes
CUST02147,Male,57,Yes,No,2.3,One Year,Mailed Check,DSL,63.35,1596.89,Yes,Yes,Yes
CUST02148,Male,50,No,No,8.1,Two Year,Electronic Check,Fiber Optic,77.61,7424.73,No,No,No
CUST02149,Female,29,Yes,No,2.0,Month-to-Month,Bank Transfer,No,27.45,669.21,No,No,Yes
CUST02150,Male,25,Yes,No,2.5,Two Year,Mailed Check,DSL,61.06,1837.04,No,Yes,No
CUST02151,Male,41,Yes,Yes,2.7,Month-to-Month,Mailed Check,DSL,57.83,1786.47,Yes,Yes,Yes
CUST02152,Male,33,Yes,Yes,1.6,Month-to-Month,Electronic Check,Fiber Optic,77.55,1516.25,No,Yes,Yes
CUST02153,Male,67,No,No,5.5,Two Year,Credit Card,No,34.24,2339.47,No,No,Yes
CUST02154,Male,21,Yes,No,0.6,Two Year,Credit Card,Fiber Optic,67.62,494.4,No,Yes,No
CUST02155,Female,55,No,No,2.4,Two Year,Mailed Check,DSL,45.4,1193.12,No,No,No
CUST02156,Female,61,Yes,No,3.8,Two Year,Mailed Check,Fiber Optic,98.96,4492.21,No,No,No
CUST02157,Female,44,No,No,7.0,Month-to-Month,Electronic Check,DSL,53.64,4418.24,Yes,No,No
CUST02158,Male,26,No,Yes,6.5,One Year,Mailed Check,Fiber Optic,90.74,6824.28,Yes,Yes,No
CUST02159,Female,64,No,No,2.1,Month-to-Month,Mailed Check,DSL,60.51,1529.57,Yes,No,Yes
CUST02160,Male,33,Yes,No,3.1,Month-to-Month,Credit Card,No,27.25,964.3,No,No,No
CUST02161,Male,73,Yes,No,1.5,Month-to-Month,Mailed Check,No,30.94,536.42,Yes,Yes,No
CUST02162,Male,29,Yes,Yes,1.9,One Year,Electronic Check,Fiber Optic,75.62,1787.96,No,Yes,No
CUST02163,Male,48,No,No,7.1,Month-to-Month,Mailed Check,Fiber Optic,86.04,7385.72,Yes,No,No
CUST02164,Female,41,No,No,8.0,Two Year,Mailed Check,Fiber Optic,81.08,7978.7,No,No,No
CUST02165,Female,72,Yes,No,6.8,One Year,Mailed Check,DSL,71.73,5606.63,No,Yes,No
CUST02166,Male,31,Yes,No,0.4,Month-to-Month,Bank Transfer,Fiber Optic,79.39,348.61,No,Yes,Yes
CUST02167,Female,62,No,No,5.7,One Year,Mailed Check,Fiber Optic,89.11,6275.24,No,Yes,No
CUST02168,Male,42,Yes,No,8.9,Month-to-Month,Electronic Check,No,27.81,2876.87,No,No,No
CUST02169,Female,51,No,No,1.3,Month-to-Month,Credit Card,DSL,61.51,938.52,Yes,No,Yes
CUST02170,Female,20,No,Yes,2.2,Two Year,Credit Card,Fiber Optic,74.15,1987.26,Yes,Yes,No
CUST02171,Male,41,No,No,4.5,Month-to-Month,Bank Transfer,Fiber Optic,83.94,4348.85,Yes,Yes,No
CUST02172,Female,71,Yes,No,2.5,Two Year,Electronic Check,DSL,59.74,1711.41,No,No,Yes
CUST02173,Male,59,Yes,No,15.0,One Year,Credit Card,Fiber Optic,86.88,15432.15,No,No,No
CUST02174,Female,26,No,Yes,1.8,One Year,Credit Card,No,33.97,752.62,Yes,No,No
CUST02175,Male,43,No,No,3.8,One Year,Mailed Check,No,23.37,948.69,Yes,No,No
CUST02176,Male,37,Yes,Yes,4.7,Month-to-Month,Mailed Check,Fiber Optic,82.23,4511.77,No,Yes,No
CUST02177,Female,57,Yes,Yes,2.0,Month-to-Month,Mailed Check,DSL,54.85,1237.42,Yes,No,Yes
CUST02178,Female,27,No,No,5.8,Month-to-Month,Bank Transfer,No,36.24,2588.02,No,Yes,No
CUST02179,Male,36,No,Yes,2.4,Month-to-Month,Mailed Check,Fiber Optic,96.18,2469.4,Yes,No,No
CUST02180,Female,20,No,Yes,1.6,Month-to-Month,Electronic Check,DSL,40.13,874.63,No,No,No
CUST02181,Female,41,No,No,0.3,Two Year,Bank Transfer,DSL,52.44,267.17,No,No,No
CUST02182,Male,22,Yes,Yes,1.5,Month-to-Month,Credit Card,DSL,49.73,999.05,No,No,No
CUST02183,Male,20,Yes,No,4.0,One Year,Credit Card,DSL,48.81,2301.37,Yes,Yes,No
CUST02184,Female,44,No,Yes,7.6,Month-to-Month,Electronic Check,Fiber Optic,87.13,7873.37,Yes,Yes,Yes
CUST02185,Male,33,No,No,0.9,Month-to-Month,Electronic Check,DSL,55.26,509.84,No,Yes,No
CUST02186,Male,66,Yes,No,1.3,Month-to-Month,Credit Card,DSL,46.02,771.44,No,No,No
CUST02187,Male,32,Yes,No,0.5,One Year,Electronic Check,Fiber Optic,75.63,400.6,No,No,No
CUST02188,Female,52,No,Yes,3.5,Month-to-Month,Electronic Check,Fiber Optic,88.69,3581.93,No,No,Yes
CUST02189,Female,29,Yes,Yes,9.7,Month-to-Month,Electronic Check,DSL,46.27,5352.78,Yes,No,No
CUST02190,Male,58,Yes,Yes,3.1,One Year,Mailed Check,DSL,49.44,1875.93,No,Yes,Yes
CUST02191,Female,70,No,No,2.9,One Year,Credit Card,DSL,62.39,2013.43,No,Yes,No
CUST02192,Male,61,No,No,2.4,Month-to-Month,Electronic Check,Fiber Optic,86.38,2323.38,No,Yes,Yes
CUST02193,Female,43,No,Yes,0.3,One Year,Electronic Check,DSL,67.38,424.49,No,No,No
CUST02194,Male,64,Yes,Yes,3.9,One Year,Mailed Check,Fiber Optic,84.14,3785.34,Yes,No,No
CUST02195,Male,51,No,Yes,2.8,One Year,Credit Card,DSL,72.86,2659.15,No,Yes,No
CUST02196,Female,40,No,No,3.2,Month-to-Month,Bank Transfer,DSL,53.53,1999.12,No,No,Yes
CUST02197,Male,48,No,No,6.9,Month-to-Month,Credit Card,Fiber Optic,94.58,7574.99,Yes,Yes,No
CUST02198,Female,67,No,No,4.6,Month-to-Month,Credit Card,DSL,48.28,2797.41,Yes,Yes,No
CUST02199,Female,37,Yes,No,4.6,Two Year,Credit Card,DSL,49.8,2922.71,No,Yes,No
CUST02200,Male,29,Yes,No,7.9,Month-to-Month,Mailed Check,DSL,68.53,6417.42,Yes,Yes,No
CUST02201,Male,40,Yes,Yes,13.8,Two Year,Credit Card,DSL,49.44,8294.91,No,No,No
CUST02202,Female,21,Yes,Yes,2.6,Month-to-Month,Bank Transfer,Fiber Optic,83.26,2614.92,Yes,Yes,No
CUST02203,Male,40,No,No,0.3,Month-to-Month,Electronic Check,DSL,49.71,194.63,No,Yes,Yes
CUST02204,Male,65,No,No,1.8,Month-to-Month,Credit Card,No,39.0,866.77,No,No,No
CUST02205,Male,72,No,No,4.6,Month-to-Month,Mailed Check,No,20.33,1122.8,Yes,No,No
CUST02206,Male,65,No,No,0.1,Two Year,Credit Card,Fiber Optic,95.46,134.09,No,No,No
CUST02207,Male,18,Yes,No,0.2,Two Year,Credit Card,DSL,56.96,137.39,No,Yes,No
CUST02208,Female,71,Yes,No,0.2,One Year,Bank Transfer,No,31.49,39.3,Yes,Yes,Yes
CUST02209,Female,42,Yes,No,3.9,One Year,Bank Transfer,DSL,54.54,2475.25,Yes,Yes,Yes
CUST02210,Male,19,Yes,No,2.1,One Year,Mailed Check,DSL,65.01,1488.75,No,Yes,No
CUST02211,Male,47,Yes,Yes,1.4,Two Year,Mailed Check,DSL,53.25,693.77,No,No,Yes
CUST02212,Male,20,No,No,0.3,Month-to-Month,Mailed Check,No,24.31,83.08,No,Yes,No
CUST02213,Female,38,No,No,4.0,One Year,Mailed Check,DSL,59.16,2740.11,No,Yes,No
CUST02214,Male,42,Yes,No,1.2,One Year,Mailed Check,No,29.32,326.14,Yes,No,No
CUST02215,Female,37,Yes,No,0.9,Two Year,Electronic Check,DSL,70.69,647.18,No,No,No
CUST02216,Female,66,No,No,3.2,Two Year,Electronic Check,No,37.29,1392.49,No,Yes,No
CUST02217,Female,69,Yes,Yes,2.5,Two Year,Mailed Check,No,32.77,947.22,No,Yes,No
CUST02218,Male,39,No,No,1.4,One Year,Mailed Check,No,41.47,812.27,No,Yes,No
CUST02219,Female,38,No,Yes,3.1,Month-to-Month,Electronic Check,Fiber Optic,73.39,2642.86,No,Yes,No
CUST02220,Male,50,No,No,0.9,Month-to-Month,Bank Transfer,No,34.49,472.19,No,Yes,No
CUST02221,Female,69,Yes,No,4.8,One Year,Electronic Check,No,30.82,1728.74,No,No,No
CUST02222,Male,55,No,Yes,0.8,One Year,Mailed Check,DSL,53.37,563.85,No,Yes,No
CUST02223,Female,32,Yes,Yes,0.5,Month-to-Month,Bank Transfer,Fiber Optic,82.75,330.91,No,Yes,No
CUST02224,Male,63,No,No,4.6,Month-to-Month,Mailed Check,Fiber Optic,93.91,5505.82,No,Yes,Yes
CUST02225,Female,69,Yes,No,3.7,Month-to-Month,Credit Card,DSL,40.11,1879.07,No,No,No
CUST02226,Male,32,Yes,Yes,0.6,Two Year,Bank Transfer,Fiber Optic,88.78,772.15,Yes,No,Yes
CUST02227,Male,63,No,No,0.4,Month-to-Month,Mailed Check,DSL,43.56,381.34,No,No,Yes
CUST02228,Male,42,No,No,5.5,One Year,Electronic Check,Fiber Optic,83.04,5625.36,No,Yes,No
CUST02229,Male,38,No,Yes,4.5,Month-to-Month,Mailed Check,DSL,54.6,2996.15,No,No,No
CUST02230,Female,41,No,No,1.2,Month-to-Month,Electronic Check,DSL,67.93,794.1,Yes,Yes,Yes
CUST02231,Female,74,No,No,3.2,Two Year,Bank Transfer,DSL,50.73,1709.02,Yes,Yes,No
CUST02232,Male,22,Yes,No,0.4,Month-to-Month,Electronic Check,No,30.43,67.3,Yes,No,No
CUST02233,Female,23,No,No,2.1,Month-to-Month,Bank Transfer,DSL,45.17,985.92,Yes,No,Yes
CUST02234,Male,66,No,Yes,0.1,Month-to-Month,Mailed Check,No,34.05,0.0,Yes,No,Yes
CUST02235,Male,60,No,Yes,1.5,Month-to-Month,Electronic Check,Fiber Optic,74.35,1501.06,No,No,Yes
CUST02236,Female,65,No,Yes,0.2,One Year,Bank Transfer,Fiber Optic,70.77,18.87,No,Yes,No
CUST02237,Male,61,Yes,No,1.9,Month-to-Month,Bank Transfer,DSL,42.93,939.07,No,Yes,No
CUST02238,Male,64,No,No,1.6,One Year,Bank Transfer,DSL,52.73,1018.4,Yes,Yes,No
CUST02239,Female,40,Yes,No,1.8,Month-to-Month,Credit Card,Fiber Optic,83.13,1810.92,No,Yes,No
CUST02240,Male,21,Yes,No,0.1,Two Year,Bank Transfer,DSL,64.08,0.84,No,No,Yes
CUST02241,Male,44,No,No,1.3,Two Year,Mailed Check,Fiber Optic,97.18,1746.94,Yes,Yes,Yes
CUST02242,Male,35,Yes,No,4.2,Two Year,Mailed Check,No,41.98,2118.07,No,No,No
CUST02243,Male,38,No,No,1.4,Two Year,Mailed Check,DSL,64.21,1100.59,No,No,No
CUST02244,Female,45,Yes,Yes,3.8,Month-to-Month,Bank Transfer,Fiber Optic,101.6,5136.17,No,Yes,No
CUST02245,Female,52,Yes,Yes,1.4,Month-to-Month,Mailed Check,No,33.64,682.08,No,Yes,Yes
CUST02246,Female,39,No,No,1.7,One Year,Bank Transfer,No,33.76,689.98,Yes,Yes,No
CUST02247,Male,57,No,No,2.5,Month-to-Month,Bank Transfer,No,44.62,1387.25,No,No,Yes
CUST02248,Male,40,No,No,9.0,Month-to-Month,Bank Transfer,No,21.09,2238.33,Yes,No,No
CUST02249,Female,20,No,No,0.3,Month-to-Month,Credit Card,DSL,62.52,0.0,No,Yes,Yes
CUST02250,Male,57,No,Yes,0.1,Month-to-Month,Electronic Check,No,29.62,75.93,No,No,Yes
CUST02251,Male,67,Yes,No,2.8,One Year,Mailed Check,No,40.67,1280.38,Yes,No,Yes
CUST02252,Male,27,Yes,No,8.9,Month-to-Month,Credit Card,Fiber Optic,94.45,10194.34,Yes,No,No
CUST02253,Male,42,Yes,No,13.7,Month-to-Month,Mailed Check,Fiber Optic,83.69,14117.32,Yes,Yes,No
CUST02254,Female,69,No,No,2.0,One Year,Credit Card,Fiber Optic,75.36,1525.92,Yes,Yes,No
CUST02255,Female,66,No,No,1.9,Month-to-Month,Electronic Check,DSL,65.8,1200.24,Yes,Yes,No
CUST02256,Female,25,Yes,No,3.1,Two Year,Electronic Check,DSL,51.21,1811.12,No,Yes,No
CUST02257,Male,72,No,No,2.4,Month-to-Month,Electronic Check,Fiber Optic,85.97,2615.19,No,Yes,No
CUST02258,Female,28,No,No,3.0,One Year,Electronic Check,Fiber Optic,76.05,2927.92,No,Yes,No
CUST02259,Female,22,Yes,No,6.2,Month-to-Month,Bank Transfer,Fiber Optic,82.12,6242.18,No,No,No
CUST02260,Male,62,Yes,Yes,4.1,Month-to-Month,Mailed Check,DSL,63.13,3142.36,No,Yes,No
CUST02261,Male,70,No,Yes,2.1,Month-to-Month,Mailed Check,Fiber Optic,88.08,2222.62,No,No,No
CUST02262,Female,72,No,Yes,1.9,Month-to-Month,Mailed Check,DSL,48.99,1129.09,Yes,No,No
CUST02263,Female,54,No,Yes,3.1,Two Year,Bank Transfer,DSL,39.97,1581.53,No,No,No
CUST02264,Female,73,Yes,No,1.8,One Year,Mailed Check,Fiber Optic,90.51,1838.32,Yes,Yes,No
CUST02265,Female,62,No,No,1.8,Month-to-Month,Electronic Check,Fiber Optic,81.68,1771.05,Yes,Yes,Yes
CUST02266,Male,55,Yes,Yes,0.0,Month-to-Month,Mailed Check,DSL,56.4,0.0,No,Yes,Yes
CUST02267,Female,46,Yes,Yes,0.6,Month-to-Month,Mailed Check,Fiber Optic,83.91,664.39,No,Yes,No
CUST02268,Female,22,No,Yes,2.0,Month-to-Month,Credit Card,Fiber Optic,81.6,1961.3,No,No,No
CUST02269,Male,26,Yes,No,5.2,Month-to-Month,Bank Transfer,Fiber Optic,89.96,6078.81,No,Yes,No
CUST02270,Female,65,No,No,1.0,Two Year,Electronic Check,Fiber Optic,78.05,705.93,Yes,Yes,No
CUST02271,Male,19,Yes,No,2.2,Month-to-Month,Electronic Check,DSL,56.2,1588.96,No,Yes,Yes
CUST02272,Male,18,No,No,1.3,One Year,Electronic Check,Fiber Optic,88.32,1287.26,Yes,Yes,No
CUST02273,Male,57,No,Yes,0.3,One Year,Mailed Check,No,40.78,214.05,Yes,No,Yes
CUST02274,Female,68,Yes,No,9.5,Two Year,Electronic Check,Fiber Optic,85.42,9865.51,Yes,No,No
CUST02275,Female,47,No,Yes,5.8,Month-to-Month,Electronic Check,No,20.46,1412.52,No,No,No
CUST02276,Male,28,Yes,No,0.2,One Year,Credit Card,Fiber Optic,90.4,30.46,No,Yes,Yes
CUST02277,Female,45,No,No,3.8,Two Year,Mailed Check,Fiber Optic,77.9,3387.42,No,No,No
CUST02278,Female,61,Yes,No,1.3,Month-to-Month,Credit Card,No,24.64,389.55,No,No,No
CUST02279,Male,29,Yes,No,15.0,Month-to-Month,Bank Transfer,Fiber Optic,81.0,14463.07,No,No,No
CUST02280,Male,56,Yes,No,1.1,Two Year,Mailed Check,No,28.52,363.36,No,Yes,No
CUST02281,Female,43,Yes,Yes,0.8,One Year,Credit Card,Fiber Optic,95.34,678.57,No,Yes,No
CUST02282,Male,30,No,Yes,2.5,Month-to-Month,Bank Transfer,No,35.22,1092.24,No,Yes,Yes
CUST02283,Female,25,Yes,No,5.4,One Year,Credit Card,Fiber Optic,76.2,4801.72,No,No,No
CUST02284,Female,71,Yes,No,0.6,Month-to-Month,Bank Transfer,No,42.1,268.06,No,No,Yes
CUST02285,Female,45,Yes,Yes,3.7,Month-to-Month,Electronic Check,DSL,63.49,2985.98,No,Yes,No
CUST02286,Female,47,Yes,No,0.2,Month-to-Month,Electronic Check,Fiber Optic,88.33,238.2,No,Yes,Yes
CUST02287,Male,26,No,No,7.5,Month-to-Month,Mailed Check,No,15.0,1372.67,No,No,No
CUST02288,Male,56,No,No,0.3,One Year,Credit Card,DSL,48.25,81.51,No,No,Yes
CUST02289,Male,48,Yes,No,7.4,One Year,Credit Card,Fiber Optic,85.07,7601.54,No,No,No
CUST02290,Male,38,No,No,2.0,Two Year,Bank Transfer,No,43.24,1075.14,No,No,Yes
CUST02291,Female,73,No,No,1.8,Month-to-Month,Mailed Check,DSL,65.6,1290.35,Yes,Yes,No
CUST02292,Female,64,Yes,No,10.9,Two Year,Electronic Check,Fiber Optic,77.28,10117.2,Yes,Yes,No
CUST02293,Male,51,No,No,13.9,Month-to-Month,Credit Card,Fiber Optic,71.56,11875.62,No,No,No
CUST02294,Female,72,No,No,3.2,Month-to-Month,Bank Transfer,Fiber Optic,83.54,3253.41,Yes,No,Yes
CUST02295,Female,48,No,No,0.4,Two Year,Electronic Check,DSL,56.12,120.88,No,Yes,No
CUST02296,Female,69,No,Yes,2.1,Month-to-Month,Electronic Check,DSL,45.07,1041.17,No,Yes,Yes
CUST02297,Male,42,Yes,Yes,2.3,Month-to-Month,Electronic Check,DSL,48.03,1191.87,Yes,No,No
CUST02298,Male,29,No,No,2.2,Month-to-Month,Bank Transfer,DSL,71.93,1733.43,Yes,Yes,No
CUST02299,Male,18,No,No,2.5,Month-to-Month,Bank Transfer,DSL,52.01,1495.16,No,No,No
CUST02300,Female,72,No,No,0.1,One Year,Electronic Check,Fiber Optic,82.59,183.85,No,No,Yes
CUST02301,Male,39,No,Yes,3.7,Two Year,Bank Transfer,Fiber Optic,107.61,4797.73,Yes,No,No
CUST02302,Male,57,Yes,Yes,3.7,One Year,Electronic Check,Fiber Optic,82.29,3668.32,No,No,No
CUST02303,Male,54,No,No,0.4,Two Year,Electronic Check,DSL,46.91,133.58,No,Yes,No
CUST02304,Male,64,No,Yes,2.5,One Year,Electronic Check,Fiber Optic,79.33,2376.23,Yes,Yes,Yes
CUST02305,Male,18,Yes,Yes,2.5,Two Year,Bank Transfer,DSL,57.33,1864.06,No,Yes,No
CUST02306,Male,18,Yes,No,3.4,Month-to-Month,Mailed Check,No,26.2,1084.47,Yes,No,No
CUST02307,Female,74,No,Yes,0.3,Two Year,Mailed Check,Fiber Optic,83.96,438.39,No,No,Yes
CUST02308,Female,59,Yes,No,3.0,Month-to-Month,Bank Transfer,No,29.66,1037.65,No,Yes,No
CUST02309,Male,71,Yes,No,1.0,Two Year,Credit Card,DSL,80.18,885.33,No,Yes,No
CUST02310,Male,59,Yes,Yes,2.1,Month-to-Month,Bank Transfer,Fiber Optic,90.7,2380.26,No,Yes,Yes
CUST02311,Female,38,Yes,No,4.5,One Year,Credit Card,Fiber Optic,77.39,4033.91,Yes,No,No
CUST02312,Female,32,Yes,No,3.7,One Year,Electronic Check,No,28.61,1263.22,Yes,Yes,No
CUST02313,Male,34,Yes,No,0.4,Two Year,Credit Card,Fiber Optic,91.42,473.02,Yes,No,No
CUST02314,Male,39,Yes,No,2.7,One Year,Electronic Check,Fiber Optic,93.66,2961.54,Yes,No,No
CUST02315,Male,55,No,No,10.4,Month-to-Month,Mailed Check,DSL,42.16,5190.91,No,No,No
CUST02316,Male,52,No,No,0.5,One Year,Electronic Check,Fiber Optic,73.66,346.18,No,No,Yes
CUST02317,Female,62,Yes,No,5.8,Month-to-Month,Credit Card,DSL,58.76,3927.76,Yes,Yes,No
CUST02318,Male,33,Yes,No,3.6,Month-to-Month,Mailed Check,DSL,49.9,2183.28,Yes,No,No
CUST02319,Male,25,No,Yes,4.5,Month-to-Month,Mailed Check,DSL,48.77,2715.21,Yes,Yes,No
CUST02320,Male,64,Yes,Yes,1.0,Month-to-Month,Bank Transfer,No,31.5,346.15,No,Yes,No
CUST02321,Male,34,Yes,Yes,1.0,Month-to-Month,Credit Card,DSL,61.33,1071.68,No,Yes,Yes
CUST02322,Female,34,Yes,No,7.1,Two Year,Credit Card,No,28.09,2350.53,No,No,No
CUST02323,Female,71,No,Yes,1.3,Two Year,Bank Transfer,No,15.0,211.75,Yes,Yes,Yes
CUST02324,Female,43,No,No,0.2,Month-to-Month,Bank Transfer,No,25.77,101.52,No,No,No
CUST02325,Male,30,No,No,2.8,Month-to-Month,Mailed Check,No,20.72,721.81,Yes,Yes,Yes
CUST02326,Male,34,No,Yes,0.4,Month-to-Month,Bank Transfer,No,34.49,211.79,No,No,No
CUST02327,Female,55,No,No,4.8,Month-to-Month,Mailed Check,DSL,71.4,4265.87,No,Yes,Yes
CUST02328,Male,34,Yes,No,3.1,Month-to-Month,Credit Card,DSL,57.3,2024.9,No,No,No
CUST02329,Male,65,No,Yes,6.2,Month-to-Month,Bank Transfer,Fiber Optic,88.53,6652.53,No,No,Yes
CUST02330,Female,31,Yes,No,4.6,One Year,Credit Card,Fiber Optic,91.5,4794.94,No,No,No
CUST02331,Female,62,No,No,0.4,One Year,Mailed Check,DSL,65.78,455.96,Yes,Yes,No
CUST02332,Female,23,No,No,1.4,Month-to-Month,Electronic Check,Fiber Optic,80.35,1509.77,Yes,Yes,No
CUST02333,Female,52,No,Yes,4.5,Month-to-Month,Electronic Check,Fiber Optic,84.58,4743.63,No,No,Yes
CUST02334,Male,63,Yes,No,1.6,One Year,Credit Card,No,37.59,717.72,Yes,Yes,Yes
CUST02335,Male,31,Yes,No,10.8,Two Year,Mailed Check,Fiber Optic,77.47,10198.79,Yes,Yes,No
CUST02336,Female,64,No,No,4.0,Month-to-Month,Mailed Check,Fiber Optic,72.93,3525.02,No,Yes,Yes
CUST02337,Male,25,No,Yes,0.0,Month-to-Month,Electronic Check,Fiber Optic,81.28,224.84,No,No,Yes
CUST02338,Female,32,No,No,6.4,Month-to-Month,Mailed Check,Fiber Optic,95.05,7241.22,No,Yes,No
CUST02339,Female,71,Yes,No,0.3,Month-to-Month,Mailed Check,No,31.12,91.94,Yes,Yes,No
CUST02340,Male,44,No,No,0.5,Month-to-Month,Credit Card,DSL,51.27,351.47,Yes,Yes,Yes
CUST02341,Female,30,No,No,4.0,Month-to-Month,Electronic Check,Fiber Optic,93.13,4234.98,No,No,No
CUST02342,Male,66,No,No,6.0,Month-to-Month,Mailed Check,Fiber Optic,89.43,6396.48,No,No,No
CUST02343,Male,48,No,No,2.3,Month-to-Month,Credit Card,Fiber Optic,78.78,2166.42,No,No,Yes
CUST02344,Male,70,No,No,1.0,One Year,Bank Transfer,DSL,53.48,498.81,No,Yes,No
CUST02345,Male,73,No,No,1.3,Month-to-Month,Electronic Check,DSL,46.81,739.44,No,No,Yes
CUST02346,Female,52,No,Yes,1.3,One Year,Credit Card,DSL,56.15,931.45,Yes,Yes,Yes
CUST02347,Male,23,No,No,1.2,Month-to-Month,Bank Transfer,DSL,60.09,965.82,Yes,Yes,No
CUST02348,Female,22,Yes,No,0.8,Month-to-Month,Mailed Check,No,15.0,99.06,Yes,No,No
CUST02349,Female,39,Yes,Yes,2.8,Two Year,Mailed Check,Fiber Optic,76.84,2737.49,No,No,No
CUST02350,Female,66,No,No,6.9,One Year,Bank Transfer,DSL,68.43,5381.71,Yes,No,No
CUST02351,Female,40,No,Yes,1.1,Month-to-Month,Credit Card,Fiber Optic,82.32,937.28,No,No,No
CUST02352,Male,42,No,No,0.6,One Year,Mailed Check,DSL,68.27,770.31,No,Yes,No
CUST02353,Male,51,No,No,5.5,One Year,Mailed Check,No,19.8,1312.86,Yes,Yes,No
CUST02354,Female,43,Yes,Yes,4.1,Month-to-Month,Credit Card,Fiber Optic,80.75,3803.89,No,Yes,Yes
CUST02355,Female,64,No,No,8.0,Month-to-Month,Credit Card,No,31.74,2960.67,No,No,No
CUST02356,Male,22,No,Yes,0.5,Two Year,Bank Transfer,DSL,52.45,181.87,No,No,Yes
CUST02357,Female,43,Yes,No,0.5,Month-to-Month,Mailed Check,No,40.12,164.73,No,Yes,Yes
CUST02358,Male,37,Yes,No,2.3,Month-to-Month,Credit Card,DSL,54.05,1597.2,Yes,No,No
CUST02359,Female,23,No,No,2.9,Month-to-Month,Electronic Check,DSL,60.7,2178.76,No,Yes,No
CUST02360,Male,23,Yes,Yes,2.0,One Year,Bank Transfer,DSL,46.26,1209.1,Yes,Yes,No
CUST02361,Female,67,No,Yes,2.7,Two Year,Bank Transfer,Fiber Optic,87.12,2638.12,No,Yes,Yes
CUST02362,Female,35,Yes,No,0.6,Two Year,Bank Transfer,DSL,52.49,168.7,No,No,Yes
CUST02363,Male,21,No,No,2.0,One Year,Bank Transfer,Fiber Optic,76.99,1946.12,No,No,No
CUST02364,Female,34,No,Yes,3.2,Two Year,Electronic Check,No,33.73,1291.0,Yes,No,Yes
CUST02365,Female,74,No,Yes,1.7,One Year,Bank Transfer,DSL,65.9,1239.39,No,No,No
CUST02366,Male,31,Yes,Yes,3.4,One Year,Bank Transfer,DSL,50.24,2149.75,No,No,No
CUST02367,Female,31,No,No,1.8,Two Year,Credit Card,No,33.38,807.76,No,No,No
CUST02368,Male,30,Yes,No,1.2,Month-to-Month,Mailed Check,Fiber Optic,83.28,1486.32,Yes,Yes,Yes
CUST02369,Male,24,Yes,Yes,1.1,One Year,Bank Transfer,No,30.86,343.68,No,No,No
CUST02370,Female,61,No,No,1.6,One Year,Credit Card,Fiber Optic,91.72,1986.5,Yes,Yes,Yes
CUST02371,Female,72,No,Yes,0.1,Two Year,Credit Card,Fiber Optic,96.53,191.07,Yes,No,Yes
CUST02372,Female,32,No,No,3.3,Two Year,Mailed Check,DSL,64.94,2490.56,Yes,No,No
CUST02373,Female,36,Yes,No,5.6,Two Year,Credit Card,No,24.0,1671.1,Yes,No,No
CUST02374,Female,60,Yes,No,1.3,Two Year,Credit Card,No,19.25,266.17,No,Yes,Yes
CUST02375,Female,64,Yes,No,0.1,Month-to-Month,Bank Transfer,No,15.0,0.0,No,Yes,No
CUST02376,Female,61,No,No,13.0,Month-to-Month,Bank Transfer,Fiber Optic,90.06,14212.73,No,Yes,No
CUST02377,Male,52,No,No,0.9,Month-to-Month,Credit Card,No,25.79,246.79,Yes,Yes,No
CUST02378,Female,34,No,No,0.4,Month-to-Month,Electronic Check,Fiber Optic,93.5,524.78,Yes,Yes,Yes
CUST02379,Male,52,No,No,1.4,Month-to-Month,Mailed Check,Fiber Optic,76.72,1212.42,Yes,Yes,Yes
CUST02380,Female,36,Yes,Yes,4.0,Month-to-Month,Credit Card,No,33.57,1623.01,Yes,No,No
CUST02381,Female,37,Yes,No,1.0,Month-to-Month,Credit Card,DSL,40.84,510.18,No,Yes,No
CUST02382,Male,53,Yes,No,2.6,Two Year,Electronic Check,DSL,59.04,1728.78,No,No,No
CUST02383,Female,52,Yes,Yes,1.6,Month-to-Month,Mailed Check,DSL,58.13,1140.22,No,No,Yes
CUST02384,Female,49,Yes,Yes,0.4,Two Year,Credit Card,Fiber Optic,76.2,285.63,No,Yes,Yes
CUST02385,Male,65,No,No,1.2,Two Year,Credit Card,Fiber Optic,86.54,1080.63,Yes,Yes,No
CUST02386,Female,61,Yes,Yes,3.9,Month-to-Month,Bank Transfer,Fiber Optic,101.55,4526.52,Yes,No,No
CUST02387,Female,57,No,No,2.8,Month-to-Month,Credit Card,No,35.5,1114.64,No,No,Yes
CUST02388,Female,41,Yes,No,0.4,One Year,Electronic Check,Fiber Optic,108.64,389.67,No,Yes,No
CUST02389,Male,34,No,No,0.5,One Year,Credit Card,DSL,56.23,401.92,No,Yes,Yes
CUST02390,Female,24,No,No,3.1,Month-to-Month,Mailed Check,Fiber Optic,89.63,3089.59,Yes,No,No
CUST02391,Female,60,No,No,5.0,Month-to-Month,Mailed Check,No,26.19,1575.81,Yes,Yes,No
CUST02392,Female,67,Yes,No,1.3,Month-to-Month,Electronic Check,DSL,56.97,931.44,Yes,Yes,Yes
CUST02393,Female,18,No,Yes,2.7,Month-to-Month,Credit Card,Fiber Optic,77.19,2655.45,No,No,No
CUST02394,Male,52,No,No,0.6,Month-to-Month,Credit Card,DSL,62.24,380.31,Yes,No,No
CUST02395,Male,49,Yes,Yes,1.1,Month-to-Month,Credit Card,Fiber Optic,78.56,1062.49,No,Yes,Yes
CUST02396,Female,53,Yes,Yes,0.1,One Year,Credit Card,DSL,68.33,0.0,No,No,Yes
CUST02397,Female,30,Yes,No,4.4,Two Year,Credit Card,DSL,44.23,2220.2,No,No,Yes
CUST02398,Male,23,No,Yes,1.5,One Year,Mailed Check,Fiber Optic,82.56,1545.95,Yes,No,No
CUST02399,Male,31,No,No,5.1,Two Year,Bank Transfer,No,28.01,1830.02,No,Yes,No
CUST02400,Female,54,No,Yes,3.7,One Year,Mailed Check,Fiber Optic,76.06,3477.33,Yes,Yes,No
CUST02401,Male,65,Yes,Yes,5.3,One Year,Bank Transfer,No,31.88,1949.89,No,Yes,No
CUST02402,Female,32,Yes,Yes,1.0,Month-to-Month,Mailed Check,Fiber Optic,80.73,786.68,Yes,Yes,Yes
CUST02403,Male,64,No,Yes,0.6,Month-to-Month,Electronic Check,DSL,66.23,558.48,Yes,No,Yes
CUST02404,Male,21,Yes,No,10.7,Two Year,Credit Card,DSL,48.5,6297.64,Yes,No,No
CUST02405,Male,57,No,No,3.8,Two Year,Bank Transfer,No,33.37,1525.24,No,No,No
CUST02406,Male,33,No,No,5.4,Month-to-Month,Mailed Check,Fiber Optic,84.31,5427.9,Yes,Yes,No
CUST02407,Female,45,Yes,No,0.0,Month-to-Month,Bank Transfer,No,28.29,29.55,No,No,No
CUST02408,Male,33,No,Yes,1.3,One Year,Credit Card,DSL,55.73,754.45,Yes,No,No
CUST02409,Male,21,Yes,No,4.1,Month-to-Month,Electronic Check,DSL,60.67,3109.42,Yes,Yes,Yes
CUST02410,Female,62,No,Yes,0.2,Month-to-Month,Credit Card,Fiber Optic,69.9,217.21,No,Yes,No
CUST02411,Male,43,Yes,No,2.5,Two Year,Mailed Check,DSL,55.38,1572.11,Yes,No,No
CUST02412,Male,45,No,No,1.7,Month-to-Month,Mailed Check,DSL,48.39,979.07,No,Yes,Yes
CUST02413,Female,49,Yes,No,0.1,One Year,Bank Transfer,Fiber Optic,79.0,643.13,No,Yes,No
CUST02414,Male,62,Yes,No,0.8,Two Year,Electronic Check,Fiber Optic,86.95,783.67,No,Yes,Yes
CUST02415,Female,19,No,No,1.0,Month-to-Month,Electronic Check,DSL,63.8,837.44,Yes,No,No
CUST02416,Female,48,Yes,No,0.4,Month-to-Month,Mailed Check,DSL,67.41,436.05,No,Yes,Yes
CUST02417,Female,20,No,No,3.0,Month-to-Month,Bank Transfer,Fiber Optic,80.35,2923.34,No,No,Yes
CUST02418,Female,71,Yes,Yes,0.8,Month-to-Month,Credit Card,Fiber Optic,62.21,547.21,No,Yes,No
CUST02419,Male,25,No,No,1.0,One Year,Credit Card,Fiber Optic,85.56,902.16,Yes,Yes,No
CUST02420,Female,41,Yes,No,6.9,Month-to-Month,Mailed Check,Fiber Optic,70.45,5809.06,No,No,No
CUST02421,Male,32,No,No,1.9,Month-to-Month,Mailed Check,No,33.53,754.92,No,Yes,Yes
CUST02422,Male,60,Yes,Yes,1.5,Month-to-Month,Credit Card,Fiber Optic,77.81,1598.93,No,Yes,Yes
CUST02423,Male,48,Yes,No,3.9,Month-to-Month,Credit Card,No,32.74,1636.95,No,No,Yes
CUST02424,Male,26,Yes,No,7.2,Month-to-Month,Credit Card,Fiber Optic,78.17,7037.33,No,Yes,No
CUST02425,Male,56,No,No,0.1,One Year,Bank Transfer,DSL,45.69,22.76,Yes,No,No
CUST02426,Male,62,Yes,Yes,1.8,Month-to-Month,Electronic Check,Fiber Optic,75.88,1798.34,Yes,Yes,No
CUST02427,Male,19,No,No,2.8,Month-to-Month,Mailed Check,Fiber Optic,88.18,3011.95,Yes,Yes,Yes
CUST02428,Male,25,No,No,1.2,Month-to-Month,Mailed Check,Fiber Optic,74.43,911.17,Yes,No,No
CUST02429,Male,24,Yes,No,4.4,Two Year,Bank Transfer,Fiber Optic,89.37,4453.35,No,Yes,Yes
CUST02430,Male,73,No,No,10.7,Month-to-Month,Credit Card,DSL,69.22,8842.91,No,Yes,No
CUST02431,Female,61,Yes,No,8.6,One Year,Bank Transfer,Fiber Optic,98.37,10123.67,No,Yes,No
CUST02432,Female,68,Yes,Yes,0.9,One Year,Credit Card,Fiber Optic,72.23,650.9,No,Yes,Yes
CUST02433,Female,56,No,Yes,0.8,One Year,Mailed Check,Fiber Optic,74.22,896.09,No,No,No
CUST02434,Male,59,No,No,9.5,Month-to-Month,Electronic Check,Fiber Optic,88.85,10393.26,Yes,No,No
CUST02435,Female,74,No,No,1.8,Two Year,Bank Transfer,No,21.45,455.38,No,No,No
CUST02436,Female,33,Yes,Yes,0.7,One Year,Credit Card,Fiber Optic,89.95,1030.93,No,Yes,Yes
CUST02437,Female,52,Yes,No,3.7,Two Year,Mailed Check,DSL,41.32,1869.69,No,No,No
CUST02438,Male,47,Yes,No,1.0,Month-to-Month,Electronic Check,No,29.43,237.65,No,Yes,No
CUST02439,Male,27,No,No,0.9,One Year,Bank Transfer,DSL,62.55,421.45,No,No,No
CUST02440,Male,55,No,Yes,6.3,One Year,Bank Transfer,Fiber Optic,72.58,5536.86,No,No,No
CUST02441,Male,35,No,Yes,0.5,Month-to-Month,Mailed Check,DSL,54.06,307.71,No,Yes,Yes
CUST02442,Female,67,Yes,No,0.2,Month-to-Month,Bank Transfer,DSL,53.96,28.92,Yes,No,No
CUST02443,Female,22,Yes,No,0.9,One Year,Mailed Check,DSL,59.85,698.67,Yes,No,No
CUST02444,Female,70,Yes,No,2.8,Month-to-Month,Bank Transfer,Fiber Optic,79.65,3024.86,No,No,No
CUST02445,Female,46,Yes,No,0.4,One Year,Electronic Check,DSL,43.58,215.37,No,No,No
CUST02446,Male,56,Yes,No,1.9,Month-to-Month,Electronic Check,DSL,34.81,764.06,Yes,No,No
CUST02447,Male,51,No,No,3.0,Month-to-Month,Bank Transfer,Fiber Optic,95.6,3307.68,No,No,Yes
CUST02448,Male,60,No,No,5.7,One Year,Mailed Check,Fiber Optic,91.68,6053.62,No,No,Yes
CUST02449,Female,62,No,No,0.8,Month-to-Month,Credit Card,No,29.8,334.69,No,Yes,No
CUST02450,Male,40,Yes,No,5.1,Two Year,Bank Transfer,No,29.59,1785.7,No,No,No
CUST02451,Male,22,Yes,Yes,0.8,Two Year,Credit Card,Fiber Optic,88.4,824.37,No,Yes,Yes
CUST02452,Female,47,No,No,3.4,One Year,Mailed Check,No,37.73,1508.41,No,No,No
CUST02453,Female,23,Yes,Yes,1.7,Two Year,Credit Card,Fiber Optic,68.86,1625.75,Yes,No,No
CUST02454,Male,73,No,No,0.4,Two Year,Bank Transfer,Fiber Optic,70.76,138.69,No,No,No
CUST02455,Male,63,No,No,3.8,Month-to-Month,Electronic Check,Fiber Optic,69.59,3268.88,Yes,No,Yes
CUST02456,Male,61,Yes,Yes,0.7,Two Year,Mailed Check,DSL,52.23,529.66,Yes,No,No
CUST02457,Male,21,No,No,0.6,Month-to-Month,Electronic Check,Fiber Optic,86.46,494.86,No,Yes,Yes
CUST02458,Male,46,Yes,No,1.3,Month-to-Month,Electronic Check,Fiber Optic,93.1,1565.22,No,No,Yes
CUST02459,Male,40,No,No,3.2,One Year,Electronic Check,DSL,31.71,1207.02,No,Yes,No
CUST02460,Female,23,No,Yes,0.8,One Year,Bank Transfer,DSL,44.3,497.4,Yes,No,No
CUST02461,Female,49,Yes,No,0.6,Month-to-Month,Mailed Check,DSL,56.05,294.89,No,Yes,Yes
CUST02462,Female,59,Yes,Yes,0.0,Month-to-Month,Credit Card,No,32.04,17.27,Yes,No,No
CUST02463,Male,35,No,Yes,1.9,One Year,Electronic Check,No,28.4,651.7,Yes,Yes,No
CUST02464,Female,32,No,Yes,1.7,Month-to-Month,Credit Card,Fiber Optic,76.0,1632.77,No,Yes,Yes
CUST02465,Male,57,Yes,Yes,0.8,One Year,Mailed Check,DSL,49.4,238.94,No,Yes,No
CUST02466,Male,49,No,No,0.2,One Year,Mailed Check,DSL,53.9,51.9,No,Yes,Yes
CUST02467,Female,26,Yes,No,1.7,Month-to-Month,Credit Card,No,16.27,350.88,No,Yes,No
CUST02468,Male,54,Yes,No,4.7,Month-to-Month,Credit Card,DSL,48.17,2885.77,No,Yes,No
CUST02469,Male,27,Yes,No,3.8,One Year,Electronic Check,No,18.95,903.97,Yes,No,No
CUST02470,Female,37,Yes,Yes,5.9,Month-to-Month,Credit Card,Fiber Optic,89.02,6374.22,Yes,Yes,Yes
CUST02471,Female,23,Yes,No,0.0,Month-to-Month,Credit Card,No,22.69,0.0,No,No,Yes
CUST02472,Female,65,No,Yes,10.2,Month-to-Month,Bank Transfer,Fiber Optic,74.54,9168.41,No,No,No
CUST02473,Male,73,Yes,No,1.3,Month-to-Month,Electronic Check,Fiber Optic,80.86,1356.11,No,Yes,Yes
CUST02474,Female,20,Yes,No,13.9,Month-to-Month,Electronic Check,Fiber Optic,91.02,15506.62,Yes,Yes,No
CUST02475,Female,59,Yes,Yes,0.9,Month-to-Month,Mailed Check,No,29.82,269.23,No,No,Yes
CUST02476,Male,28,No,No,1.9,One Year,Credit Card,No,38.82,855.63,Yes,Yes,No
CUST02477,Female,60,No,Yes,1.3,One Year,Bank Transfer,Fiber Optic,92.59,1816.73,No,Yes,Yes
CUST02478,Female,34,Yes,No,1.3,Two Year,Mailed Check,Fiber Optic,79.0,1201.03,No,No,Yes
CUST02479,Female,49,Yes,Yes,5.5,Month-to-Month,Bank Transfer,No,31.08,2081.58,Yes,No,No
CUST02480,Male,21,Yes,No,4.1,Month-to-Month,Electronic Check,No,38.78,1825.91,No,Yes,Yes
CUST02481,Male,21,Yes,Yes,14.5,One Year,Credit Card,Fiber Optic,81.14,14062.39,No,No,No
CUST02482,Male,34,Yes,No,2.9,One Year,Bank Transfer,DSL,56.92,2017.86,No,No,No
CUST02483,Male,58,Yes,No,1.9,One Year,Mailed Check,DSL,47.79,1053.14,No,No,No
CUST02484,Female,36,Yes,No,0.3,One Year,Electronic Check,No,28.2,111.73,No,Yes,No
CUST02485,Male,22,No,No,15.0,One Year,Bank Transfer,DSL,52.94,9555.43,No,Yes,No
CUST02486,Male,49,Yes,No,2.4,Month-to-Month,Bank Transfer,DSL,60.02,1737.03,No,No,No
CUST02487,Female,39,No,No,3.6,One Year,Mailed Check,DSL,51.93,2165.62,Yes,Yes,No
CUST02488,Female,73,No,Yes,1.6,One Year,Bank Transfer,Fiber Optic,86.72,1808.76,Yes,No,No
CUST02489,Female,23,No,Yes,2.4,Two Year,Electronic Check,Fiber Optic,88.05,2567.74,Yes,Yes,Yes
CUST02490,Male,52,Yes,No,8.6,One Year,Bank Transfer,DSL,48.69,4959.73,No,Yes,No
CUST02491,Male,39,Yes,No,0.5,One Year,Credit Card,DSL,51.78,227.27,No,No,No
CUST02492,Male,18,Yes,No,1.0,Month-to-Month,Credit Card,Fiber Optic,88.7,881.65,No,Yes,No
CUST02493,Female,37,No,Yes,0.5,Two Year,Mailed Check,No,44.71,375.98,Yes,Yes,No
CUST02494,Female,39,Yes,No,4.7,Two Year,Credit Card,DSL,44.94,2470.62,No,No,No
CUST02495,Male,65,No,Yes,0.2,One Year,Credit Card,DSL,59.2,34.34,No,Yes,No
CUST02496,Female,72,No,No,0.3,One Year,Bank Transfer,Fiber Optic,94.71,153.62,Yes,No,No
CUST02497,Female,28,Yes,No,1.1,Month-to-Month,Electronic Check,No,30.76,283.71,No,Yes,Yes
CUST02498,Female,30,No,Yes,2.2,One Year,Electronic Check,Fiber Optic,77.77,2396.05,No,Yes,No
CUST02499,Male,59,Yes,No,1.6,One Year,Bank Transfer,Fiber Optic,84.58,1638.99,No,Yes,No
CUST02500,Female,20,Yes,Yes,0.1,One Year,Credit Card,No,22.26,0.0,No,No,Yes
CUST02501,Female,26,Yes,No,9.5,Month-to-Month,Bank Transfer,DSL,50.98,5776.36,No,Yes,No
CUST02502,Male,29,Yes,No,9.2,One Year,Credit Card,DSL,58.08,6266.38,No,Yes,No
CUST02503,Male,40,No,No,1.0,Month-to-Month,Credit Card,Fiber Optic,84.52,1045.36,Yes,No,Yes
CUST02504,Female,31,Yes,No,3.9,One Year,Credit Card,No,31.57,1467.83,No,No,No
CUST02505,Female,50,Yes,Yes,2.6,Month-to-Month,Electronic Check,Fiber Optic,75.65,2528.63,No,No,Yes
CUST02506,Male,35,No,No,0.8,One Year,Mailed Check,No,25.11,205.97,No,Yes,No
CUST02507,Male,66,No,No,0.9,Month-to-Month,Electronic Check,Fiber Optic,89.9,1035.96,Yes,No,Yes
CUST02508,Female,58,Yes,No,2.0,Month-to-Month,Credit Card,Fiber Optic,71.6,1721.08,No,No,No
CUST02509,Female,26,No,Yes,1.6,One Year,Bank Transfer,DSL,44.39,776.2,No,No,No
CUST02510,Female,40,No,No,1.0,Month-to-Month,Bank Transfer,DSL,52.56,668.47,Yes,No,No
CUST02511,Female,27,Yes,No,4.9,One Year,Credit Card,Fiber Optic,80.86,4741.61,No,No,No
CUST02512,Male,36,Yes,No,2.0,Two Year,Mailed Check,DSL,61.16,1589.5,No,No,Yes
CUST02513,Female,64,Yes,No,3.2,Two Year,Electronic Check,DSL,35.84,1405.16,No,Yes,Yes
CUST02514,Female,22,No,No,0.6,Month-to-Month,Electronic Check,No,29.34,183.12,Yes,No,No
CUST02515,Male,64,No,No,2.3,Two Year,Credit Card,No,40.97,1203.54,Yes,No,No
CUST02516,Female,69,No,No,1.1,Month-to-Month,Credit Card,DSL,57.62,793.88,No,No,No
CUST02517,Male,40,No,Yes,2.2,Two Year,Mailed Check,Fiber Optic,72.73,1844.41,No,No,Yes
CUST02518,Female,47,Yes,No,4.6,One Year,Electronic Check,DSL,74.42,4248.91,Yes,Yes,No
CUST02519,Female,42,Yes,No,4.4,Month-to-Month,Mailed Check,DSL,50.63,2760.83,Yes,No,No
CUST02520,Male,45,Yes,No,1.3,Month-to-Month,Electronic Check,Fiber Optic,65.53,903.75,Yes,Yes,No
CUST02521,Male,51,No,No,3.6,Month-to-Month,Mailed Check,Fiber Optic,91.5,3819.49,No,No,Yes
CUST02522,Female,62,No,No,8.5,One Year,Mailed Check,DSL,48.53,4962.53,No,Yes,No
CUST02523,Female,73,Yes,Yes,2.9,Month-to-Month,Mailed Check,DSL,69.97,2385.43,No,No,No
CUST02524,Female,65,No,No,0.5,One Year,Bank Transfer,DSL,60.77,325.38,No,No,Yes
CUST02525,Male,64,Yes,No,3.4,One Year,Bank Transfer,No,47.05,1844.83,No,No,No
CUST02526,Female,42,Yes,No,0.3,Two Year,Bank Transfer,Fiber Optic,76.57,302.04,No,Yes,No
CUST02527,Male,27,Yes,No,6.2,Two Year,Electronic Check,Fiber Optic,95.22,7126.99,Yes,Yes,No
CUST02528,Male,31,Yes,No,2.2,Month-to-Month,Mailed Check,DSL,48.49,1141.37,No,No,No
CUST02529,Female,59,Yes,Yes,1.5,One Year,Credit Card,Fiber Optic,87.75,1511.68,No,Yes,No
CUST02530,Male,74,Yes,No,0.2,Two Year,Credit Card,Fiber Optic,86.38,110.04,No,Yes,Yes
CUST02531,Female,63,Yes,No,1.4,Two Year,Electronic Check,No,41.1,713.21,No,No,No
CUST02532,Female,47,Yes,No,7.0,Month-to-Month,Electronic Check,DSL,61.48,5234.52,Yes,Yes,No
CUST02533,Female,72,No,No,0.1,Month-to-Month,Credit Card,No,26.28,69.56,Yes,Yes,Yes
CUST02534,Female,58,Yes,Yes,1.9,Month-to-Month,Mailed Check,Fiber Optic,93.71,2067.18,No,No,Yes
CUST02535,Female,42,No,Yes,8.0,Month-to-Month,Bank Transfer,DSL,54.26,5267.45,Yes,No,No
CUST02536,Male,31,Yes,No,1.5,Month-to-Month,Electronic Check,DSL,60.55,908.18,Yes,No,No
CUST02537,Male,52,Yes,No,1.7,Month-to-Month,Electronic Check,Fiber Optic,87.37,2015.01,No,No,Yes
CUST02538,Female,69,Yes,No,2.6,One Year,Electronic Check,No,28.29,843.49,No,No,No
CUST02539,Female,65,Yes,No,1.9,Month-to-Month,Credit Card,Fiber Optic,74.41,1496.06,Yes,Yes,No
CUST02540,Male,51,No,No,0.6,One Year,Bank Transfer,Fiber Optic,86.63,504.36,Yes,No,Yes
CUST02541,Male,27,Yes,No,0.1,Month-to-Month,Mailed Check,DSL,49.6,203.01,Yes,Yes,No
CUST02542,Male,52,No,Yes,2.8,Two Year,Mailed Check,DSL,45.16,1574.69,No,Yes,No
CUST02543,Male,28,No,No,7.6,Two Year,Credit Card,Fiber Optic,91.64,8686.07,No,Yes,No
CUST02544,Female,28,No,No,0.3,One Year,Electronic Check,Fiber Optic,79.95,335.97,Yes,No,Yes
CUST02545,Female,38,No,Yes,0.7,Two Year,Credit Card,Fiber Optic,70.56,784.18,No,No,No
CUST02546,Male,38,No,No,1.4,Month-to-Month,Credit Card,DSL,55.02,884.89,Yes,Yes,No
CUST02547,Female,39,Yes,No,5.0,One Year,Mailed Check,DSL,53.78,3086.42,Yes,Yes,No
CUST02548,Male,62,No,No,0.9,Month-to-Month,Bank Transfer,Fiber Optic,84.51,974.51,No,No,No
CUST02549,Female,24,Yes,Yes,6.4,Month-to-Month,Mailed Check,No,29.5,2269.74,Yes,Yes,No
CUST02550,Male,72,Yes,No,0.2,Month-to-Month,Credit Card,Fiber Optic,76.95,261.69,No,No,Yes
CUST02551,Female,34,Yes,Yes,8.5,One Year,Credit Card,DSL,51.81,5370.39,No,Yes,No
CUST02552,Male,19,No,Yes,2.5,Month-to-Month,Electronic Check,DSL,63.31,1950.36,Yes,Yes,No
CUST02553,Male,29,No,No,3.2,One Year,Electronic Check,DSL,61.84,2362.9,No,Yes,No
CUST02554,Female,74,Yes,No,1.4,Month-to-Month,Credit Card,Fiber Optic,82.17,1372.43,No,Yes,Yes
CUST02555,Male,59,No,No,4.6,Two Year,Mailed Check,Fiber Optic,89.68,5036.8,No,No,No
CUST02556,Female,35,Yes,No,0.5,One Year,Electronic Check,No,30.74,94.49,No,No,Yes
CUST02557,Female,71,Yes,No,0.2,Month-to-Month,Bank Transfer,Fiber Optic,82.36,82.03,No,Yes,No
CUST02558,Male,28,Yes,No,1.5,Month-to-Month,Bank Transfer,DSL,64.97,1442.26,Yes,No,No
CUST02559,Female,33,Yes,No,5.8,Two Year,Credit Card,Fiber Optic,77.84,5343.47,No,No,No
CUST02560,Female,66,Yes,No,4.2,Month-to-Month,Bank Transfer,Fiber Optic,87.45,4526.1,Yes,Yes,No
CUST02561,Female,68,No,No,2.2,Month-to-Month,Bank Transfer,DSL,41.69,1067.84,Yes,No,Yes
CUST02562,Female,35,No,No,2.5,One Year,Electronic Check,No,32.88,973.08,No,No,No
CUST02563,Female,52,Yes,Yes,0.4,Month-to-Month,Electronic Check,No,24.72,11.28,Yes,Yes,No
CUST02564,Male,70,No,No,5.5,Month-to-Month,Mailed Check,Fiber Optic,81.95,5510.68,Yes,Yes,No
CUST02565,Female,43,No,No,4.6,Month-to-Month,Electronic Check,Fiber Optic,82.67,4474.65,No,No,No
CUST02566,Female,33,No,No,3.2,Month-to-Month,Mailed Check,Fiber Optic,67.25,2309.23,No,No,Yes
CUST02567,Female,23,No,No,1.9,Month-to-Month,Electronic Check,Fiber Optic,72.09,1441.12,Yes,Yes,Yes
CUST02568,Female,74,Yes,Yes,10.0,Month-to-Month,Credit Card,DSL,61.64,7410.37,Yes,Yes,No
CUST02569,Female,61,No,No,6.3,Month-to-Month,Mailed Check,DSL,55.84,4144.5,Yes,Yes,No
CUST02570,Male,60,No,No,3.1,Month-to-Month,Credit Card,DSL,66.67,2371.66,Yes,Yes,No
CUST02571,Female,64,Yes,Yes,1.4,Two Year,Mailed Check,Fiber Optic,74.06,1180.13,No,Yes,No
CUST02572,Male,64,Yes,No,2.9,One Year,Bank Transfer,Fiber Optic,91.81,2619.6,No,Yes,Yes
CUST02573,Male,65,No,No,2.6,One Year,Mailed Check,Fiber Optic,88.69,2480.56,No,Yes,Yes
CUST02574,Male,59,Yes,No,1.5,Month-to-Month,Mailed Check,Fiber Optic,94.32,1818.45,No,No,Yes
CUST02575,Male,29,No,No,1.1,Month-to-Month,Mailed Check,DSL,54.14,770.4,No,Yes,Yes
CUST02576,Female,30,Yes,No,1.6,Two Year,Mailed Check,Fiber Optic,85.92,1745.82,No,Yes,No
CUST02577,Male,21,No,No,2.6,One Year,Mailed Check,Fiber Optic,77.98,2527.78,No,Yes,No
CUST02578,Male,56,Yes,No,1.7,Month-to-Month,Bank Transfer,Fiber Optic,82.84,1762.32,No,Yes,Yes
CUST02579,Female,71,No,No,0.9,Month-to-Month,Mailed Check,DSL,51.07,698.46,No,Yes,No
CUST02580,Female,19,No,No,4.3,Month-to-Month,Credit Card,No,19.4,1024.16,No,Yes,No
CUST02581,Female,43,Yes,No,2.3,Two Year,Mailed Check,Fiber Optic,86.09,2382.39,No,Yes,No
CUST02582,Male,44,No,No,0.2,Month-to-Month,Mailed Check,DSL,62.54,342.71,No,Yes,Yes
CUST02583,Female,44,Yes,No,1.4,One Year,Credit Card,No,39.44,704.77,Yes,No,No
CUST02584,Female,32,Yes,No,6.5,One Year,Electronic Check,Fiber Optic,78.52,6214.29,No,Yes,No
CUST02585,Male,25,Yes,No,4.2,Two Year,Electronic Check,DSL,54.71,2702.48,No,Yes,No
CUST02586,Female,24,No,No,1.2,Two Year,Bank Transfer,DSL,53.92,779.92,No,Yes,No
CUST02587,Female,64,Yes,Yes,8.4,Month-to-Month,Mailed Check,DSL,66.8,6580.77,No,No,No
CUST02588,Female,72,Yes,Yes,0.2,One Year,Mailed Check,Fiber Optic,99.29,0.0,No,No,Yes
CUST02589,Female,63,Yes,Yes,9.8,One Year,Electronic Check,Fiber Optic,74.56,8512.15,Yes,Yes,No
CUST02590,Male,57,No,Yes,0.8,One Year,Mailed Check,DSL,58.89,539.36,No,Yes,No
CUST02591,Female,29,No,No,0.0,Two Year,Bank Transfer,Fiber Optic,89.25,244.26,No,Yes,Yes
CUST02592,Female,30,Yes,Yes,1.7,Two Year,Credit Card,DSL,53.4,1135.7,No,Yes,Yes
CUST02593,Male,60,Yes,No,1.3,Month-to-Month,Mailed Check,DSL,44.9,778.27,Yes,Yes,No
CUST02594,Female,34,No,Yes,2.3,Month-to-Month,Credit Card,Fiber Optic,90.64,2344.78,Yes,Yes,Yes
CUST02595,Male,34,Yes,No,4.8,One Year,Bank Transfer,DSL,64.73,3767.59,Yes,Yes,No
CUST02596,Female,73,No,No,5.5,Month-to-Month,Electronic Check,Fiber Optic,80.62,5649.0,No,Yes,Yes
CUST02597,Male,53,No,Yes,1.5,Month-to-Month,Bank Transfer,No,39.57,775.5,Yes,No,Yes
CUST02598,Male,38,No,No,1.7,Month-to-Month,Bank Transfer,DSL,55.03,1081.49,Yes,No,No
CUST02599,Male,25,Yes,Yes,0.5,Two Year,Bank Transfer,DSL,66.38,173.45,Yes,Yes,Yes
CUST02600,Male,22,No,No,0.1,Month-to-Month,Bank Transfer,DSL,66.36,0.0,Yes,No,Yes
CUST02601,Female,43,No,No,3.1,One Year,Credit Card,Fiber Optic,84.81,3266.37,Yes,Yes,No
CUST02602,Male,33,No,No,0.2,Month-to-Month,Bank Transfer,Fiber Optic,88.34,251.03,Yes,Yes,Yes
CUST02603,Female,53,Yes,Yes,4.0,Month-to-Month,Bank Transfer,Fiber Optic,79.38,4095.53,No,No,No
CUST02604,Male,45,Yes,No,2.3,Month-to-Month,Bank Transfer,Fiber Optic,72.01,1996.84,No,Yes,No
CUST02605,Male,71,Yes,No,0.7,Month-to-Month,Bank Transfer,Fiber Optic,87.01,472.51,No,No,No
CUST02606,Male,46,No,No,2.3,Two Year,Credit Card,DSL,43.27,1174.54,No,Yes,No
CUST02607,Female,64,No,No,0.6,Two Year,Bank Transfer,Fiber Optic,101.74,741.22,No,Yes,Yes
CUST02608,Male,29,Yes,No,1.7,One Year,Electronic Check,Fiber Optic,94.11,1847.33,No,No,No
CUST02609,Female,54,Yes,No,4.8,Month-to-Month,Bank Transfer,DSL,53.79,3097.81,Yes,Yes,Yes
CUST02610,Female,47,Yes,Yes,1.9,Month-to-Month,Bank Transfer,Fiber Optic,106.34,2503.82,No,Yes,Yes
CUST02611,Female,40,No,Yes,0.5,Month-to-Month,Mailed Check,Fiber Optic,79.96,155.7,No,No,Yes
CUST02612,Female,33,No,No,3.9,Month-to-Month,Mailed Check,DSL,51.86,2357.45,No,Yes,No
CUST02613,Female,31,Yes,Yes,0.6,Month-to-Month,Mailed Check,Fiber Optic,81.76,795.08,No,Yes,No
CUST02614,Female,27,Yes,Yes,4.0,One Year,Bank Transfer,No,29.49,1510.53,Yes,No,No
CUST02615,Female,24,Yes,Yes,2.0,Month-to-Month,Electronic Check,DSL,52.52,1126.4,No,Yes,No
CUST02616,Female,62,No,No,1.8,Month-to-Month,Electronic Check,DSL,58.65,1117.37,No,No,No
CUST02617,Female,69,No,No,5.7,Two Year,Mailed Check,Fiber Optic,77.01,5385.07,Yes,No,No
CUST02618,Male,54,No,No,3.7,Month-to-Month,Mailed Check,Fiber Optic,86.02,4168.17,No,Yes,No
CUST02619,Male,46,Yes,Yes,0.1,Two Year,Bank Transfer,DSL,50.66,83.06,No,Yes,No
CUST02620,Male,20,No,No,1.1,Two Year,Electronic Check,No,30.5,409.26,Yes,No,No
CUST02621,Male,32,Yes,No,6.1,Month-to-Month,Electronic Check,Fiber Optic,76.34,5479.64,Yes,Yes,No
CUST02622,Male,53,No,No,0.1,Month-to-Month,Mailed Check,No,23.08,74.46,No,No,No
CUST02623,Female,64,Yes,No,2.4,One Year,Electronic Check,DSL,72.0,2030.04,No,Yes,No
CUST02624,Female,63,No,No,3.9,Month-to-Month,Mailed Check,No,22.63,1130.16,Yes,Yes,No
CUST02625,Female,69,No,No,2.9,Month-to-Month,Mailed Check,Fiber Optic,89.19,3168.06,No,Yes,Yes
CUST02626,Female,36,No,Yes,4.3,One Year,Credit Card,DSL,50.71,2642.67,No,No,No
CUST02627,Female,30,No,Yes,3.9,Month-to-Month,Credit Card,No,21.86,987.16,No,Yes,Yes
CUST02628,Female,59,Yes,Yes,3.5,Month-to-Month,Bank Transfer,DSL,55.51,2244.19,No,No,No
CUST02629,Female,38,Yes,No,5.2,One Year,Mailed Check,No,23.05,1409.76,No,No,Yes
CUST02630,Male,54,No,Yes,3.1,One Year,Bank Transfer,Fiber Optic,89.14,3299.61,No,Yes,No
CUST02631,Male,44,Yes,No,1.5,Month-to-Month,Credit Card,No,29.0,586.14,Yes,Yes,No
CUST02632,Male,72,Yes,Yes,1.9,Month-to-Month,Electronic Check,Fiber Optic,95.69,2338.99,Yes,Yes,No
CUST02633,Male,69,Yes,No,3.8,Month-to-Month,Credit Card,Fiber Optic,74.56,3329.66,No,No,Yes
CUST02634,Female,46,No,No,6.3,Month-to-Month,Credit Card,DSL,57.21,4085.62,Yes,No,No
CUST02635,Female,37,Yes,No,1.0,One Year,Credit Card,Fiber Optic,87.96,928.03,No,Yes,Yes
CUST02636,Female,42,Yes,No,1.3,One Year,Electronic Check,Fiber Optic,77.03,1225.29,No,Yes,Yes
CUST02637,Male,23,Yes,Yes,8.0,One Year,Credit Card,Fiber Optic,79.69,7686.95,Yes,Yes,No
CUST02638,Female,53,Yes,No,2.6,Month-to-Month,Mailed Check,DSL,43.61,1520.59,No,Yes,Yes
CUST02639,Female,19,No,Yes,0.6,Month-to-Month,Mailed Check,Fiber Optic,72.52,729.64,No,Yes,No
CUST02640,Female,39,No,No,3.3,Month-to-Month,Credit Card,Fiber Optic,84.05,3461.95,No,Yes,Yes
CUST02641,Male,49,No,No,14.1,Month-to-Month,Bank Transfer,DSL,61.45,10318.32,Yes,Yes,No
CUST02642,Female,33,Yes,Yes,5.2,Month-to-Month,Bank Transfer,Fiber Optic,83.95,5285.61,Yes,Yes,No
CUST02643,Male,35,No,Yes,4.1,Month-to-Month,Electronic Check,No,29.28,1470.7,No,Yes,No
CUST02644,Male,22,No,No,0.7,Month-to-Month,Electronic Check,DSL,44.61,492.34,No,Yes,Yes
CUST02645,Male,71,Yes,No,6.3,One Year,Mailed Check,Fiber Optic,68.19,5020.06,No,Yes,No
CUST02646,Male,53,No,No,2.2,One Year,Mailed Check,No,32.74,922.59,No,Yes,Yes
CUST02647,Female,47,No,No,6.6,One Year,Credit Card,DSL,49.71,3996.61,No,Yes,No
CUST02648,Male,62,No,No,1.2,Month-to-Month,Bank Transfer,Fiber Optic,70.59,944.69,No,Yes,No
CUST02649,Male,36,No,Yes,0.2,Two Year,Mailed Check,Fiber Optic,80.65,403.84,No,Yes,Yes
CUST02650,Female,40,Yes,No,1.9,Two Year,Bank Transfer,Fiber Optic,86.99,1653.49,Yes,Yes,Yes
CUST02651,Female,51,Yes,Yes,0.9,Month-to-Month,Electronic Check,Fiber Optic,88.22,1336.18,No,Yes,Yes
CUST02652,Male,30,No,No,3.8,One Year,Electronic Check,Fiber Optic,86.59,4176.54,Yes,Yes,No
CUST02653,Female,60,Yes,No,9.4,Two Year,Credit Card,DSL,49.44,5557.16,No,Yes,No
CUST02654,Male,71,Yes,Yes,3.5,Month-to-Month,Credit Card,Fiber Optic,89.76,3693.8,Yes,Yes,No
CUST02655,Male,46,No,No,6.5,Month-to-Month,Mailed Check,Fiber Optic,84.84,6611.41,No,Yes,Yes
CUST02656,Male,53,No,No,1.8,Month-to-Month,Bank Transfer,DSL,47.99,964.42,No,Yes,No
CUST02657,Male,39,Yes,No,4.4,Month-to-Month,Mailed Check,DSL,46.06,2411.29,No,No,Yes
CUST02658,Female,69,No,Yes,5.6,Month-to-Month,Mailed Check,No,31.57,2173.36,No,Yes,No
CUST02659,Male,69,No,Yes,3.7,Two Year,Bank Transfer,Fiber Optic,91.95,3952.41,No,Yes,Yes
CUST02660,Female,64,No,No,2.1,One Year,Mailed Check,Fiber Optic,89.75,2430.45,Yes,Yes,Yes
CUST02661,Female,53,Yes,No,2.9,Month-to-Month,Credit Card,No,31.31,1073.98,No,Yes,Yes
CUST02662,Female,26,Yes,No,3.6,One Year,Bank Transfer,Fiber Optic,90.07,4087.82,No,Yes,Yes
CUST02663,Female,56,Yes,Yes,0.9,One Year,Bank Transfer,No,48.97,662.37,No,Yes,Yes
CUST02664,Male,68,Yes,No,5.0,Month-to-Month,Mailed Check,No,32.3,1873.61,No,Yes,No
CUST02665,Female,36,Yes,No,9.0,Month-to-Month,Bank Transfer,Fiber Optic,86.26,8952.02,Yes,No,No
CUST02666,Male,55,Yes,No,1.9,Two Year,Credit Card,Fiber Optic,89.36,2066.91,Yes,Yes,Yes
CUST02667,Female,23,Yes,No,3.6,One Year,Credit Card,Fiber Optic,91.0,3977.99,Yes,No,No
CUST02668,Female,69,No,No,4.0,Month-to-Month,Electronic Check,No,19.31,879.77,No,No,No
CUST02669,Male,64,Yes,No,3.3,Month-to-Month,Electronic Check,Fiber Optic,86.42,3710.38,No,No,Yes
CUST02670,Male,32,No,No,2.4,Month-to-Month,Electronic Check,DSL,63.03,1769.64,Yes,No,No
CUST02671,Male,74,No,No,6.4,Month-to-Month,Electronic Check,DSL,68.97,5384.74,Yes,Yes,No
CUST02672,Female,37,Yes,No,1.8,Month-to-Month,Mailed Check,DSL,55.16,1110.64,Yes,Yes,No
CUST02673,Female,26,No,No,0.2,One Year,Electronic Check,No,26.37,0.0,Yes,Yes,No
CUST02674,Male,49,No,No,5.6,Month-to-Month,Electronic Check,No,31.32,2177.83,No,Yes,No
CUST02675,Male,21,Yes,Yes,3.4,Month-to-Month,Electronic Check,Fiber Optic,79.85,3109.95,No,Yes,Yes
CUST02676,Male,67,No,Yes,5.7,Month-to-Month,Electronic Check,Fiber Optic,97.55,6826.02,Yes,No,No
CUST02677,Male,35,Yes,Yes,0.4,Month-to-Month,Mailed Check,No,33.85,106.45,Yes,Yes,Yes
CUST02678,Female,22,No,Yes,0.1,Two Year,Electronic Check,DSL,54.58,41.49,No,Yes,Yes
CUST02679,Male,37,Yes,Yes,8.2,Month-to-Month,Bank Transfer,DSL,63.91,6268.27,Yes,No,No
CUST02680,Male,40,No,No,0.5,One Year,Credit Card,Fiber Optic,75.77,450.68,No,Yes,No
CUST02681,Male,28,Yes,No,5.0,Month-to-Month,Bank Transfer,No,15.0,880.73,No,Yes,Yes
CUST02682,Male,54,No,No,5.2,Month-to-Month,Mailed Check,Fiber Optic,88.37,5641.73,No,Yes,No
CUST02683,Female,39,Yes,Yes,3.7,One Year,Mailed Check,Fiber Optic,93.59,4331.93,Yes,No,No
CUST02684,Male,21,No,Yes,0.4,Month-to-Month,Mailed Check,DSL,53.86,390.11,Yes,Yes,No
CUST02685,Female,46,No,No,3.3,One Year,Credit Card,Fiber Optic,79.57,3079.79,No,No,Yes
CUST02686,Male,61,Yes,No,6.6,Month-to-Month,Electronic Check,No,22.35,1719.77,Yes,Yes,No
CUST02687,Male,51,No,No,1.7,One Year,Mailed Check,Fiber Optic,75.12,1564.66,No,No,No
CUST02688,Female,30,Yes,No,1.6,One Year,Electronic Check,Fiber Optic,90.32,1801.11,No,Yes,No
CUST02689,Male,59,No,No,1.8,One Year,Mailed Check,DSL,61.54,1375.66,No,No,No
CUST02690,Female,26,No,No,0.3,One Year,Credit Card,No,37.34,248.98,No,No,No
CUST02691,Female,59,No,No,6.7,One Year,Bank Transfer,DSL,55.06,4438.87,Yes,Yes,No
CUST02692,Male,48,No,No,6.1,Two Year,Bank Transfer,DSL,45.75,3541.02,No,Yes,No
CUST02693,Female,24,Yes,No,15.0,Month-to-Month,Credit Card,No,24.28,4413.24,Yes,Yes,No
CUST02694,Female,21,Yes,No,2.6,One Year,Electronic Check,No,34.79,1148.77,Yes,Yes,No
CUST02695,Female,36,Yes,No,4.2,Month-to-Month,Mailed Check,Fiber Optic,76.7,3879.19,No,No,No
CUST02696,Female,59,No,Yes,0.7,Month-to-Month,Bank Transfer,Fiber Optic,84.19,654.7,Yes,Yes,No
CUST02697,Female,47,Yes,No,3.3,Month-to-Month,Credit Card,DSL,46.86,1798.46,Yes,No,Yes
CUST02698,Female,48,No,No,3.1,Two Year,Electronic Check,DSL,49.43,1856.73,Yes,No,No
CUST02699,Female,52,No,No,6.9,Month-to-Month,Bank Transfer,DSL,45.78,3871.2,No,Yes,No
CUST02700,Female,74,Yes,No,5.3,One Year,Credit Card,Fiber Optic,85.13,5380.77,No,Yes,No
CUST02701,Male,38,No,No,8.4,Month-to-Month,Mailed Check,DSL,43.3,4332.08,No,Yes,No
CUST02702,Male,48,Yes,No,6.1,Month-to-Month,Credit Card,No,23.92,1701.41,No,Yes,No
CUST02703,Female,36,Yes,No,6.1,Two Year,Electronic Check,DSL,61.81,4587.71,No,Yes,No
CUST02704,Male,48,No,Yes,0.2,Month-to-Month,Bank Transfer,Fiber Optic,93.39,24.58,No,Yes,No
CUST02705,Female,70,Yes,No,5.6,Month-to-Month,Mailed Check,Fiber Optic,90.37,6144.54,Yes,No,No
CUST02706,Female,49,Yes,Yes,2.8,Month-to-Month,Electronic Check,Fiber Optic,96.32,3291.03,No,Yes,Yes
CUST02707,Male,19,No,Yes,1.4,One Year,Credit Card,DSL,44.44,734.3,No,Yes,No
CUST02708,Female,69,Yes,No,0.2,Month-to-Month,Bank Transfer,No,29.27,140.8,Yes,Yes,No
CUST02709,Female,27,No,Yes,3.4,Month-to-Month,Bank Transfer,Fiber Optic,85.6,3764.87,Yes,No,Yes
CUST02710,Female,19,No,No,1.2,One Year,Electronic Check,Fiber Optic,100.61,1024.97,No,No,No
CUST02711,Female,19,Yes,Yes,1.9,Month-to-Month,Mailed Check,Fiber Optic,83.1,1647.54,No,Yes,Yes
CUST02712,Male,41,Yes,Yes,3.4,One Year,Electronic Check,DSL,61.41,2577.36,No,No,No
CUST02713,Female,34,No,No,7.3,Month-to-Month,Bank Transfer,Fiber Optic,98.55,8966.6,No,No,Yes
CUST02714,Female,49,Yes,No,5.2,Month-to-Month,Bank Transfer,Fiber Optic,86.04,5134.72,No,No,No
CUST02715,Female,33,Yes,No,1.8,One Year,Bank Transfer,No,26.25,589.06,No,No,No
CUST02716,Male,33,No,No,1.5,Two Year,Mailed Check,No,26.94,390.87,No,No,No
CUST02717,Female,63,Yes,No,0.8,One Year,Bank Transfer,DSL,41.31,243.48,No,No,No
CUST02718,Male,56,No,No,1.4,One Year,Bank Transfer,DSL,51.33,1074.63,Yes,Yes,No
CUST02719,Male,70,Yes,No,0.4,Month-to-Month,Electronic Check,DSL,43.63,243.35,Yes,Yes,No
CUST02720,Female,48,Yes,No,10.6,Month-to-Month,Bank Transfer,No,36.26,4500.48,No,No,Yes
CUST02721,Female,60,Yes,No,2.6,Month-to-Month,Credit Card,DSL,42.5,1307.73,Yes,Yes,No
CUST02722,Male,41,No,Yes,0.4,Two Year,Electronic Check,Fiber Optic,88.14,285.41,Yes,Yes,Yes
CUST02723,Female,18,No,No,1.3,Two Year,Bank Transfer,Fiber Optic,94.1,1387.61,No,Yes,No
CUST02724,Male,28,No,No,2.4,Two Year,Electronic Check,Fiber Optic,90.83,2559.03,Yes,Yes,No
CUST02725,Male,72,Yes,No,2.3,Month-to-Month,Electronic Check,DSL,51.14,1432.94,No,Yes,No
CUST02726,Female,38,Yes,No,0.1,Month-to-Month,Credit Card,DSL,61.11,128.25,Yes,No,No
CUST02727,Female,21,Yes,No,9.0,One Year,Electronic Check,Fiber Optic,85.08,9071.6,No,No,No
CUST02728,Male,24,No,No,1.0,One Year,Electronic Check,DSL,51.34,540.41,No,Yes,Yes
CUST02729,Male,43,No,No,0.0,One Year,Mailed Check,DSL,52.09,42.13,No,No,Yes
CUST02730,Male,64,No,Yes,0.2,One Year,Bank Transfer,DSL,58.54,64.3,No,Yes,Yes
CUST02731,Male,67,Yes,Yes,2.6,Month-to-Month,Mailed Check,Fiber Optic,72.55,2167.93,No,Yes,No
CUST02732,Female,29,No,No,0.4,Month-to-Month,Bank Transfer,Fiber Optic,80.97,405.75,No,No,Yes
CUST02733,Female,48,Yes,No,0.1,Month-to-Month,Electronic Check,DSL,58.0,73.14,No,No,Yes
CUST02734,Female,34,No,Yes,1.4,Month-to-Month,Bank Transfer,DSL,50.9,809.88,Yes,Yes,No
CUST02735,Female,50,Yes,Yes,2.9,Month-to-Month,Electronic Check,DSL,44.67,1648.37,Yes,Yes,Yes
CUST02736,Female,28,No,No,0.4,Month-to-Month,Bank Transfer,Fiber Optic,77.87,450.69,Yes,Yes,No
CUST02737,Male,45,Yes,No,1.1,Month-to-Month,Electronic Check,DSL,56.38,971.72,Yes,No,No
CUST02738,Female,49,Yes,No,1.6,One Year,Bank Transfer,Fiber Optic,88.86,1662.02,Yes,Yes,No
CUST02739,Female,18,No,No,0.5,Two Year,Bank Transfer,DSL,63.68,471.88,Yes,Yes,Yes
CUST02740,Female,64,Yes,Yes,2.1,Two Year,Bank Transfer,No,36.25,1019.08,No,No,No
CUST02741,Female,45,Yes,No,0.3,Month-to-Month,Electronic Check,DSL,61.15,110.92,No,No,Yes
CUST02742,Female,70,No,Yes,0.1,Month-to-Month,Bank Transfer,No,15.0,7.24,Yes,No,No
CUST02743,Male,59,No,Yes,2.2,Month-to-Month,Electronic Check,No,36.02,1039.38,No,No,No
CUST02744,Male,24,No,No,0.9,Two Year,Mailed Check,Fiber Optic,80.86,982.21,No,Yes,Yes
CUST02745,Male,19,Yes,No,0.3,Month-to-Month,Bank Transfer,No,18.47,65.64,No,No,No
CUST02746,Female,59,No,Yes,1.7,Month-to-Month,Credit Card,DSL,59.46,1048.74,No,Yes,No
CUST02747,Male,41,No,Yes,7.4,Two Year,Credit Card,DSL,56.43,4864.62,Yes,No,No
CUST02748,Male,21,Yes,No,3.9,Month-to-Month,Electronic Check,DSL,62.08,2848.99,No,Yes,No
CUST02749,Female,61,No,No,5.1,Two Year,Credit Card,DSL,50.72,3022.9,No,No,No
CUST02750,Female,36,Yes,Yes,6.2,Month-to-Month,Electronic Check,DSL,54.95,4002.94,No,Yes,No
CUST02751,Female,43,Yes,No,10.8,Month-to-Month,Electronic Check,Fiber Optic,70.59,8890.13,No,Yes,No
CUST02752,Male,28,Yes,Yes,4.3,Month-to-Month,Credit Card,DSL,70.69,3455.7,No,Yes,Yes
CUST02753,Male,57,Yes,No,2.8,Two Year,Credit Card,Fiber Optic,74.29,2365.34,No,No,Yes
CUST02754,Female,67,No,No,1.4,Two Year,Mailed Check,DSL,48.52,826.48,No,Yes,Yes
CUST02755,Female,60,No,No,0.6,One Year,Electronic Check,Fiber Optic,76.75,499.82,Yes,Yes,Yes
CUST02756,Male,28,No,No,3.5,Month-to-Month,Credit Card,No,31.65,1333.11,No,Yes,No
CUST02757,Male,62,No,No,15.0,Month-to-Month,Mailed Check,Fiber Optic,78.22,14081.1,No,Yes,No
CUST02758,Female,20,Yes,No,1.9,Two Year,Mailed Check,Fiber Optic,93.63,1816.23,No,Yes,Yes
CUST02759,Female,29,No,Yes,3.9,One Year,Electronic Check,Fiber Optic,87.52,4282.05,No,Yes,Yes
CUST02760,Male,20,No,Yes,2.1,One Year,Bank Transfer,Fiber Optic,73.08,1948.73,Yes,Yes,No
CUST02761,Female,59,Yes,No,1.7,Month-to-Month,Credit Card,DSL,61.24,1254.51,Yes,Yes,Yes
CUST02762,Male,44,No,Yes,1.6,Month-to-Month,Credit Card,No,37.3,676.58,No,No,Yes
CUST02763,Male,66,No,No,2.1,Month-to-Month,Credit Card,Fiber Optic,79.17,2210.5,Yes,No,No
CUST02764,Male,71,No,No,1.4,One Year,Credit Card,DSL,45.85,677.06,Yes,No,No
CUST02765,Male,19,No,No,4.1,Two Year,Credit Card,No,33.19,1697.91,No,Yes,No
CUST02766,Female,66,Yes,No,6.2,Month-to-Month,Credit Card,No,35.27,2562.76,Yes,No,No
CUST02767,Female,33,Yes,No,6.4,Month-to-Month,Mailed Check,Fiber Optic,76.97,6114.12,Yes,Yes,No
CUST02768,Male,19,Yes,No,0.8,Month-to-Month,Electronic Check,DSL,62.39,656.9,No,Yes,Yes
CUST02769,Male,71,No,Yes,6.8,Month-to-Month,Mailed Check,Fiber Optic,80.41,6705.45,Yes,Yes,No
CUST02770,Male,47,No,No,1.3,Two Year,Credit Card,DSL,64.47,1033.01,Yes,Yes,No
CUST02771,Male,37,No,Yes,1.1,Month-to-Month,Electronic Check,Fiber Optic,72.36,1019.86,Yes,Yes,No
CUST02772,Male,55,Yes,Yes,3.9,Two Year,Credit Card,DSL,49.13,2302.51,No,No,No
CUST02773,Female,45,Yes,No,1.1,One Year,Electronic Check,Fiber Optic,83.33,930.57,No,Yes,Yes
CUST02774,Female,42,No,Yes,0.2,One Year,Mailed Check,Fiber Optic,77.07,353.62,Yes,No,No
CUST02775,Female,49,No,Yes,1.4,Two Year,Electronic Check,DSL,54.75,890.63,Yes,No,No
CUST02776,Female,27,Yes,Yes,3.8,One Year,Mailed Check,No,27.23,1246.8,No,Yes,No
CUST02777,Male,59,No,No,1.2,Two Year,Credit Card,DSL,53.32,598.64,Yes,Yes,No
CUST02778,Male,57,No,No,3.0,Month-to-Month,Electronic Check,DSL,51.77,1845.28,No,Yes,Yes
CUST02779,Male,50,No,Yes,3.2,One Year,Bank Transfer,Fiber Optic,74.68,2926.84,No,Yes,No
CUST02780,Male,30,No,No,4.0,One Year,Bank Transfer,No,29.82,1534.09,Yes,Yes,No
CUST02781,Male,73,Yes,Yes,6.8,Month-to-Month,Mailed Check,No,29.0,2362.28,No,Yes,No
CUST02782,Female,58,No,No,1.7,One Year,Mailed Check,Fiber Optic,76.93,1516.64,Yes,Yes,No
CUST02783,Male,71,No,No,0.5,One Year,Mailed Check,DSL,64.99,304.3,Yes,Yes,No
CUST02784,Female,59,Yes,No,1.2,Two Year,Mailed Check,No,32.52,427.03,Yes,Yes,No
CUST02785,Female,64,Yes,No,1.7,Month-to-Month,Credit Card,No,35.76,857.15,No,No,No
CUST02786,Female,54,No,No,3.8,One Year,Bank Transfer,DSL,48.53,2109.64,Yes,No,No
CUST02787,Female,71,Yes,Yes,0.0,Month-to-Month,Mailed Check,Fiber Optic,66.53,0.0,No,Yes,Yes
CUST02788,Male,33,Yes,No,1.1,One Year,Electronic Check,Fiber Optic,98.95,1587.88,Yes,Yes,No
CUST02789,Female,62,No,Yes,4.5,Month-to-Month,Electronic Check,Fiber Optic,86.35,4861.92,No,Yes,Yes
CUST02790,Female,39,Yes,No,3.3,One Year,Credit Card,No,32.91,1455.64,Yes,Yes,No
CUST02791,Female,74,No,Yes,3.9,Month-to-Month,Mailed Check,DSL,57.56,2817.55,Yes,Yes,No
CUST02792,Male,37,Yes,No,5.0,Month-to-Month,Electronic Check,Fiber Optic,88.19,5334.75,No,Yes,No
CUST02793,Male,67,No,Yes,4.6,Month-to-Month,Mailed Check,DSL,46.49,2623.89,No,Yes,No
CUST02794,Male,60,Yes,Yes,3.4,Month-to-Month,Electronic Check,Fiber Optic,76.77,2976.88,No,No,Yes
CUST02795,Female,44,Yes,No,1.7,One Year,Credit Card,Fiber Optic,76.79,1551.15,Yes,No,No
CUST02796,Female,58,Yes,No,12.3,Two Year,Electronic Check,DSL,59.41,8654.26,No,No,No
CUST02797,Male,33,No,No,2.5,Month-to-Month,Mailed Check,Fiber Optic,75.29,2474.14,No,Yes,Yes
CUST02798,Female,51,No,No,0.7,Month-to-Month,Mailed Check,No,17.77,97.07,Yes,No,Yes
CUST02799,Male,49,Yes,No,1.0,Month-to-Month,Credit Card,Fiber Optic,79.86,919.06,No,Yes,Yes
CUST02800,Male,43,No,Yes,3.5,One Year,Bank Transfer,Fiber Optic,82.82,3304.62,No,No,No
CUST02801,Female,42,No,Yes,7.8,Month-to-Month,Mailed Check,DSL,54.6,5220.95,No,No,No
CUST02802,Female,19,No,Yes,0.6,Month-to-Month,Bank Transfer,Fiber Optic,81.11,611.56,No,No,Yes
CUST02803,Female,29,Yes,No,0.3,Month-to-Month,Mailed Check,Fiber Optic,88.87,314.66,No,No,Yes
CUST02804,Female,57,No,Yes,6.4,Month-to-Month,Credit Card,No,39.34,2928.03,Yes,Yes,Yes
CUST02805,Male,26,Yes,Yes,7.4,Month-to-Month,Electronic Check,DSL,55.39,5076.91,No,Yes,No
CUST02806,Male,29,Yes,Yes,1.0,Month-to-Month,Bank Transfer,Fiber Optic,94.3,956.36,Yes,No,Yes
CUST02807,Male,43,No,Yes,1.4,One Year,Electronic Check,DSL,59.4,949.79,No,No,No
CUST02808,Male,26,No,No,3.2,One Year,Credit Card,DSL,47.36,1818.22,Yes,No,No
CUST02809,Male,27,Yes,Yes,1.2,Month-to-Month,Credit Card,Fiber Optic,78.23,1210.5,Yes,Yes,Yes
CUST02810,Female,49,Yes,No,6.3,One Year,Credit Card,DSL,47.82,3587.78,No,Yes,No
CUST02811,Male,74,No,No,0.3,Month-to-Month,Mailed Check,DSL,53.47,346.17,No,Yes,No
CUST02812,Male,51,No,No,0.1,Two Year,Mailed Check,Fiber Optic,82.77,108.51,No,No,No
CUST02813,Male,65,Yes,Yes,0.7,Month-to-Month,Mailed Check,Fiber Optic,89.76,1053.07,No,Yes,No
CUST02814,Female,37,No,No,1.0,One Year,Mailed Check,Fiber Optic,83.75,850.86,Yes,No,No
CUST02815,Female,56,Yes,Yes,0.4,One Year,Bank Transfer,Fiber Optic,86.98,509.37,No,No,Yes
CUST02816,Female,19,Yes,No,0.2,Month-to-Month,Credit Card,Fiber Optic,75.66,69.76,No,Yes,No
CUST02817,Female,18,No,Yes,4.2,Two Year,Bank Transfer,DSL,56.93,2851.64,No,No,No
CUST02818,Male,68,Yes,No,0.5,Month-to-Month,Mailed Check,DSL,51.17,170.68,No,No,No
CUST02819,Male,53,Yes,No,7.4,One Year,Electronic Check,Fiber Optic,80.59,7377.96,No,Yes,No
CUST02820,Female,41,No,No,1.4,Month-to-Month,Bank Transfer,DSL,49.83,974.07,No,Yes,Yes
CUST02821,Female,71,No,No,3.3,Month-to-Month,Electronic Check,No,42.09,1769.97,No,No,Yes
CUST02822,Male,44,Yes,No,0.8,One Year,Mailed Check,Fiber Optic,75.56,870.73,Yes,Yes,No
CUST02823,Male,19,No,No,0.8,Month-to-Month,Bank Transfer,DSL,60.41,911.75,No,Yes,Yes
CUST02824,Female,48,No,Yes,2.6,Month-to-Month,Bank Transfer,Fiber Optic,84.63,2676.17,Yes,No,No
CUST02825,Female,74,Yes,No,2.5,Month-to-Month,Bank Transfer,No,19.12,638.07,No,Yes,No
CUST02826,Female,31,No,No,4.4,One Year,Electronic Check,DSL,52.62,2777.29,No,Yes,No
CUST02827,Female,19,Yes,No,4.3,Month-to-Month,Mailed Check,DSL,36.31,1917.79,Yes,Yes,No
CUST02828,Male,46,Yes,Yes,3.3,Month-to-Month,Credit Card,No,43.76,1804.83,Yes,Yes,No
CUST02829,Male,32,No,No,1.8,One Year,Credit Card,DSL,52.06,935.65,No,Yes,No
CUST02830,Male,29,No,Yes,6.6,Month-to-Month,Mailed Check,DSL,63.92,5048.37,No,No,No
CUST02831,Female,54,Yes,Yes,2.9,Month-to-Month,Bank Transfer,DSL,65.77,2259.48,No,Yes,No
CUST02832,Female,45,Yes,Yes,13.9,Month-to-Month,Credit Card,Fiber Optic,80.46,13415.95,Yes,No,No
CUST02833,Male,37,No,Yes,5.1,Month-to-Month,Bank Transfer,Fiber Optic,85.23,5093.98,Yes,Yes,No
CUST02834,Male,56,Yes,No,0.1,Month-to-Month,Mailed Check,Fiber Optic,86.48,132.37,No,No,Yes
CUST02835,Male,41,Yes,No,1.2,Two Year,Electronic Check,No,45.2,683.18,Yes,Yes,No
CUST02836,Male,38,Yes,Yes,2.5,Month-to-Month,Bank Transfer,Fiber Optic,83.47,2336.38,No,Yes,Yes
CUST02837,Female,27,No,No,3.8,Month-to-Month,Electronic Check,No,29.57,1350.61,Yes,No,No
CUST02838,Male,63,Yes,No,2.4,Month-to-Month,Electronic Check,Fiber Optic,73.81,2089.0,No,No,No
CUST02839,Male,31,Yes,No,4.6,Month-to-Month,Mailed Check,DSL,47.85,2756.55,Yes,Yes,No
CUST02840,Male,54,No,No,1.0,One Year,Mailed Check,No,26.0,342.12,No,Yes,No
CUST02841,Male,35,No,No,0.6,Month-to-Month,Electronic Check,DSL,65.41,370.32,No,Yes,No
CUST02842,Male,41,No,Yes,0.2,Month-to-Month,Electronic Check,Fiber Optic,100.15,436.2,No,Yes,Yes
CUST02843,Male,31,Yes,No,2.6,Month-to-Month,Credit Card,DSL,59.01,1835.01,Yes,Yes,Yes
CUST02844,Male,51,No,No,3.5,Two Year,Credit Card,Fiber Optic,87.81,3699.01,Yes,Yes,Yes
CUST02845,Female,29,Yes,No,1.2,Month-to-Month,Mailed Check,No,35.48,445.35,Yes,No,Yes
CUST02846,Female,39,Yes,No,2.9,Month-to-Month,Bank Transfer,Fiber Optic,79.52,2799.55,No,No,No
CUST02847,Female,73,No,No,0.2,One Year,Electronic Check,DSL,66.12,283.61,No,Yes,No
CUST02848,Female,23,Yes,No,0.3,Month-to-Month,Bank Transfer,DSL,43.55,135.83,No,No,No
CUST02849,Male,53,Yes,Yes,3.6,One Year,Electronic Check,Fiber Optic,81.36,3772.0,Yes,Yes,No
CUST02850,Female,62,Yes,Yes,1.4,One Year,Mailed Check,DSL,60.23,1120.58,No,Yes,No
CUST02851,Female,53,Yes,No,3.3,Month-to-Month,Bank Transfer,Fiber Optic,81.15,3078.13,No,No,No
CUST02852,Male,39,Yes,No,5.3,Month-to-Month,Mailed Check,Fiber Optic,104.75,6716.73,Yes,Yes,Yes
CUST02853,Male,31,No,No,5.7,Two Year,Electronic Check,DSL,60.34,3961.18,No,Yes,No
CUST02854,Female,33,Yes,No,0.6,One Year,Mailed Check,Fiber Optic,92.87,489.18,Yes,Yes,Yes
CUST02855,Female,53,Yes,No,2.0,Two Year,Bank Transfer,Fiber Optic,78.93,1619.57,No,Yes,Yes
CUST02856,Male,73,Yes,No,4.0,Month-to-Month,Credit Card,DSL,62.72,2809.09,No,Yes,No
CUST02857,Female,42,No,No,4.5,Month-to-Month,Mailed Check,Fiber Optic,91.48,4885.73,No,No,No
CUST02858,Male,49,No,Yes,4.6,Two Year,Bank Transfer,No,42.52,2330.76,No,Yes,Yes
CUST02859,Male,50,Yes,No,0.8,Month-to-Month,Mailed Check,DSL,37.46,376.67,Yes,Yes,No
CUST02860,Male,62,No,No,0.6,Two Year,Mailed Check,DSL,48.76,263.62,No,Yes,No
CUST02861,Male,53,Yes,Yes,2.7,Month-to-Month,Credit Card,Fiber Optic,87.69,2987.41,Yes,No,No
CUST02862,Female,37,Yes,Yes,4.1,Two Year,Bank Transfer,DSL,57.93,2825.4,Yes,Yes,No
CUST02863,Male,35,Yes,No,1.2,Month-to-Month,Bank Transfer,DSL,54.64,820.71,No,Yes,No
CUST02864,Male,55,Yes,Yes,0.3,Month-to-Month,Bank Transfer,Fiber Optic,72.78,0.0,No,No,No
CUST02865,Female,20,Yes,No,3.8,Two Year,Electronic Check,DSL,56.57,2580.03,Yes,Yes,Yes
CUST02866,Male,40,No,No,1.1,Month-to-Month,Mailed Check,DSL,57.47,849.05,Yes,Yes,No
CUST02867,Female,49,Yes,No,0.5,Month-to-Month,Credit Card,No,29.98,43.38,No,No,No
CUST02868,Female,62,No,No,0.5,Month-to-Month,Bank Transfer,DSL,54.71,331.84,Yes,Yes,No
CUST02869,Female,33,Yes,No,1.1,One Year,Credit Card,No,37.54,436.25,No,Yes,No
CUST02870,Male,22,Yes,No,2.7,Two Year,Electronic Check,DSL,53.77,1907.74,Yes,Yes,Yes
CUST02871,Female,21,Yes,No,1.3,Month-to-Month,Electronic Check,No,20.0,260.5,Yes,Yes,No
CUST02872,Female,38,No,No,0.1,Month-to-Month,Credit Card,Fiber Optic,96.23,531.39,No,No,Yes
CUST02873,Male,57,Yes,No,0.3,Month-to-Month,Bank Transfer,DSL,65.78,406.8,No,Yes,Yes
CUST02874,Female,68,No,No,1.0,One Year,Credit Card,Fiber Optic,84.68,1035.43,No,Yes,Yes
CUST02875,Female,31,Yes,Yes,3.2,Month-to-Month,Bank Transfer,No,37.0,1314.59,No,No,No
CUST02876,Female,56,Yes,No,0.3,Month-to-Month,Bank Transfer,DSL,42.81,114.83,Yes,Yes,Yes
CUST02877,Female,48,Yes,No,2.5,Month-to-Month,Electronic Check,Fiber Optic,83.84,2630.4,No,Yes,No
CUST02878,Female,31,Yes,Yes,0.4,One Year,Credit Card,Fiber Optic,71.29,357.9,No,Yes,No
CUST02879,Male,23,Yes,Yes,0.7,Two Year,Electronic Check,Fiber Optic,94.0,583.07,No,No,Yes
CUST02880,Female,29,Yes,Yes,0.6,Month-to-Month,Mailed Check,Fiber Optic,73.03,687.6,No,No,Yes
CUST02881,Female,33,No,No,0.2,Month-to-Month,Electronic Check,DSL,51.71,114.17,Yes,Yes,No
CUST02882,Male,34,Yes,No,3.3,One Year,Bank Transfer,DSL,56.73,2278.42,Yes,No,No
CUST02883,Male,62,No,Yes,1.9,One Year,Credit Card,Fiber Optic,91.59,2270.51,No,Yes,No
CUST02884,Male,40,Yes,No,5.3,Month-to-Month,Mailed Check,No,34.22,2236.64,Yes,Yes,No
CUST02885,Female,31,No,No,0.3,Month-to-Month,Mailed Check,DSL,64.14,369.47,No,Yes,Yes
CUST02886,Male,24,No,Yes,0.5,Month-to-Month,Mailed Check,Fiber Optic,91.43,676.34,Yes,No,Yes
CUST02887,Female,63,Yes,No,1.1,One Year,Mailed Check,DSL,65.47,776.5,Yes,No,No
CUST02888,Female,49,Yes,No,4.4,One Year,Credit Card,Fiber Optic,70.96,3740.65,Yes,No,Yes
CUST02889,Male,32,No,No,1.1,Month-to-Month,Bank Transfer,Fiber Optic,81.12,1289.79,Yes,No,Yes
CUST02890,Male,61,No,Yes,1.6,Month-to-Month,Mailed Check,Fiber Optic,88.61,1462.27,No,Yes,Yes
CUST02891,Female,34,Yes,Yes,1.1,Month-to-Month,Bank Transfer,No,42.59,466.1,No,Yes,Yes
CUST02892,Male,58,Yes,Yes,0.3,Two Year,Electronic Check,DSL,50.96,238.62,No,Yes,No
CUST02893,Female,71,No,No,8.4,Month-to-Month,Bank Transfer,DSL,70.72,7115.92,Yes,Yes,No
CUST02894,Male,64,Yes,No,2.4,Two Year,Mailed Check,No,32.82,835.35,No,Yes,No
CUST02895,Male,61,No,No,4.7,One Year,Electronic Check,DSL,49.31,2849.84,Yes,No,No
CUST02896,Male,51,Yes,No,3.2,Month-to-Month,Electronic Check,Fiber Optic,75.76,2977.96,No,No,Yes
CUST02897,Female,22,Yes,Yes,2.2,Month-to-Month,Electronic Check,Fiber Optic,90.89,2878.23,Yes,Yes,Yes
CUST02898,Male,62,No,No,0.3,Two Year,Mailed Check,Fiber Optic,79.88,318.52,No,No,No
CUST02899,Female,44,No,No,3.1,Month-to-Month,Bank Transfer,DSL,52.82,2188.96,No,No,Yes
CUST02900,Female,69,Yes,No,0.5,Two Year,Credit Card,DSL,56.3,448.53,No,Yes,No
CUST02901,Female,40,Yes,No,1.6,Month-to-Month,Bank Transfer,Fiber Optic,86.6,1336.71,Yes,Yes,Yes
CUST02902,Female,57,No,No,3.0,One Year,Mailed Check,DSL,70.3,2535.1,No,Yes,Yes
CUST02903,Male,31,No,Yes,4.6,Two Year,Mailed Check,Fiber Optic,88.15,4854.59,Yes,Yes,No
CUST02904,Female,32,Yes,Yes,3.5,Two Year,Electronic Check,Fiber Optic,80.16,3352.52,No,Yes,Yes
CUST02905,Female,60,No,Yes,3.3,Month-to-Month,Bank Transfer,Fiber Optic,79.03,2992.93,No,No,Yes
CUST02906,Male,50,No,Yes,0.5,One Year,Mailed Check,DSL,68.34,519.63,No,Yes,Yes
CUST02907,Female,70,No,No,1.3,Month-to-Month,Mailed Check,No,25.88,385.85,No,No,Yes
CUST02908,Male,48,No,Yes,0.1,Month-to-Month,Credit Card,Fiber Optic,89.68,318.51,Yes,Yes,Yes
CUST02909,Female,52,Yes,Yes,3.8,Month-to-Month,Bank Transfer,Fiber Optic,86.54,4124.2,Yes,Yes,No
CUST02910,Male,34,No,No,9.1,Month-to-Month,Electronic Check,No,33.36,3627.5,Yes,No,No
CUST02911,Female,45,No,No,0.9,Month-to-Month,Electronic Check,Fiber Optic,96.19,922.12,No,Yes,Yes
CUST02912,Male,36,Yes,No,0.3,Month-to-Month,Electronic Check,No,32.26,80.11,No,No,Yes
CUST02913,Female,63,Yes,No,1.9,Two Year,Bank Transfer,DSL,61.54,1406.43,No,Yes,No
CUST02914,Female,71,Yes,No,5.8,One Year,Mailed Check,No,32.45,2279.15,No,No,No
CUST02915,Male,40,No,No,2.4,Month-to-Month,Mailed Check,DSL,51.37,1433.46,No,Yes,No
CUST02916,Male,49,Yes,Yes,0.1,Two Year,Credit Card,No,33.95,12.56,No,Yes,No
CUST02917,Male,57,No,No,11.0,Month-to-Month,Credit Card,No,24.79,3286.81,No,No,No
CUST02918,Male,30,No,No,5.3,Month-to-Month,Mailed Check,DSL,45.69,3000.36,No,No,No
CUST02919,Female,37,No,No,0.4,One Year,Mailed Check,Fiber Optic,89.65,473.95,No,Yes,No
CUST02920,Female,52,No,Yes,7.6,Month-to-Month,Bank Transfer,Fiber Optic,88.71,8085.6,Yes,No,No
CUST02921,Male,22,No,No,1.8,One Year,Credit Card,DSL,57.89,1277.9,Yes,No,No
CUST02922,Female,26,Yes,Yes,1.4,Month-to-Month,Electronic Check,Fiber Optic,84.82,1120.27,Yes,Yes,Yes
CUST02923,Male,46,No,No,1.9,Month-to-Month,Electronic Check,DSL,54.42,1215.6,No,Yes,Yes
CUST02924,Male,23,Yes,No,5.4,Month-to-Month,Electronic Check,No,21.33,1328.72,No,Yes,No
CUST02925,Female,42,No,No,3.2,Two Year,Electronic Check,DSL,40.1,1496.15,Yes,Yes,No
CUST02926,Female,48,Yes,No,0.2,One Year,Mailed Check,Fiber Optic,92.1,52.52,No,Yes,Yes
CUST02927,Female,39,No,No,9.5,One Year,Mailed Check,DSL,61.99,6952.3,Yes,No,No
CUST02928,Female,19,No,No,0.5,One Year,Bank Transfer,DSL,52.99,213.55,No,No,No
CUST02929,Female,62,No,No,4.1,Month-to-Month,Electronic Check,Fiber Optic,96.77,5211.37,No,Yes,No
CUST02930,Female,22,Yes,No,3.0,One Year,Mailed Check,Fiber Optic,89.0,3193.94,No,Yes,No
CUST02931,Female,44,Yes,Yes,0.6,Month-to-Month,Mailed Check,DSL,57.7,554.46,Yes,No,No
CUST02932,Male,42,No,No,0.6,Month-to-Month,Mailed Check,No,46.14,402.4,No,Yes,Yes
CUST02933,Male,25,Yes,Yes,6.1,One Year,Electronic Check,DSL,44.96,3353.0,Yes,Yes,No
CUST02934,Male,72,No,No,1.6,Month-to-Month,Mailed Check,Fiber Optic,84.62,1716.78,No,No,Yes
CUST02935,Male,18,Yes,No,3.2,Month-to-Month,Credit Card,Fiber Optic,78.18,3328.43,No,No,Yes
CUST02936,Male,37,No,No,2.1,Two Year,Electronic Check,Fiber Optic,82.06,2138.03,No,No,No
CUST02937,Female,61,Yes,No,3.9,One Year,Electronic Check,DSL,54.46,2354.88,No,No,Yes
CUST02938,Male,40,No,Yes,2.0,One Year,Credit Card,Fiber Optic,84.64,2001.97,No,No,No
CUST02939,Male,49,No,Yes,1.0,Month-to-Month,Bank Transfer,Fiber Optic,76.41,757.05,No,Yes,Yes
CUST02940,Male,28,Yes,No,1.4,Month-to-Month,Bank Transfer,DSL,55.54,777.62,Yes,Yes,Yes
CUST02941,Male,56,Yes,Yes,5.9,One Year,Electronic Check,DSL,48.4,3468.56,No,No,No
CUST02942,Male,64,Yes,No,1.9,One Year,Electronic Check,DSL,64.57,1204.38,No,Yes,No
CUST02943,Male,71,No,Yes,0.7,Month-to-Month,Electronic Check,DSL,61.12,526.66,Yes,Yes,No
CUST02944,Male,41,No,No,8.2,Two Year,Credit Card,DSL,57.75,5492.42,No,Yes,No
CUST02945,Female,28,No,Yes,4.8,Two Year,Mailed Check,DSL,51.19,2930.75,No,Yes,No
CUST02946,Female,46,No,No,0.2,Month-to-Month,Credit Card,Fiber Optic,86.24,340.91,No,Yes,No
CUST02947,Male,71,Yes,No,15.0,Two Year,Mailed Check,DSL,60.65,10838.6,No,Yes,No
CUST02948,Female,43,Yes,No,3.6,Month-to-Month,Mailed Check,DSL,52.28,2134.72,No,Yes,No
CUST02949,Female,33,Yes,Yes,0.5,Month-to-Month,Bank Transfer,DSL,42.28,224.88,Yes,No,No
CUST02950,Female,52,Yes,No,0.8,Month-to-Month,Credit Card,Fiber Optic,90.75,983.63,No,No,Yes
CUST02951,Female,37,No,Yes,3.5,One Year,Credit Card,DSL,59.24,2523.92,No,No,No
CUST02952,Male,63,No,No,4.5,Two Year,Electronic Check,Fiber Optic,87.57,4716.21,No,Yes,No
CUST02953,Female,20,Yes,No,0.8,One Year,Credit Card,Fiber Optic,78.93,625.65,Yes,Yes,No
CUST02954,Female,18,No,No,0.9,One Year,Mailed Check,Fiber Optic,92.68,925.5,No,Yes,Yes
CUST02955,Female,70,No,No,1.1,Month-to-Month,Mailed Check,DSL,64.19,935.86,Yes,No,Yes
CUST02956,Male,64,Yes,No,2.7,Month-to-Month,Credit Card,Fiber Optic,87.25,2803.65,Yes,No,Yes
CUST02957,Male,18,Yes,No,0.6,Month-to-Month,Bank Transfer,DSL,51.83,398.27,No,Yes,No
CUST02958,Male,34,Yes,No,0.3,Month-to-Month,Bank Transfer,No,27.0,77.74,Yes,No,Yes
CUST02959,Male,19,No,No,3.4,One Year,Electronic Check,Fiber Optic,81.84,3153.97,No,Yes,No
CUST02960,Male,46,No,No,4.5,Month-to-Month,Electronic Check,Fiber Optic,81.47,4725.79,No,Yes,Yes
CUST02961,Male,37,No,No,2.1,One Year,Mailed Check,No,27.17,727.25,Yes,No,No
CUST02962,Male,23,Yes,Yes,1.4,Month-to-Month,Credit Card,Fiber Optic,87.59,1520.01,No,Yes,Yes
CUST02963,Female,25,Yes,No,1.7,Month-to-Month,Mailed Check,DSL,62.17,1247.86,Yes,Yes,No
CUST02964,Female,46,No,No,1.5,Month-to-Month,Mailed Check,DSL,66.61,1388.35,No,Yes,No
CUST02965,Female,65,No,Yes,9.7,Two Year,Credit Card,Fiber Optic,77.7,8919.94,Yes,No,No
CUST02966,Male,68,No,Yes,4.4,Month-to-Month,Mailed Check,No,24.0,1299.53,Yes,No,No
CUST02967,Male,50,No,No,0.7,Month-to-Month,Mailed Check,No,36.75,311.51,No,Yes,Yes
CUST02968,Male,20,Yes,No,1.5,Two Year,Bank Transfer,Fiber Optic,77.7,1357.74,No,No,No
CUST02969,Male,52,No,No,2.4,Two Year,Electronic Check,Fiber Optic,75.73,2139.06,No,Yes,No
CUST02970,Male,22,No,No,2.8,One Year,Bank Transfer,Fiber Optic,77.46,2804.9,Yes,Yes,No
CUST02971,Female,44,Yes,No,1.9,Month-to-Month,Electronic Check,Fiber Optic,83.59,1593.03,Yes,Yes,Yes
CUST02972,Female,61,No,No,5.0,Month-to-Month,Electronic Check,Fiber Optic,98.09,6211.79,No,No,Yes
CUST02973,Male,29,Yes,No,4.4,Two Year,Electronic Check,Fiber Optic,83.98,4605.95,No,Yes,No
CUST02974,Male,37,Yes,No,2.1,Two Year,Bank Transfer,Fiber Optic,87.19,2203.81,No,No,No
CUST02975,Male,62,Yes,Yes,5.8,One Year,Credit Card,No,20.41,1411.2,No,No,No
CUST02976,Male,37,Yes,No,4.2,Month-to-Month,Mailed Check,Fiber Optic,93.59,4715.18,Yes,No,Yes
CUST02977,Female,26,Yes,Yes,4.5,Month-to-Month,Credit Card,DSL,61.97,3406.56,Yes,Yes,No
CUST02978,Male,56,Yes,No,9.4,Month-to-Month,Credit Card,DSL,51.25,5907.47,No,No,No
CUST02979,Male,21,No,No,0.9,One Year,Electronic Check,No,24.5,288.34,Yes,No,No
CUST02980,Male,68,Yes,Yes,0.9,Month-to-Month,Electronic Check,No,37.66,427.71,Yes,Yes,Yes
CUST02981,Male,71,Yes,No,6.6,Two Year,Bank Transfer,Fiber Optic,83.19,6593.32,Yes,Yes,No
CUST02982,Female,36,Yes,No,4.4,Month-to-Month,Bank Transfer,Fiber Optic,79.69,3913.84,No,No,Yes
CUST02983,Male,55,No,No,7.8,One Year,Mailed Check,No,27.07,2443.66,Yes,Yes,No
CUST02984,Male,44,Yes,No,0.2,Month-to-Month,Credit Card,No,31.91,146.8,No,Yes,No
CUST02985,Female,62,Yes,No,3.0,Month-to-Month,Credit Card,Fiber Optic,90.85,3356.6,No,No,No
CUST02986,Female,60,No,No,0.5,Month-to-Month,Mailed Check,DSL,57.59,440.8,Yes,No,Yes
CUST02987,Female,30,No,No,2.1,One Year,Electronic Check,Fiber Optic,87.17,2337.78,No,Yes,Yes
CUST02988,Male,30,No,No,0.5,One Year,Bank Transfer,DSL,53.08,383.54,No,Yes,Yes
CUST02989,Male,74,No,No,0.4,Month-to-Month,Mailed Check,No,31.16,203.74,Yes,No,Yes
CUST02990,Female,39,Yes,No,0.0,Two Year,Credit Card,DSL,51.87,0.0,Yes,No,No
CUST02991,Female,45,No,Yes,3.0,Month-to-Month,Mailed Check,Fiber Optic,82.84,3076.13,Yes,No,No
CUST02992,Female,69,Yes,No,1.3,Two Year,Mailed Check,Fiber Optic,96.37,1590.71,No,No,Yes
CUST02993,Female,64,Yes,No,0.3,Two Year,Credit Card,Fiber Optic,85.34,533.02,No,No,Yes
CUST02994,Female,70,Yes,No,1.2,Two Year,Credit Card,Fiber Optic,82.06,587.62,Yes,No,No
CUST02995,Female,62,No,No,0.6,Month-to-Month,Bank Transfer,DSL,49.61,594.29,No,Yes,No
CUST02996,Male,39,Yes,No,8.5,Month-to-Month,Bank Transfer,Fiber Optic,67.39,6988.42,No,Yes,No
CUST02997,Male,60,No,Yes,1.2,Two Year,Credit Card,Fiber Optic,101.69,1516.5,Yes,No,Yes
CUST02998,Male,36,No,No,1.2,Month-to-Month,Bank Transfer,DSL,72.57,906.68,No,Yes,Yes
CUST02999,Female,25,Yes,No,5.5,Month-to-Month,Bank Transfer,No,35.02,2291.0,Yes,Yes,No
CUST03000,Female,69,No,No,3.1,One Year,Bank Transfer,Fiber Optic,76.72,2907.13,No,Yes,No
CUST03001,Female,25,No,Yes,3.7,Month-to-Month,Credit Card,Fiber Optic,106.88,5102.39,Yes,No,No
CUST03002,Female,59,No,No,3.0,One Year,Electronic Check,Fiber Optic,73.77,2880.76,No,No,Yes
CUST03003,Female,43,Yes,No,8.8,Two Year,Electronic Check,Fiber Optic,88.15,9417.29,Yes,Yes,No
CUST03004,Female,65,No,Yes,0.7,One Year,Bank Transfer,Fiber Optic,71.3,703.07,No,Yes,Yes
CUST03005,Male,68,Yes,No,13.5,Month-to-Month,Electronic Check,Fiber Optic,67.62,10981.68,Yes,Yes,No
CUST03006,Male,43,No,Yes,5.3,Month-to-Month,Bank Transfer,No,31.86,1961.36,No,No,No
CUST03007,Female,40,No,No,2.7,Month-to-Month,Electronic Check,Fiber Optic,87.87,2709.51,Yes,Yes,Yes
CUST03008,Male,60,Yes,No,3.3,Month-to-Month,Electronic Check,Fiber Optic,85.95,3569.52,Yes,No,No
CUST03009,Female,30,No,Yes,3.1,Month-to-Month,Mailed Check,Fiber Optic,96.94,3743.37,Yes,Yes,Yes
CUST03010,Male,45,No,Yes,0.2,Month-to-Month,Bank Transfer,Fiber Optic,84.62,98.77,Yes,Yes,Yes
CUST03011,Female,26,No,No,0.7,Month-to-Month,Electronic Check,Fiber Optic,91.5,630.18,No,Yes,Yes
CUST03012,Female,37,Yes,No,9.8,Month-to-Month,Electronic Check,No,23.74,2822.37,No,Yes,No
CUST03013,Male,73,Yes,No,2.3,Two Year,Mailed Check,DSL,65.36,1764.58,No,No,No
CUST03014,Male,36,No,No,1.4,Month-to-Month,Electronic Check,DSL,66.04,1005.16,No,No,Yes
CUST03015,Female,65,No,No,4.3,Month-to-Month,Mailed Check,Fiber Optic,82.96,4337.66,Yes,Yes,No
CUST03016,Female,56,No,Yes,2.2,One Year,Electronic Check,DSL,58.0,1609.69,Yes,No,No
CUST03017,Male,68,Yes,No,0.0,One Year,Mailed Check,No,24.41,0.0,No,Yes,No
CUST03018,Male,29,Yes,No,4.0,Month-to-Month,Mailed Check,DSL,53.24,2519.28,No,Yes,Yes
CUST03019,Female,32,No,No,4.0,One Year,Credit Card,DSL,60.9,3012.19,No,No,Yes
CUST03020,Male,48,No,No,0.5,Month-to-Month,Bank Transfer,No,33.88,309.95,No,Yes,No
CUST03021,Female,72,Yes,Yes,9.4,Month-to-Month,Credit Card,DSL,41.17,4667.7,Yes,Yes,No
CUST03022,Female,31,No,Yes,0.8,Two Year,Bank Transfer,Fiber Optic,75.9,651.31,Yes,Yes,No
CUST03023,Female,28,No,No,1.8,Two Year,Electronic Check,No,25.3,504.42,No,Yes,No
CUST03024,Female,43,Yes,No,0.4,One Year,Bank Transfer,Fiber Optic,86.76,416.1,No,Yes,No
CUST03025,Male,59,Yes,No,2.8,One Year,Credit Card,Fiber Optic,77.66,2603.42,Yes,No,No
CUST03026,Male,44,Yes,No,1.4,Two Year,Bank Transfer,DSL,43.69,545.38,No,Yes,No
CUST03027,Male,28,No,No,1.3,Two Year,Credit Card,DSL,33.97,414.62,No,Yes,No
CUST03028,Male,55,Yes,No,5.3,Month-to-Month,Bank Transfer,DSL,71.69,4231.99,No,Yes,Yes
CUST03029,Male,51,Yes,No,0.0,One Year,Electronic Check,DSL,56.62,1.66,No,Yes,No
CUST03030,Male,60,No,Yes,4.8,Month-to-Month,Electronic Check,Fiber Optic,73.46,4385.85,Yes,No,No
CUST03031,Male,36,Yes,Yes,2.5,Month-to-Month,Bank Transfer,Fiber Optic,93.26,2967.93,No,No,Yes
CUST03032,Female,23,Yes,No,12.8,Month-to-Month,Bank Transfer,Fiber Optic,96.95,14643.2,No,No,Yes
CUST03033,Male,63,Yes,No,2.7,One Year,Electronic Check,DSL,56.71,1733.32,No,Yes,No
CUST03034,Male,69,No,No,0.2,Two Year,Bank Transfer,Fiber Optic,89.98,0.0,Yes,No,Yes
CUST03035,Female,55,No,No,0.2,Two Year,Mailed Check,DSL,65.47,168.78,No,Yes,Yes
CUST03036,Male,66,Yes,No,6.4,Month-to-Month,Electronic Check,DSL,59.84,4706.81,Yes,Yes,Yes
CUST03037,Male,59,No,Yes,5.5,Month-to-Month,Electronic Check,Fiber Optic,90.06,6148.89,Yes,No,No
CUST03038,Female,45,No,No,1.3,Month-to-Month,Credit Card,Fiber Optic,72.73,1035.66,No,Yes,No
CUST03039,Male,18,Yes,Yes,2.9,Month-to-Month,Credit Card,No,15.0,525.31,No,Yes,No
CUST03040,Male,52,Yes,Yes,2.0,Two Year,Mailed Check,No,36.89,830.49,No,No,No
CUST03041,Male,57,Yes,No,10.2,Month-to-Month,Bank Transfer,Fiber Optic,83.21,10188.21,No,No,No
CUST03042,Female,25,Yes,Yes,9.0,One Year,Mailed Check,Fiber Optic,81.36,8683.81,No,Yes,No
CUST03043,Male,69,No,No,12.4,Month-to-Month,Bank Transfer,DSL,62.79,9272.22,Yes,No,No
CUST03044,Male,71,No,Yes,6.0,Month-to-Month,Credit Card,DSL,47.36,3284.78,No,No,No
CUST03045,Female,64,Yes,Yes,7.2,One Year,Bank Transfer,No,29.71,2388.15,No,No,No
CUST03046,Male,73,Yes,No,0.7,Month-to-Month,Credit Card,DSL,55.46,423.48,No,Yes,Yes
CUST03047,Female,24,Yes,No,5.3,Month-to-Month,Electronic Check,Fiber Optic,90.52,5818.3,No,No,No
CUST03048,Female,28,No,Yes,3.7,Month-to-Month,Electronic Check,DSL,57.73,2586.78,No,No,Yes
CUST03049,Male,56,Yes,Yes,9.9,One Year,Bank Transfer,DSL,57.73,6685.97,No,No,No
CUST03050,Female,21,No,No,2.5,Two Year,Credit Card,Fiber Optic,81.76,2083.92,No,No,Yes
CUST03051,Female,42,Yes,No,0.3,Two Year,Mailed Check,DSL,51.97,178.81,No,Yes,No
CUST03052,Male,29,No,No,2.7,Two Year,Credit Card,Fiber Optic,87.72,2638.75,No,Yes,No
CUST03053,Female,43,No,No,3.5,Two Year,Credit Card,DSL,51.0,2095.89,No,No,No
CUST03054,Female,55,Yes,Yes,0.7,Two Year,Credit Card,Fiber Optic,78.37,475.09,Yes,Yes,No
CUST03055,Male,63,No,No,1.5,One Year,Electronic Check,Fiber Optic,95.29,1418.68,Yes,Yes,No
CUST03056,Male,29,No,No,2.7,Month-to-Month,Credit Card,Fiber Optic,79.6,2765.47,Yes,No,No
CUST03057,Male,60,Yes,No,1.4,Month-to-Month,Bank Transfer,Fiber Optic,81.33,1441.17,No,Yes,Yes
CUST03058,Female,68,No,Yes,1.4,Two Year,Electronic Check,DSL,64.81,1085.63,Yes,Yes,No
CUST03059,Male,70,Yes,No,0.4,Month-to-Month,Electronic Check,Fiber Optic,79.48,522.76,No,Yes,Yes
CUST03060,Female,54,No,Yes,8.5,Month-to-Month,Electronic Check,Fiber Optic,87.57,8935.12,No,No,No
CUST03061,Female,63,Yes,Yes,4.2,Two Year,Credit Card,No,33.27,1651.77,No,No,No
CUST03062,Female,70,No,Yes,0.0,Month-to-Month,Mailed Check,DSL,54.28,179.99,Yes,No,Yes
CUST03063,Female,41,No,Yes,4.4,Two Year,Credit Card,DSL,51.89,2918.78,Yes,Yes,No
CUST03064,Female,33,No,No,4.0,One Year,Credit Card,DSL,45.99,2114.64,No,No,Yes
CUST03065,Female,74,No,No,0.0,Month-to-Month,Mailed Check,DSL,60.02,32.74,No,Yes,Yes
CUST03066,Female,30,No,Yes,1.4,One Year,Credit Card,DSL,63.82,1090.54,No,Yes,No
CUST03067,Male,42,Yes,No,2.8,Two Year,Bank Transfer,DSL,62.97,2224.45,No,Yes,Yes
CUST03068,Male,71,No,No,1.8,Month-to-Month,Mailed Check,Fiber Optic,87.97,1713.77,No,No,Yes
CUST03069,Female,71,No,No,4.5,One Year,Bank Transfer,No,15.0,848.28,No,Yes,Yes
CUST03070,Female,74,No,No,1.7,Two Year,Bank Transfer,DSL,61.16,1134.46,No,No,No
CUST03071,Male,69,No,Yes,0.5,Month-to-Month,Electronic Check,No,29.13,166.94,No,Yes,Yes
CUST03072,Female,71,No,No,11.2,Month-to-Month,Electronic Check,No,25.26,3338.0,No,Yes,No
CUST03073,Male,21,No,No,0.8,Month-to-Month,Mailed Check,No,35.26,300.77,No,No,Yes
CUST03074,Male,28,Yes,No,3.8,Month-to-Month,Credit Card,No,31.81,1384.62,No,No,No
CUST03075,Male,49,Yes,No,0.5,Month-to-Month,Bank Transfer,Fiber Optic,93.07,380.67,Yes,No,No
CUST03076,Female,66,Yes,No,1.2,One Year,Credit Card,Fiber Optic,87.73,1398.77,No,Yes,Yes
CUST03077,Female,24,Yes,No,1.8,Month-to-Month,Bank Transfer,Fiber Optic,82.86,1782.62,No,No,No
CUST03078,Male,63,No,Yes,0.6,Two Year,Electronic Check,Fiber Optic,82.21,919.78,No,No,Yes
CUST03079,Male,28,Yes,No,1.8,Month-to-Month,Electronic Check,No,34.89,738.4,Yes,Yes,Yes
CUST03080,Male,45,Yes,Yes,0.5,Month-to-Month,Electronic Check,Fiber Optic,74.3,329.01,Yes,No,No
CUST03081,Male,71,No,No,2.5,One Year,Mailed Check,DSL,50.99,1476.16,Yes,No,No
CUST03082,Male,58,Yes,Yes,3.3,Two Year,Bank Transfer,Fiber Optic,67.45,2650.06,Yes,No,No
CUST03083,Female,40,Yes,No,0.2,Month-to-Month,Credit Card,Fiber Optic,88.37,267.22,Yes,Yes,No
CUST03084,Male,62,Yes,No,6.1,Month-to-Month,Bank Transfer,No,35.16,2545.6,No,No,No
CUST03085,Female,40,Yes,No,0.6,Two Year,Credit Card,DSL,48.85,225.81,No,No,No
CUST03086,Male,67,No,No,0.8,Month-to-Month,Credit Card,Fiber Optic,76.25,874.41,No,Yes,Yes
CUST03087,Female,45,No,No,3.2,Month-to-Month,Credit Card,DSL,62.63,2557.49,No,No,No
CUST03088,Female,60,No,No,1.9,Month-to-Month,Bank Transfer,No,24.29,533.05,Yes,No,No
CUST03089,Female,64,Yes,No,2.1,One Year,Electronic Check,DSL,60.15,1694.44,No,No,Yes
CUST03090,Female,74,No,No,0.4,Month-to-Month,Mailed Check,No,29.89,113.28,No,No,Yes
CUST03091,Female,43,Yes,No,4.9,One Year,Mailed Check,DSL,50.77,3091.02,No,Yes,No
CUST03092,Female,42,Yes,No,2.9,One Year,Electronic Check,DSL,59.64,1962.21,Yes,No,No
CUST03093,Male,71,Yes,No,0.4,Two Year,Mailed Check,DSL,55.25,527.5,No,No,Yes
CUST03094,Female,46,Yes,Yes,1.4,Month-to-Month,Credit Card,DSL,66.96,889.38,Yes,Yes,Yes
CUST03095,Male,36,Yes,No,5.0,Month-to-Month,Mailed Check,Fiber Optic,79.12,4573.03,No,No,Yes
CUST03096,Female,50,Yes,No,2.5,Month-to-Month,Bank Transfer,DSL,44.4,1527.23,No,No,Yes
CUST03097,Female,53,No,No,0.3,Month-to-Month,Electronic Check,Fiber Optic,84.87,15.0,Yes,Yes,Yes
CUST03098,Male,31,Yes,No,1.4,One Year,Electronic Check,DSL,58.81,958.92,Yes,No,No
CUST03099,Female,31,Yes,Yes,0.8,One Year,Electronic Check,No,28.5,243.47,No,No,Yes
CUST03100,Male,52,Yes,No,2.2,One Year,Electronic Check,DSL,69.39,1836.14,No,Yes,No
CUST03101,Male,47,No,No,5.6,Two Year,Bank Transfer,Fiber Optic,94.7,6412.3,No,No,Yes
CUST03102,Male,45,Yes,No,1.7,Two Year,Credit Card,Fiber Optic,80.8,1609.65,Yes,No,Yes
CUST03103,Male,34,No,Yes,1.7,Month-to-Month,Credit Card,No,30.51,667.69,Yes,Yes,No
CUST03104,Female,20,No,No,7.1,Two Year,Credit Card,No,15.56,1369.52,Yes,Yes,No
CUST03105,Female,33,Yes,No,2.6,Month-to-Month,Mailed Check,No,38.41,1153.84,No,Yes,No
CUST03106,Male,63,Yes,Yes,2.5,One Year,Credit Card,DSL,49.56,1309.53,Yes,Yes,No
CUST03107,Female,47,Yes,Yes,0.9,Month-to-Month,Mailed Check,No,31.59,298.58,Yes,No,No
CUST03108,Female,69,No,No,2.8,Two Year,Bank Transfer,Fiber Optic,82.94,2836.55,No,Yes,No
CUST03109,Male,46,Yes,Yes,2.6,Month-to-Month,Mailed Check,No,18.09,570.12,No,No,No
CUST03110,Female,62,Yes,No,1.5,One Year,Credit Card,DSL,61.67,1218.82,No,No,No
CUST03111,Male,32,Yes,Yes,14.0,Two Year,Electronic Check,No,21.53,3697.44,No,Yes,No
CUST03112,Male,63,No,No,6.4,One Year,Bank Transfer,Fiber Optic,80.85,6243.18,No,Yes,No
CUST03113,Female,73,Yes,No,4.2,One Year,Credit Card,Fiber Optic,91.82,4553.22,No,No,No
CUST03114,Female,42,Yes,No,2.3,Month-to-Month,Credit Card,Fiber Optic,77.23,2019.26,No,No,Yes
CUST03115,Female,68,No,No,1.9,Month-to-Month,Credit Card,Fiber Optic,96.93,2173.76,No,Yes,Yes
CUST03116,Male,55,No,No,0.6,Two Year,Bank Transfer,Fiber Optic,77.1,686.42,No,Yes,Yes
CUST03117,Male,59,No,No,1.1,One Year,Electronic Check,Fiber Optic,75.64,907.15,No,Yes,No
CUST03118,Female,64,Yes,Yes,4.5,One Year,Electronic Check,Fiber Optic,85.37,4711.94,No,Yes,Yes
CUST03119,Female,70,No,No,1.8,Month-to-Month,Electronic Check,Fiber Optic,98.07,1905.65,No,No,No
CUST03120,Female,71,No,Yes,6.4,Month-to-Month,Credit Card,Fiber Optic,84.95,6521.2,No,Yes,No
CUST03121,Female,69,Yes,No,0.5,Month-to-Month,Mailed Check,DSL,62.85,182.37,No,Yes,Yes
CUST03122,Male,55,No,Yes,2.1,Month-to-Month,Credit Card,No,19.27,463.8,No,No,No
CUST03123,Female,40,Yes,No,3.1,Month-to-Month,Electronic Check,Fiber Optic,82.07,3295.54,Yes,Yes,No
CUST03124,Male,42,No,No,2.2,Month-to-Month,Bank Transfer,DSL,52.58,1415.46,No,Yes,No
CUST03125,Male,59,Yes,Yes,6.6,Month-to-Month,Mailed Check,Fiber Optic,74.91,5912.82,No,No,Yes
CUST03126,Female,24,No,Yes,13.7,One Year,Mailed Check,DSL,42.27,6972.02,No,No,No
CUST03127,Female,39,Yes,No,0.4,Month-to-Month,Credit Card,DSL,53.07,309.32,Yes,Yes,No
CUST03128,Female,34,No,No,0.4,One Year,Bank Transfer,Fiber Optic,97.64,532.0,No,Yes,Yes
CUST03129,Male,35,Yes,No,0.4,Two Year,Mailed Check,Fiber Optic,86.75,456.03,Yes,Yes,No
CUST03130,Female,66,No,No,3.4,Month-to-Month,Electronic Check,DSL,49.54,1922.27,No,Yes,No
CUST03131,Female,58,No,Yes,1.4,Two Year,Credit Card,DSL,38.7,535.73,Yes,No,No
CUST03132,Male,27,Yes,No,4.0,Two Year,Credit Card,No,27.02,1336.41,No,Yes,No
CUST03133,Female,27,No,Yes,1.6,Month-to-Month,Electronic Check,DSL,51.48,853.71,No,Yes,No
CUST03134,Male,74,No,No,3.0,Month-to-Month,Electronic Check,DSL,58.08,2133.17,No,No,Yes
CUST03135,Female,24,Yes,No,4.4,Month-to-Month,Electronic Check,No,27.97,1533.2,No,No,No
CUST03136,Male,65,Yes,No,2.4,One Year,Mailed Check,DSL,60.05,1605.77,Yes,No,No
CUST03137,Female,67,No,No,2.3,Month-to-Month,Bank Transfer,Fiber Optic,91.14,2395.83,Yes,Yes,No
CUST03138,Female,55,Yes,Yes,0.3,Month-to-Month,Mailed Check,DSL,54.44,179.27,No,Yes,No
CUST03139,Male,44,Yes,No,1.6,One Year,Bank Transfer,Fiber Optic,84.55,1473.41,Yes,Yes,No
CUST03140,Male,69,Yes,No,2.4,Month-to-Month,Credit Card,Fiber Optic,85.27,2301.89,No,No,No
CUST03141,Female,50,Yes,Yes,1.9,Two Year,Bank Transfer,No,16.04,348.64,No,No,No
CUST03142,Male,18,Yes,Yes,6.9,Month-to-Month,Electronic Check,Fiber Optic,90.76,7375.25,Yes,Yes,No
CUST03143,Male,61,Yes,No,7.1,Two Year,Mailed Check,Fiber Optic,98.58,8494.74,Yes,Yes,No
CUST03144,Male,70,No,No,5.2,Month-to-Month,Electronic Check,No,30.47,1906.37,Yes,Yes,No
CUST03145,Male,51,No,No,1.4,Month-to-Month,Credit Card,No,23.74,330.13,No,Yes,No
CUST03146,Female,21,Yes,No,3.8,Month-to-Month,Mailed Check,DSL,54.94,2695.35,Yes,No,No
CUST03147,Female,34,No,Yes,1.5,Two Year,Mailed Check,No,26.52,461.54,Yes,Yes,Yes
CUST03148,Male,21,No,No,0.8,Month-to-Month,Electronic Check,Fiber Optic,85.22,806.31,No,Yes,No
CUST03149,Male,60,No,No,1.3,One Year,Mailed Check,Fiber Optic,82.5,1200.7,No,No,No
CUST03150,Male,71,Yes,Yes,0.2,Two Year,Electronic Check,Fiber Optic,67.78,161.17,No,Yes,Yes
CUST03151,Male,43,Yes,No,1.2,One Year,Bank Transfer,Fiber Optic,85.76,1079.49,No,Yes,Yes
CUST03152,Female,21,No,Yes,1.9,Month-to-Month,Credit Card,DSL,72.79,1462.67,Yes,Yes,No
CUST03153,Female,18,No,Yes,9.3,Two Year,Electronic Check,Fiber Optic,74.31,8243.74,Yes,No,No
CUST03154,Male,24,No,Yes,1.1,Two Year,Credit Card,Fiber Optic,93.78,1506.9,Yes,Yes,Yes
CUST03155,Male,47,No,No,7.0,Month-to-Month,Mailed Check,DSL,58.21,4954.78,No,Yes,No
CUST03156,Male,67,Yes,No,0.8,One Year,Credit Card,Fiber Optic,77.65,934.61,Yes,Yes,No
CUST03157,Female,26,No,No,0.6,Two Year,Credit Card,No,19.25,116.48,No,No,Yes
CUST03158,Male,52,Yes,No,2.2,Two Year,Credit Card,Fiber Optic,87.1,2157.24,No,Yes,Yes
CUST03159,Female,25,Yes,No,3.3,Month-to-Month,Mailed Check,Fiber Optic,87.89,3389.78,No,No,No
CUST03160,Male,41,No,No,0.1,Two Year,Bank Transfer,No,17.93,39.95,Yes,Yes,No
CUST03161,Female,36,Yes,No,0.7,Month-to-Month,Bank Transfer,Fiber Optic,92.41,964.8,No,Yes,Yes
CUST03162,Male,53,Yes,No,1.8,Month-to-Month,Bank Transfer,DSL,51.04,1074.34,No,No,No
CUST03163,Female,67,No,No,1.2,Month-to-Month,Electronic Check,Fiber Optic,88.94,1030.93,No,Yes,Yes
CUST03164,Male,69,Yes,Yes,3.7,Month-to-Month,Electronic Check,DSL,60.63,2809.89,No,Yes,Yes
CUST03165,Male,60,No,No,2.1,One Year,Mailed Check,Fiber Optic,92.17,2527.19,No,No,Yes
CUST03166,Male,44,No,No,0.5,Month-to-Month,Bank Transfer,No,22.08,155.09,No,Yes,Yes
CUST03167,Female,49,No,No,6.7,Month-to-Month,Credit Card,Fiber Optic,101.09,8416.64,Yes,No,Yes
CUST03168,Male,31,Yes,Yes,1.0,Month-to-Month,Bank Transfer,Fiber Optic,77.63,634.13,Yes,Yes,Yes
CUST03169,Female,74,Yes,Yes,3.9,Month-to-Month,Electronic Check,Fiber Optic,92.16,4142.7,No,No,Yes
CUST03170,Female,35,Yes,No,4.5,Two Year,Mailed Check,DSL,51.01,2756.44,No,No,No
CUST03171,Male,45,Yes,Yes,9.9,Two Year,Bank Transfer,Fiber Optic,85.42,9966.72,No,Yes,No
CUST03172,Male,46,Yes,Yes,2.1,Month-to-Month,Electronic Check,Fiber Optic,84.0,2270.98,No,Yes,No
CUST03173,Male,33,No,No,2.9,Two Year,Electronic Check,DSL,58.74,1905.85,No,Yes,Yes
CUST03174,Female,52,Yes,No,1.2,Month-to-Month,Credit Card,No,38.38,655.96,Yes,No,Yes
CUST03175,Male,64,No,No,3.4,One Year,Bank Transfer,DSL,50.1,1959.1,No,Yes,No
CUST03176,Female,48,Yes,No,1.9,Two Year,Credit Card,No,22.98,588.38,No,No,No
CUST03177,Female,21,No,Yes,1.7,Month-to-Month,Bank Transfer,Fiber Optic,68.5,1284.45,No,No,No
CUST03178,Male,54,No,No,5.8,One Year,Mailed Check,Fiber Optic,86.44,5607.91,Yes,Yes,No
CUST03179,Male,34,Yes,Yes,0.2,Month-to-Month,Bank Transfer,DSL,53.65,143.9,No,Yes,No
CUST03180,Male,56,Yes,No,6.4,Month-to-Month,Credit Card,DSL,55.87,4366.92,Yes,Yes,No
CUST03181,Male,65,No,No,5.7,One Year,Credit Card,No,29.19,1935.86,Yes,No,No
CUST03182,Male,63,No,No,2.1,Two Year,Electronic Check,Fiber Optic,91.07,2583.71,No,Yes,Yes
CUST03183,Male,43,No,No,2.0,Month-to-Month,Bank Transfer,No,25.95,693.79,No,No,Yes
CUST03184,Female,65,Yes,No,1.3,Two Year,Bank Transfer,Fiber Optic,87.79,1338.54,No,Yes,No
CUST03185,Female,56,Yes,Yes,15.0,Two Year,Mailed Check,No,29.74,5373.0,No,Yes,No
CUST03186,Female,58,No,No,0.4,Month-to-Month,Electronic Check,No,22.31,107.79,Yes,Yes,No
CUST03187,Male,21,No,No,2.7,Month-to-Month,Credit Card,Fiber Optic,79.51,2680.34,Yes,No,Yes
CUST03188,Female,47,Yes,No,3.4,One Year,Bank Transfer,Fiber Optic,92.36,3925.6,No,No,No
CUST03189,Female,47,No,No,8.2,Month-to-Month,Electronic Check,No,36.59,3479.35,Yes,No,Yes
CUST03190,Female,39,Yes,No,4.5,Month-to-Month,Mailed Check,DSL,60.91,3493.48,No,No,No
CUST03191,Female,28,Yes,No,3.1,Two Year,Electronic Check,No,28.65,1133.78,No,No,Yes
CUST03192,Female,19,Yes,Yes,0.4,One Year,Bank Transfer,Fiber Optic,67.05,181.56,Yes,Yes,Yes
CUST03193,Male,61,Yes,No,1.4,Month-to-Month,Bank Transfer,Fiber Optic,71.69,1412.57,No,No,Yes
CUST03194,Male,29,No,Yes,0.4,One Year,Mailed Check,DSL,52.9,456.07,Yes,Yes,No
CUST03195,Female,47,Yes,No,6.4,Month-to-Month,Mailed Check,Fiber Optic,72.86,5345.59,No,No,No
CUST03196,Female,53,Yes,No,4.2,Month-to-Month,Mailed Check,DSL,64.16,3321.76,No,Yes,Yes
CUST03197,Female,35,No,No,4.3,Two Year,Credit Card,No,23.53,1257.24,No,Yes,No
CUST03198,Male,43,No,No,3.2,Two Year,Electronic Check,Fiber Optic,82.8,3240.05,No,Yes,Yes
CUST03199,Male,70,No,Yes,2.1,Month-to-Month,Electronic Check,DSL,68.88,1897.05,Yes,Yes,No
CUST03200,Female,24,No,No,0.5,Month-to-Month,Electronic Check,No,38.25,244.73,Yes,No,No
CUST03201,Male,18,Yes,No,1.2,One Year,Credit Card,Fiber Optic,87.77,1350.74,No,Yes,No
CUST03202,Male,43,No,No,0.4,Month-to-Month,Electronic Check,No,31.77,31.76,No,Yes,No
CUST03203,Female,40,No,Yes,3.9,Month-to-Month,Mailed Check,Fiber Optic,78.95,3591.17,Yes,No,Yes
CUST03204,Male,43,No,No,0.5,Month-to-Month,Electronic Check,Fiber Optic,91.09,777.06,No,No,Yes
CUST03205,Male,62,Yes,No,3.6,One Year,Credit Card,Fiber Optic,86.7,3624.81,No,Yes,Yes
CUST03206,Female,23,Yes,Yes,3.5,Month-to-Month,Credit Card,Fiber Optic,83.92,3515.0,No,No,No
CUST03207,Male,23,No,No,1.8,Month-to-Month,Electronic Check,DSL,60.13,1162.97,Yes,Yes,Yes
CUST03208,Male,61,Yes,Yes,0.4,Month-to-Month,Credit Card,DSL,60.27,209.25,No,No,No
CUST03209,Female,25,No,No,1.1,Month-to-Month,Credit Card,No,22.23,308.47,Yes,Yes,Yes
CUST03210,Male,41,No,Yes,1.2,Month-to-Month,Electronic Check,Fiber Optic,92.33,1303.98,No,Yes,No
CUST03211,Male,39,No,No,3.6,Month-to-Month,Credit Card,No,29.32,1159.83,Yes,Yes,No
CUST03212,Female,36,No,No,0.4,Month-to-Month,Credit Card,DSL,55.67,183.04,No,Yes,No
CUST03213,Female,54,No,No,5.3,Two Year,Electronic Check,No,19.47,1292.88,No,Yes,No
CUST03214,Female,35,Yes,No,4.3,Month-to-Month,Mailed Check,Fiber Optic,74.72,4015.29,No,Yes,Yes
CUST03215,Male,48,No,No,0.6,Month-to-Month,Mailed Check,Fiber Optic,73.36,532.9,No,No,Yes
CUST03216,Female,54,No,Yes,3.8,Two Year,Credit Card,Fiber Optic,104.14,4818.98,Yes,Yes,No
CUST03217,Male,47,Yes,No,3.3,One Year,Bank Transfer,No,48.15,1844.35,No,No,Yes
CUST03218,Female,74,Yes,No,4.1,One Year,Bank Transfer,Fiber Optic,71.39,3710.01,No,Yes,No
CUST03219,Male,59,Yes,No,0.6,Month-to-Month,Electronic Check,Fiber Optic,72.89,486.49,Yes,No,Yes
CUST03220,Female,50,No,Yes,0.5,Month-to-Month,Electronic Check,DSL,50.9,180.04,No,Yes,No
CUST03221,Female,27,Yes,Yes,0.8,One Year,Mailed Check,Fiber Optic,93.86,581.56,No,Yes,Yes
CUST03222,Female,54,No,No,1.4,One Year,Bank Transfer,No,35.0,466.13,No,Yes,Yes
CUST03223,Female,29,Yes,No,4.7,Month-to-Month,Electronic Check,DSL,72.34,3965.26,No,No,Yes
CUST03224,Male,71,Yes,No,4.0,Month-to-Month,Bank Transfer,Fiber Optic,82.56,4235.02,Yes,Yes,No
CUST03225,Female,47,No,No,7.8,Two Year,Bank Transfer,DSL,49.42,4890.09,No,Yes,No
CUST03226,Female,44,Yes,No,0.2,Month-to-Month,Credit Card,No,30.45,138.15,No,Yes,Yes
CUST03227,Male,56,No,No,0.0,Month-to-Month,Credit Card,No,28.61,0.0,Yes,Yes,Yes
CUST03228,Female,26,No,No,3.6,Month-to-Month,Bank Transfer,Fiber Optic,84.78,3473.5,No,No,No
CUST03229,Male,71,No,No,1.0,Two Year,Mailed Check,DSL,55.86,546.3,No,No,No
CUST03230,Female,38,Yes,Yes,1.2,Two Year,Electronic Check,Fiber Optic,101.96,1409.87,Yes,Yes,No
CUST03231,Female,29,No,Yes,2.4,One Year,Electronic Check,DSL,55.96,1517.56,No,Yes,No
CUST03232,Female,72,No,Yes,0.3,Month-to-Month,Mailed Check,Fiber Optic,76.49,370.67,No,Yes,Yes
CUST03233,Male,46,No,No,3.1,Month-to-Month,Credit Card,DSL,52.68,1929.46,No,No,Yes
CUST03234,Female,50,No,Yes,1.2,Month-to-Month,Credit Card,Fiber Optic,90.81,1466.47,Yes,Yes,Yes
CUST03235,Female,60,No,Yes,3.0,One Year,Mailed Check,DSL,59.8,2224.11,No,Yes,No
CUST03236,Female,70,No,No,5.4,One Year,Mailed Check,DSL,59.37,4002.61,Yes,Yes,No
CUST03237,Male,32,No,Yes,0.6,Two Year,Credit Card,DSL,41.41,237.69,No,Yes,No
CUST03238,Male,19,Yes,Yes,8.0,Month-to-Month,Bank Transfer,Fiber Optic,72.52,7100.63,No,No,No
CUST03239,Female,69,Yes,Yes,2.3,One Year,Credit Card,Fiber Optic,83.95,2190.46,No,Yes,No
CUST03240,Male,56,Yes,Yes,7.7,Month-to-Month,Bank Transfer,DSL,58.57,5405.31,No,No,No
CUST03241,Female,70,Yes,No,0.7,Month-to-Month,Electronic Check,Fiber Optic,78.35,527.33,No,Yes,Yes
CUST03242,Female,61,Yes,No,2.8,Month-to-Month,Electronic Check,No,41.95,1439.37,No,No,No
CUST03243,Female,71,Yes,No,1.6,Month-to-Month,Bank Transfer,DSL,59.33,1296.28,No,Yes,Yes
CUST03244,Female,35,No,No,4.5,Two Year,Bank Transfer,No,25.85,1456.67,No,No,No
CUST03245,Female,20,Yes,No,2.8,Month-to-Month,Credit Card,Fiber Optic,107.24,3680.43,No,Yes,Yes
CUST03246,Female,24,No,No,2.0,Two Year,Mailed Check,DSL,51.28,1216.2,No,No,Yes
CUST03247,Female,60,Yes,Yes,7.3,Month-to-Month,Bank Transfer,Fiber Optic,82.04,7184.19,No,No,No
CUST03248,Male,35,Yes,Yes,1.4,Month-to-Month,Electronic Check,Fiber Optic,81.67,1621.6,No,Yes,Yes
CUST03249,Male,61,Yes,No,0.7,Month-to-Month,Credit Card,Fiber Optic,85.33,573.17,No,Yes,No
CUST03250,Male,55,Yes,Yes,2.8,Month-to-Month,Electronic Check,DSL,46.4,1602.37,Yes,No,No
CUST03251,Male,54,No,Yes,2.9,Month-to-Month,Credit Card,No,35.9,1329.98,No,Yes,No
CUST03252,Male,50,No,No,1.7,Month-to-Month,Mailed Check,Fiber Optic,92.0,1875.11,No,No,Yes
CUST03253,Male,61,Yes,No,2.0,Month-to-Month,Mailed Check,Fiber Optic,90.34,2335.52,No,Yes,Yes
CUST03254,Male,48,Yes,Yes,9.6,Two Year,Electronic Check,DSL,51.38,6146.24,No,Yes,No
CUST03255,Female,28,Yes,Yes,4.0,One Year,Bank Transfer,DSL,51.41,2458.24,Yes,Yes,No
CUST03256,Female,21,No,No,0.4,One Year,Bank Transfer,Fiber Optic,89.9,385.75,Yes,Yes,No
CUST03257,Female,35,No,No,0.7,Month-to-Month,Electronic Check,Fiber Optic,86.73,766.83,No,Yes,Yes
CUST03258,Female,21,No,Yes,11.1,Month-to-Month,Bank Transfer,Fiber Optic,78.59,10544.62,Yes,Yes,No
CUST03259,Male,66,No,No,3.9,Month-to-Month,Bank Transfer,Fiber Optic,68.81,3403.63,Yes,No,No
CUST03260,Male,51,No,No,7.4,Two Year,Electronic Check,DSL,51.84,4734.0,No,No,No
CUST03261,Female,46,Yes,No,1.1,Month-to-Month,Electronic Check,Fiber Optic,89.18,1235.88,No,Yes,Yes
CUST03262,Female,41,Yes,No,4.1,Month-to-Month,Mailed Check,DSL,58.96,2668.79,No,Yes,No
CUST03263,Male,39,No,Yes,3.8,One Year,Electronic Check,Fiber Optic,72.88,3112.22,No,No,No
CUST03264,Female,19,No,No,1.0,Month-to-Month,Mailed Check,Fiber Optic,91.7,1278.22,Yes,Yes,No
CUST03265,Female,61,No,No,2.4,Two Year,Mailed Check,Fiber Optic,99.81,2748.81,No,No,Yes
CUST03266,Female,23,No,Yes,3.0,Month-to-Month,Credit Card,No,27.19,1035.59,Yes,Yes,No
CUST03267,Female,59,Yes,No,2.0,Month-to-Month,Bank Transfer,No,28.37,727.73,Yes,No,No
CUST03268,Male,42,No,Yes,5.3,One Year,Electronic Check,Fiber Optic,80.81,5109.87,No,No,No
CUST03269,Female,72,No,Yes,5.4,Month-to-Month,Bank Transfer,DSL,52.17,3294.84,Yes,No,No
CUST03270,Female,74,Yes,No,5.7,Month-to-Month,Credit Card,Fiber Optic,94.69,6444.86,No,Yes,Yes
CUST03271,Male,38,No,Yes,4.9,Month-to-Month,Electronic Check,DSL,48.73,2884.79,No,Yes,Yes
CUST03272,Male,72,No,No,2.0,One Year,Electronic Check,Fiber Optic,86.94,1846.03,Yes,Yes,Yes
CUST03273,Female,33,Yes,No,1.4,Two Year,Credit Card,No,27.8,518.66,No,No,No
CUST03274,Male,48,Yes,No,5.3,One Year,Bank Transfer,Fiber Optic,86.53,5624.44,No,Yes,No
CUST03275,Female,31,Yes,No,2.0,Two Year,Mailed Check,Fiber Optic,82.71,2016.03,No,No,No
CUST03276,Female,56,No,No,0.8,Month-to-Month,Credit Card,Fiber Optic,91.57,913.96,No,Yes,Yes
CUST03277,Male,45,Yes,Yes,2.1,Month-to-Month,Credit Card,No,38.33,1074.86,Yes,Yes,No
CUST03278,Female,49,No,No,0.5,Month-to-Month,Electronic Check,DSL,57.99,263.02,No,Yes,No
CUST03279,Female,45,No,No,3.5,One Year,Mailed Check,No,28.28,1167.45,No,No,No
CUST03280,Female,68,Yes,Yes,1.2,Month-to-Month,Credit Card,Fiber Optic,91.29,1326.04,No,No,Yes
CUST03281,Female,72,No,Yes,0.9,One Year,Bank Transfer,DSL,49.01,472.43,No,No,Yes
CUST03282,Male,66,No,Yes,9.4,One Year,Credit Card,No,33.44,3763.06,No,No,No
CUST03283,Male,26,Yes,No,4.5,Two Year,Bank Transfer,No,25.88,1316.19,Yes,No,No
CUST03284,Female,62,Yes,No,4.6,Month-to-Month,Electronic Check,Fiber Optic,86.72,4720.91,No,No,No
CUST03285,Male,39,No,No,2.9,Month-to-Month,Credit Card,No,22.32,771.43,No,Yes,No
CUST03286,Female,49,No,No,5.5,Month-to-Month,Bank Transfer,DSL,64.47,4158.51,No,Yes,No
CUST03287,Female,22,Yes,No,4.3,Month-to-Month,Electronic Check,Fiber Optic,74.95,4061.17,No,Yes,No
CUST03288,Female,40,Yes,No,2.7,Two Year,Electronic Check,DSL,53.97,1795.85,No,No,No
CUST03289,Female,22,Yes,No,9.7,Month-to-Month,Electronic Check,Fiber Optic,73.18,8502.57,Yes,Yes,No
CUST03290,Female,59,No,No,0.6,Two Year,Credit Card,Fiber Optic,94.3,566.22,No,Yes,Yes
CUST03291,Male,70,Yes,No,8.6,Two Year,Electronic Check,DSL,67.43,6751.48,No,No,No
CUST03292,Female,49,No,No,1.5,One Year,Electronic Check,Fiber Optic,75.47,1255.49,Yes,Yes,No
CUST03293,Male,27,No,No,2.3,Month-to-Month,Bank Transfer,DSL,57.59,1597.24,Yes,No,No
CUST03294,Male,56,Yes,No,0.4,Month-to-Month,Electronic Check,DSL,52.63,245.1,No,No,No
CUST03295,Female,32,No,No,2.3,Month-to-Month,Credit Card,Fiber Optic,89.1,2325.42,No,No,Yes
CUST03296,Female,24,Yes,No,2.8,Month-to-Month,Mailed Check,Fiber Optic,97.61,3606.04,No,No,Yes
CUST03297,Female,46,No,No,15.0,Month-to-Month,Electronic Check,DSL,58.08,10582.33,Yes,No,No
CUST03298,Female,64,Yes,No,11.1,Month-to-Month,Credit Card,DSL,48.88,6467.4,No,No,No
CUST03299,Female,20,No,No,10.2,One Year,Electronic Check,DSL,49.48,6113.77,Yes,Yes,No
CUST03300,Male,36,No,No,1.3,Month-to-Month,Credit Card,DSL,52.17,949.11,No,No,Yes
CUST03301,Female,27,Yes,Yes,14.2,Month-to-Month,Electronic Check,Fiber Optic,79.18,13547.01,No,No,No
CUST03302,Female,45,Yes,Yes,1.8,Month-to-Month,Bank Transfer,No,36.08,767.39,No,Yes,Yes
CUST03303,Male,46,Yes,No,5.7,Two Year,Mailed Check,DSL,61.76,4000.64,No,Yes,No
CUST03304,Male,32,Yes,No,0.7,One Year,Mailed Check,Fiber Optic,95.08,785.87,No,Yes,Yes
CUST03305,Female,52,No,No,2.1,Month-to-Month,Credit Card,DSL,51.6,1222.22,No,No,No
CUST03306,Male,23,No,No,10.1,One Year,Credit Card,Fiber Optic,94.23,11309.19,No,Yes,No
CUST03307,Female,29,Yes,No,8.8,One Year,Mailed Check,DSL,68.47,7186.17,Yes,No,No
CUST03308,Male,64,No,Yes,3.5,Two Year,Bank Transfer,No,19.39,805.75,No,Yes,No
CUST03309,Male,55,No,Yes,4.8,Month-to-Month,Bank Transfer,Fiber Optic,81.1,4610.36,Yes,Yes,No
CUST03310,Female,30,No,No,0.6,Two Year,Electronic Check,Fiber Optic,84.13,381.27,No,Yes,Yes
CUST03311,Male,46,Yes,Yes,3.8,Month-to-Month,Bank Transfer,Fiber Optic,91.58,3855.66,No,No,Yes
CUST03312,Male,36,Yes,No,2.9,Two Year,Mailed Check,DSL,65.72,2395.34,No,Yes,No
CUST03313,Male,20,Yes,No,0.3,Month-to-Month,Mailed Check,No,16.16,113.05,No,Yes,Yes
CUST03314,Male,25,No,No,0.4,Two Year,Bank Transfer,DSL,49.64,248.65,No,No,No
CUST03315,Male,25,Yes,No,0.3,Two Year,Bank Transfer,DSL,64.16,90.45,No,No,No
CUST03316,Male,72,Yes,No,3.9,Month-to-Month,Mailed Check,DSL,48.18,2350.41,Yes,No,No
CUST03317,Female,37,Yes,Yes,0.5,Two Year,Mailed Check,DSL,61.39,622.58,No,No,No
CUST03318,Female,64,No,No,1.9,Month-to-Month,Mailed Check,DSL,59.59,1503.24,No,No,Yes
CUST03319,Male,21,Yes,No,1.3,Month-to-Month,Mailed Check,Fiber Optic,91.22,1668.48,No,No,Yes
CUST03320,Female,68,Yes,Yes,2.4,Month-to-Month,Mailed Check,DSL,61.32,1622.8,Yes,No,No
CUST03321,Female,38,Yes,Yes,3.7,Two Year,Bank Transfer,Fiber Optic,81.59,3530.45,No,Yes,No
CUST03322,Female,20,Yes,Yes,3.5,Month-to-Month,Bank Transfer,DSL,52.87,2348.32,No,Yes,No
CUST03323,Male,62,No,Yes,2.2,One Year,Electronic Check,No,27.24,653.27,No,Yes,Yes
CUST03324,Female,25,Yes,No,1.9,One Year,Electronic Check,DSL,56.8,1232.19,No,No,No
CUST03325,Male,40,Yes,No,1.5,Two Year,Credit Card,Fiber Optic,67.95,1248.81,Yes,No,No
CUST03326,Female,33,No,No,5.9,One Year,Electronic Check,Fiber Optic,88.86,6386.88,Yes,Yes,No
CUST03327,Male,30,Yes,No,1.2,Month-to-Month,Bank Transfer,DSL,68.78,952.6,No,Yes,Yes
CUST03328,Male,20,Yes,No,0.9,Month-to-Month,Electronic Check,DSL,56.58,612.22,No,No,No
CUST03329,Female,65,No,No,4.1,Month-to-Month,Electronic Check,DSL,54.02,2675.7,No,No,No
CUST03330,Female,26,Yes,No,1.3,One Year,Bank Transfer,DSL,55.59,841.94,No,No,No
CUST03331,Male,31,Yes,No,5.6,Month-to-Month,Mailed Check,DSL,59.25,3921.77,No,No,No
CUST03332,Female,30,Yes,No,1.2,Month-to-Month,Bank Transfer,Fiber Optic,94.15,1332.77,Yes,Yes,No
CUST03333,Female,70,No,No,3.6,Two Year,Bank Transfer,Fiber Optic,84.46,3557.11,No,Yes,No
CUST03334,Female,74,No,No,0.1,Month-to-Month,Credit Card,Fiber Optic,83.66,249.81,No,No,Yes
CUST03335,Male,24,No,Yes,1.5,One Year,Credit Card,DSL,44.01,819.05,No,No,Yes
CUST03336,Male,32,No,No,1.3,Month-to-Month,Credit Card,No,30.38,469.41,Yes,No,No
CUST03337,Female,24,Yes,No,5.1,Month-to-Month,Mailed Check,DSL,45.38,2755.89,Yes,Yes,No
CUST03338,Female,55,Yes,Yes,10.2,Month-to-Month,Electronic Check,Fiber Optic,80.62,10036.25,Yes,Yes,No
CUST03339,Female,51,No,No,1.9,Month-to-Month,Credit Card,DSL,62.02,1368.44,No,Yes,No
CUST03340,Male,58,No,No,5.2,Two Year,Bank Transfer,DSL,63.17,4033.23,No,No,No
CUST03341,Male,39,Yes,Yes,3.6,Month-to-Month,Credit Card,Fiber Optic,88.71,4042.35,No,Yes,No
CUST03342,Female,41,No,No,10.3,Month-to-Month,Bank Transfer,Fiber Optic,94.72,11800.12,Yes,No,No
CUST03343,Female,66,Yes,Yes,5.0,One Year,Mailed Check,Fiber Optic,71.8,4076.42,Yes,No,No
CUST03344,Female,54,Yes,No,0.2,One Year,Credit Card,Fiber Optic,98.02,152.18,No,Yes,No
CUST03345,Female,61,Yes,Yes,3.7,One Year,Bank Transfer,No,23.21,990.83,No,Yes,No
CUST03346,Female,18,Yes,No,2.3,Two Year,Electronic Check,Fiber Optic,87.41,2203.37,No,No,Yes
CUST03347,Female,27,No,Yes,0.0,One Year,Mailed Check,Fiber Optic,79.68,173.92,Yes,Yes,No
CUST03348,Male,60,No,Yes,0.9,Month-to-Month,Bank Transfer,DSL,57.48,664.3,No,No,Yes
CUST03349,Female,33,Yes,Yes,7.6,Two Year,Electronic Check,DSL,55.14,4746.18,No,No,No
CUST03350,Male,63,Yes,No,7.8,Month-to-Month,Electronic Check,Fiber Optic,94.1,8805.65,Yes,Yes,No
CUST03351,Female,25,No,No,4.8,Month-to-Month,Bank Transfer,DSL,74.72,4204.73,No,Yes,Yes
CUST03352,Female,73,Yes,No,12.0,Month-to-Month,Credit Card,Fiber Optic,92.05,13426.47,Yes,Yes,No
CUST03353,Male,66,No,No,4.9,Month-to-Month,Electronic Check,DSL,54.04,3106.34,Yes,Yes,No
CUST03354,Male,42,Yes,No,0.0,Month-to-Month,Mailed Check,No,42.26,26.79,No,No,Yes
CUST03355,Male,67,No,Yes,1.0,Month-to-Month,Electronic Check,No,16.42,207.13,No,No,No
CUST03356,Male,29,Yes,No,0.1,Month-to-Month,Credit Card,DSL,50.36,0.0,Yes,No,No
CUST03357,Female,42,Yes,Yes,0.3,Two Year,Mailed Check,No,28.15,44.64,No,No,Yes
CUST03358,Male,34,Yes,No,0.7,Two Year,Mailed Check,No,27.78,346.0,No,Yes,Yes
CUST03359,Female,43,Yes,No,2.1,One Year,Mailed Check,No,24.09,625.91,Yes,Yes,No
CUST03360,Male,63,Yes,No,5.6,Two Year,Bank Transfer,DSL,60.57,4076.26,Yes,No,No
CUST03361,Female,65,No,Yes,5.9,Month-to-Month,Electronic Check,Fiber Optic,84.98,6222.42,No,Yes,Yes
CUST03362,Female,31,Yes,No,2.9,Two Year,Credit Card,DSL,53.91,2065.45,Yes,No,Yes
CUST03363,Female,58,Yes,Yes,7.9,Month-to-Month,Bank Transfer,Fiber Optic,96.27,9415.87,No,Yes,No
CUST03364,Female,53,No,Yes,2.1,Month-to-Month,Bank Transfer,Fiber Optic,81.43,1828.11,No,No,Yes
CUST03365,Female,74,No,Yes,6.6,Month-to-Month,Mailed Check,Fiber Optic,93.22,7389.2,Yes,No,No
CUST03366,Female,40,No,No,1.8,Month-to-Month,Bank Transfer,DSL,52.81,1111.38,No,No,No
CUST03367,Male,60,No,No,1.0,Month-to-Month,Electronic Check,No,27.98,441.83,Yes,Yes,Yes
CUST03368,Female,23,Yes,No,7.4,Month-to-Month,Bank Transfer,Fiber Optic,78.92,7120.13,Yes,No,No
CUST03369,Male,64,No,Yes,1.5,Month-to-Month,Bank Transfer,DSL,43.36,668.14,Yes,No,No
CUST03370,Male,22,No,No,2.1,Month-to-Month,Mailed Check,Fiber Optic,79.71,1715.11,No,No,No
CUST03371,Female,60,No,No,1.2,Month-to-Month,Mailed Check,No,15.79,278.59,No,Yes,No
CUST03372,Male,42,Yes,Yes,3.3,Two Year,Bank Transfer,No,32.05,1268.25,No,Yes,No
CUST03373,Female,35,Yes,Yes,15.0,Month-to-Month,Mailed Check,Fiber Optic,82.48,14840.22,No,No,No
CUST03374,Male,30,Yes,No,0.1,Month-to-Month,Credit Card,DSL,63.67,32.62,Yes,No,No
CUST03375,Female,60,No,No,6.9,One Year,Credit Card,DSL,49.2,3991.93,Yes,Yes,No
CUST03376,Male,31,No,No,0.0,Two Year,Credit Card,DSL,52.94,4.16,Yes,No,Yes
CUST03377,Female,45,No,No,1.4,Month-to-Month,Bank Transfer,DSL,64.74,1192.14,Yes,Yes,No
CUST03378,Female,35,Yes,Yes,0.6,Two Year,Electronic Check,Fiber Optic,92.12,658.09,Yes,No,No
CUST03379,Female,74,No,Yes,4.2,Month-to-Month,Electronic Check,DSL,56.09,2944.47,No,Yes,No
CUST03380,Female,45,No,No,0.2,Month-to-Month,Mailed Check,DSL,46.72,176.4,No,No,No
CUST03381,Male,68,Yes,No,2.4,Month-to-Month,Electronic Check,No,34.69,1061.83,No,No,No
CUST03382,Female,73,No,No,1.0,One Year,Electronic Check,Fiber Optic,82.69,1022.62,Yes,Yes,No
CUST03383,Male,44,Yes,No,0.4,Month-to-Month,Bank Transfer,Fiber Optic,80.84,361.58,No,Yes,Yes
CUST03384,Male,49,No,No,4.4,One Year,Mailed Check,Fiber Optic,95.65,4830.19,No,Yes,No
CUST03385,Male,64,No,Yes,0.7,Month-to-Month,Electronic Check,Fiber Optic,96.73,1003.16,No,No,Yes
CUST03386,Female,26,No,No,0.8,One Year,Credit Card,DSL,47.91,484.43,Yes,No,No
CUST03387,Male,57,No,No,1.0,Month-to-Month,Mailed Check,Fiber Optic,98.73,1134.44,No,No,Yes
CUST03388,Male,49,No,Yes,2.7,Month-to-Month,Mailed Check,Fiber Optic,84.28,2539.24,No,No,No
CUST03389,Male,37,No,No,3.2,One Year,Mailed Check,Fiber Optic,91.26,3735.9,No,No,No
CUST03390,Female,45,Yes,Yes,0.1,One Year,Credit Card,No,44.65,52.35,No,No,No
CUST03391,Female,50,No,Yes,0.8,Month-to-Month,Electronic Check,No,28.7,383.54,No,No,No
CUST03392,Male,21,Yes,No,1.7,Two Year,Credit Card,Fiber Optic,87.1,1415.94,Yes,Yes,No
CUST03393,Female,63,Yes,No,1.2,One Year,Mailed Check,DSL,60.79,913.38,No,No,Yes
CUST03394,Female,74,No,Yes,6.5,Month-to-Month,Mailed Check,No,42.64,3210.36,Yes,Yes,No
CUST03395,Male,51,No,No,4.6,Two Year,Bank Transfer,Fiber Optic,85.16,4576.06,Yes,No,No
CUST03396,Male,65,Yes,No,2.9,One Year,Bank Transfer,Fiber Optic,91.48,3132.7,No,Yes,Yes
CUST03397,Female,20,Yes,No,1.2,Month-to-Month,Bank Transfer,Fiber Optic,78.81,1233.2,No,Yes,Yes
CUST03398,Male,43,Yes,No,3.6,Month-to-Month,Bank Transfer,DSL,43.15,1887.45,Yes,Yes,No
CUST03399,Female,25,Yes,Yes,5.6,Month-to-Month,Mailed Check,DSL,49.57,3276.91,No,No,No
CUST03400,Female,23,Yes,Yes,2.7,Month-to-Month,Credit Card,DSL,49.55,1539.14,No,Yes,Yes
CUST03401,Female,33,No,Yes,4.6,Month-to-Month,Bank Transfer,DSL,62.8,3251.14,No,No,No
CUST03402,Female,41,Yes,Yes,4.1,Month-to-Month,Credit Card,Fiber Optic,84.41,4049.78,Yes,Yes,Yes
CUST03403,Female,65,Yes,Yes,2.5,One Year,Bank Transfer,DSL,50.11,1428.83,No,Yes,Yes
CUST03404,Female,56,Yes,Yes,1.1,Month-to-Month,Electronic Check,No,22.9,356.84,Yes,Yes,No
CUST03405,Male,47,No,No,4.1,Two Year,Bank Transfer,Fiber Optic,81.66,3952.61,Yes,Yes,No
CUST03406,Male,62,Yes,No,0.7,Month-to-Month,Credit Card,Fiber Optic,92.34,703.7,No,Yes,Yes
CUST03407,Female,30,Yes,No,4.5,Month-to-Month,Bank Transfer,DSL,47.88,2605.6,Yes,Yes,No
CUST03408,Female,22,Yes,Yes,4.9,One Year,Electronic Check,Fiber Optic,83.98,5167.66,Yes,Yes,No
CUST03409,Female,42,No,No,5.2,One Year,Credit Card,DSL,51.94,3381.06,No,Yes,No
CUST03410,Male,37,No,Yes,1.9,Month-to-Month,Credit Card,Fiber Optic,87.83,2422.66,Yes,Yes,No
CUST03411,Female,71,Yes,No,0.6,Month-to-Month,Credit Card,No,44.73,196.76,Yes,No,No
CUST03412,Male,35,Yes,Yes,0.3,Month-to-Month,Mailed Check,Fiber Optic,79.78,313.37,No,Yes,No
CUST03413,Female,64,Yes,No,4.1,One Year,Credit Card,DSL,57.54,2818.94,No,Yes,No
CUST03414,Female,35,No,No,6.5,Month-to-Month,Mailed Check,Fiber Optic,84.88,6310.91,No,Yes,No
CUST03415,Male,19,No,No,3.2,One Year,Electronic Check,DSL,51.27,1849.15,No,No,No
CUST03416,Male,27,Yes,Yes,0.5,One Year,Credit Card,DSL,55.4,433.26,No,Yes,No
CUST03417,Female,72,Yes,No,8.2,Month-to-Month,Credit Card,Fiber Optic,99.56,9901.42,No,No,Yes
CUST03418,Female,62,Yes,No,13.6,Month-to-Month,Credit Card,No,29.45,4836.43,Yes,No,No
CUST03419,Female,67,Yes,Yes,1.7,Month-to-Month,Electronic Check,DSL,54.45,1159.44,Yes,Yes,No
CUST03420,Male,64,No,No,2.7,Month-to-Month,Mailed Check,No,26.97,782.96,No,Yes,Yes
CUST03421,Male,29,Yes,No,4.5,Month-to-Month,Bank Transfer,DSL,58.32,3021.38,No,Yes,No
CUST03422,Male,64,Yes,No,4.0,Month-to-Month,Electronic Check,DSL,47.0,2205.64,No,Yes,No
CUST03423,Male,30,Yes,No,10.3,One Year,Electronic Check,Fiber Optic,85.97,10768.74,Yes,Yes,No
CUST03424,Male,67,No,No,0.4,Month-to-Month,Electronic Check,DSL,58.57,296.55,Yes,Yes,Yes
CUST03425,Male,64,No,No,2.6,Two Year,Mailed Check,DSL,48.22,1591.5,No,No,No
CUST03426,Female,74,Yes,No,3.5,Month-to-Month,Mailed Check,DSL,67.78,3112.04,No,Yes,No
CUST03427,Female,72,Yes,No,6.6,Month-to-Month,Mailed Check,DSL,67.49,5130.72,No,Yes,Yes
CUST03428,Male,28,Yes,No,6.2,One Year,Mailed Check,DSL,72.98,5412.39,Yes,No,No
CUST03429,Female,36,No,No,11.5,Two Year,Mailed Check,Fiber Optic,89.57,12340.19,Yes,Yes,No
CUST03430,Female,52,Yes,No,2.2,Month-to-Month,Credit Card,Fiber Optic,88.32,2185.37,Yes,Yes,Yes
CUST03431,Male,56,No,Yes,5.3,One Year,Bank Transfer,No,29.38,1894.2,No,No,No
CUST03432,Female,70,No,No,1.7,Two Year,Bank Transfer,Fiber Optic,85.55,2233.68,No,Yes,Yes
CUST03433,Male,43,No,Yes,1.6,One Year,Mailed Check,Fiber Optic,92.42,1599.16,No,No,No
CUST03434,Male,63,Yes,Yes,0.9,Month-to-Month,Mailed Check,Fiber Optic,85.14,1022.02,No,Yes,Yes
CUST03435,Female,31,No,Yes,5.1,Two Year,Credit Card,No,28.79,1701.96,No,Yes,No
CUST03436,Male,71,No,No,12.8,One Year,Mailed Check,DSL,59.47,8920.1,No,No,No
CUST03437,Male,62,Yes,Yes,0.9,One Year,Credit Card,DSL,49.99,478.53,No,Yes,No
CUST03438,Male,61,Yes,No,0.2,One Year,Credit Card,Fiber Optic,97.64,287.64,Yes,Yes,No
CUST03439,Male,41,Yes,No,5.1,Two Year,Electronic Check,DSL,55.07,3414.08,No,Yes,No
CUST03440,Male,58,Yes,Yes,2.9,Month-to-Month,Electronic Check,No,36.12,1385.3,Yes,No,Yes
CUST03441,Male,18,Yes,Yes,9.6,Month-to-Month,Mailed Check,Fiber Optic,78.59,9097.02,No,No,No
CUST03442,Male,68,No,No,0.9,Month-to-Month,Credit Card,DSL,54.65,591.73,No,Yes,No
CUST03443,Male,60,Yes,No,0.2,Month-to-Month,Mailed Check,Fiber Optic,81.85,332.79,Yes,No,Yes
CUST03444,Female,72,No,No,2.0,Month-to-Month,Electronic Check,DSL,52.19,1278.41,Yes,No,No
CUST03445,Female,39,Yes,No,0.3,One Year,Electronic Check,No,20.9,74.25,Yes,No,No
CUST03446,Female,40,No,No,0.9,Month-to-Month,Electronic Check,No,38.45,401.4,No,Yes,No
CUST03447,Male,73,Yes,No,0.4,One Year,Electronic Check,Fiber Optic,88.88,539.66,Yes,No,Yes
CUST03448,Male,71,No,No,0.8,Two Year,Electronic Check,DSL,43.65,465.16,No,Yes,No
CUST03449,Female,36,Yes,No,0.3,Month-to-Month,Mailed Check,DSL,53.3,163.71,Yes,No,Yes
CUST03450,Female,35,Yes,No,9.2,Two Year,Mailed Check,Fiber Optic,83.26,9431.9,No,Yes,No
CUST03451,Female,29,No,Yes,1.0,Month-to-Month,Electronic Check,No,33.19,454.21,Yes,Yes,No
CUST03452,Male,72,Yes,No,1.8,Two Year,Mailed Check,DSL,53.84,1266.55,No,No,No
CUST03453,Female,45,No,No,6.9,Two Year,Electronic Check,DSL,63.7,5157.7,No,No,Yes
CUST03454,Female,45,No,No,3.4,Month-to-Month,Electronic Check,DSL,62.71,2494.3,No,Yes,No
CUST03455,Male,50,Yes,Yes,2.9,Month-to-Month,Electronic Check,Fiber Optic,102.65,3883.75,No,No,Yes
CUST03456,Female,36,No,No,3.7,Month-to-Month,Mailed Check,No,15.0,697.19,No,Yes,No
CUST03457,Male,45,No,Yes,5.3,Two Year,Mailed Check,DSL,65.94,4007.15,Yes,Yes,No
CUST03458,Male,69,Yes,Yes,6.3,Two Year,Credit Card,DSL,61.36,4679.89,No,Yes,No
CUST03459,Male,66,No,Yes,3.1,Month-to-Month,Mailed Check,Fiber Optic,83.6,3270.04,No,Yes,Yes
CUST03460,Female,54,No,No,6.6,One Year,Mailed Check,No,27.95,2156.04,No,No,No
CUST03461,Female,43,Yes,Yes,2.3,Month-to-Month,Bank Transfer,No,29.29,867.72,Yes,Yes,No
CUST03462,Male,52,Yes,No,1.0,Month-to-Month,Electronic Check,Fiber Optic,86.98,1052.74,Yes,Yes,Yes
CUST03463,Female,51,No,Yes,6.4,Two Year,Electronic Check,DSL,50.67,4044.28,Yes,No,No
CUST03464,Female,52,Yes,No,2.3,Month-to-Month,Mailed Check,Fiber Optic,72.17,1973.51,Yes,Yes,No
CUST03465,Female,57,Yes,Yes,7.1,Two Year,Mailed Check,No,25.84,2127.11,No,No,No
CUST03466,Female,33,Yes,Yes,0.1,Two Year,Credit Card,No,27.87,62.91,Yes,No,No
CUST03467,Male,55,No,No,1.5,Two Year,Bank Transfer,Fiber Optic,89.56,1410.82,No,Yes,Yes
CUST03468,Female,30,Yes,No,8.9,Month-to-Month,Electronic Check,Fiber Optic,75.5,7976.56,No,Yes,No
CUST03469,Male,40,Yes,Yes,0.9,Month-to-Month,Electronic Check,No,35.14,251.82,No,No,Yes
CUST03470,Male,71,No,Yes,8.5,Month-to-Month,Mailed Check,Fiber Optic,75.36,7565.21,No,Yes,No
CUST03471,Female,39,Yes,Yes,9.2,One Year,Mailed Check,DSL,58.18,6579.18,Yes,Yes,No
CUST03472,Male,33,No,No,6.4,One Year,Bank Transfer,Fiber Optic,89.42,6893.71,Yes,No,No
CUST03473,Female,45,No,No,2.5,Month-to-Month,Electronic Check,No,28.96,855.25,No,No,Yes
CUST03474,Female,65,No,No,3.1,One Year,Bank Transfer,Fiber Optic,85.37,3026.08,No,Yes,Yes
CUST03475,Male,52,No,Yes,6.1,Month-to-Month,Electronic Check,No,35.58,2619.19,Yes,No,No
CUST03476,Male,62,Yes,No,4.5,Month-to-Month,Mailed Check,Fiber Optic,80.34,4303.01,Yes,Yes,No
CUST03477,Male,63,No,Yes,3.0,Month-to-Month,Bank Transfer,DSL,57.47,2343.58,No,Yes,Yes
CUST03478,Male,25,Yes,Yes,12.1,Month-to-Month,Credit Card,DSL,52.19,7580.91,Yes,Yes,No
CUST03479,Female,61,Yes,No,3.5,Month-to-Month,Mailed Check,No,42.4,1819.32,No,Yes,No
CUST03480,Female,72,Yes,No,11.1,Month-to-Month,Credit Card,Fiber Optic,89.35,11787.4,No,No,No
CUST03481,Female,72,Yes,Yes,0.2,Two Year,Credit Card,DSL,46.65,110.35,No,Yes,No
CUST03482,Male,39,No,No,0.4,One Year,Credit Card,No,44.54,255.02,No,Yes,No
CUST03483,Male,38,Yes,No,1.8,Month-to-Month,Electronic Check,Fiber Optic,93.01,1837.53,Yes,Yes,No
CUST03484,Male,43,No,No,1.5,One Year,Credit Card,No,20.35,390.42,No,Yes,No
CUST03485,Female,57,No,No,4.6,One Year,Electronic Check,Fiber Optic,72.79,4036.88,Yes,No,No
CUST03486,Male,38,No,No,0.5,Month-to-Month,Bank Transfer,DSL,45.18,65.4,No,No,Yes
CUST03487,Female,42,Yes,No,11.2,One Year,Mailed Check,Fiber Optic,77.14,10495.17,No,No,No
CUST03488,Male,58,No,No,1.1,One Year,Electronic Check,No,31.21,442.45,Yes,No,No
CUST03489,Female,18,Yes,No,1.7,One Year,Electronic Check,DSL,55.66,1161.92,No,Yes,No
CUST03490,Female,23,Yes,Yes,1.0,One Year,Bank Transfer,No,35.88,385.0,No,Yes,No
CUST03491,Male,40,No,No,2.6,One Year,Bank Transfer,DSL,52.51,1897.36,No,No,No
CUST03492,Male,68,Yes,Yes,0.2,Month-to-Month,Mailed Check,Fiber Optic,82.91,101.47,No,Yes,Yes
CUST03493,Female,40,Yes,Yes,0.5,Two Year,Bank Transfer,Fiber Optic,85.9,1.73,No,No,Yes
CUST03494,Female,60,No,No,4.1,Month-to-Month,Electronic Check,No,39.01,1959.51,No,No,No
CUST03495,Male,60,Yes,Yes,0.6,Two Year,Mailed Check,Fiber Optic,69.86,484.05,No,No,No
CUST03496,Male,40,No,No,0.8,Month-to-Month,Mailed Check,Fiber Optic,82.95,556.96,No,Yes,Yes
CUST03497,Female,49,Yes,No,4.7,Month-to-Month,Mailed Check,No,40.55,2266.49,Yes,Yes,No
CUST03498,Male,47,Yes,No,0.3,One Year,Credit Card,DSL,55.54,192.49,Yes,No,No
CUST03499,Female,30,Yes,Yes,1.7,Month-to-Month,Credit Card,DSL,52.64,994.32,Yes,No,No
CUST03500,Female,60,Yes,Yes,0.1,Two Year,Electronic Check,DSL,48.48,68.9,Yes,No,No
CUST03501,Male,35,Yes,No,1.3,Month-to-Month,Credit Card,Fiber Optic,92.22,1504.21,Yes,Yes,No
CUST03502,Male,40,No,No,3.6,One Year,Bank Transfer,Fiber Optic,81.15,3498.16,No,No,No
CUST03503,Male,32,No,Yes,0.3,Month-to-Month,Mailed Check,No,26.09,45.78,Yes,No,No
CUST03504,Male,50,No,Yes,6.6,Month-to-Month,Electronic Check,Fiber Optic,95.91,7685.96,No,Yes,No
CUST03505,Male,38,Yes,No,7.2,Month-to-Month,Bank Transfer,DSL,46.62,3877.51,No,No,No
CUST03506,Female,74,No,Yes,0.3,One Year,Mailed Check,No,43.05,189.98,No,Yes,Yes
CUST03507,Female,56,No,No,14.0,One Year,Bank Transfer,DSL,56.35,9501.99,No,No,No
CUST03508,Male,40,No,No,1.1,One Year,Credit Card,No,30.2,385.52,Yes,Yes,No
CUST03509,Male,44,Yes,No,0.3,Two Year,Bank Transfer,DSL,57.28,147.7,No,No,No
CUST03510,Male,62,No,No,0.0,One Year,Credit Card,DSL,55.17,0.0,No,Yes,Yes
CUST03511,Female,61,No,Yes,1.6,Two Year,Bank Transfer,Fiber Optic,80.78,1464.93,No,Yes,No
CUST03512,Male,35,Yes,No,3.0,Month-to-Month,Electronic Check,DSL,57.75,1985.16,Yes,No,Yes
CUST03513,Male,41,No,No,1.2,Month-to-Month,Credit Card,DSL,51.08,632.55,No,Yes,Yes
CUST03514,Female,68,Yes,No,5.4,Month-to-Month,Credit Card,Fiber Optic,88.42,5516.91,No,No,Yes
CUST03515,Female,64,No,No,3.8,Month-to-Month,Mailed Check,DSL,73.5,3544.76,No,Yes,No
CUST03516,Male,57,No,No,1.3,Month-to-Month,Credit Card,DSL,60.28,1032.51,Yes,No,Yes
CUST03517,Male,68,No,Yes,4.0,Month-to-Month,Mailed Check,DSL,53.49,2828.83,No,Yes,No
CUST03518,Male,59,Yes,No,8.5,One Year,Credit Card,Fiber Optic,87.04,8919.6,No,No,No
CUST03519,Female,24,Yes,No,0.3,One Year,Credit Card,Fiber Optic,82.44,415.57,No,Yes,Yes
CUST03520,Male,67,No,No,1.1,Two Year,Credit Card,DSL,53.53,698.9,No,Yes,No
CUST03521,Male,65,Yes,No,1.9,Two Year,Credit Card,Fiber Optic,84.11,2171.94,Yes,No,Yes
CUST03522,Male,37,Yes,No,2.1,Month-to-Month,Mailed Check,Fiber Optic,88.8,2228.65,Yes,Yes,No
CUST03523,Female,44,No,No,2.3,Month-to-Month,Electronic Check,Fiber Optic,92.25,2726.01,Yes,No,Yes
CUST03524,Female,23,No,No,1.1,Month-to-Month,Bank Transfer,Fiber Optic,101.87,1382.59,Yes,Yes,Yes
CUST03525,Male,44,Yes,Yes,3.3,Month-to-Month,Credit Card,DSL,60.19,2604.89,Yes,No,No
CUST03526,Male,26,Yes,No,3.1,Month-to-Month,Credit Card,Fiber Optic,76.23,2762.11,Yes,Yes,Yes
CUST03527,Female,70,Yes,No,2.6,One Year,Electronic Check,No,19.75,661.62,Yes,No,No
CUST03528,Female,62,No,No,0.4,Month-to-Month,Mailed Check,Fiber Optic,84.46,387.13,No,Yes,Yes
CUST03529,Female,74,No,No,1.9,One Year,Bank Transfer,DSL,63.0,1331.11,No,Yes,No
CUST03530,Female,48,No,No,1.3,One Year,Electronic Check,DSL,53.34,826.58,Yes,Yes,No
CUST03531,Female,38,No,No,2.0,Month-to-Month,Electronic Check,No,28.46,555.08,Yes,Yes,No
CUST03532,Female,43,No,No,7.6,Month-to-Month,Electronic Check,Fiber Optic,92.2,8580.94,No,No,Yes
CUST03533,Female,57,No,Yes,2.0,Two Year,Electronic Check,DSL,54.79,1387.84,No,No,No
CUST03534,Female,65,Yes,Yes,0.0,Month-to-Month,Credit Card,DSL,63.28,240.27,Yes,No,No
CUST03535,Female,62,No,No,1.7,Month-to-Month,Bank Transfer,No,17.96,331.85,No,Yes,Yes
CUST03536,Male,30,Yes,No,5.2,Month-to-Month,Credit Card,DSL,58.81,3582.51,Yes,Yes,No
CUST03537,Male,66,No,Yes,4.5,Month-to-Month,Electronic Check,Fiber Optic,70.79,3643.85,No,Yes,Yes
CUST03538,Male,40,No,Yes,2.2,Month-to-Month,Bank Transfer,Fiber Optic,87.13,2364.03,No,No,No
CUST03539,Female,37,Yes,No,0.9,Two Year,Electronic Check,Fiber Optic,92.21,919.23,Yes,Yes,Yes
CUST03540,Male,54,No,No,1.9,Month-to-Month,Mailed Check,DSL,41.97,887.76,No,No,Yes
CUST03541,Female,71,Yes,No,2.5,Month-to-Month,Electronic Check,DSL,36.64,1128.46,Yes,Yes,No
CUST03542,Female,70,No,Yes,15.0,Month-to-Month,Electronic Check,No,36.81,6706.58,No,Yes,No
CUST03543,Male,45,Yes,No,3.1,One Year,Mailed Check,Fiber Optic,88.6,3314.58,No,No,No
CUST03544,Female,34,No,No,3.6,Month-to-Month,Credit Card,No,21.21,896.03,No,Yes,Yes
CUST03545,Male,45,Yes,No,2.0,Month-to-Month,Bank Transfer,Fiber Optic,86.95,2290.69,Yes,Yes,No
CUST03546,Male,58,Yes,No,1.3,One Year,Electronic Check,No,25.67,387.38,No,No,Yes
CUST03547,Male,19,Yes,Yes,5.0,Month-to-Month,Electronic Check,No,28.57,1698.64,No,Yes,No
CUST03548,Female,42,Yes,No,2.0,Month-to-Month,Mailed Check,Fiber Optic,82.85,2073.48,No,Yes,No
CUST03549,Male,67,Yes,Yes,15.0,Month-to-Month,Bank Transfer,DSL,44.35,7922.93,Yes,No,No
CUST03550,Female,58,No,Yes,1.8,One Year,Mailed Check,Fiber Optic,92.21,2180.65,Yes,Yes,No
CUST03551,Male,23,Yes,No,0.2,Two Year,Electronic Check,Fiber Optic,76.53,43.23,No,Yes,Yes
CUST03552,Male,28,Yes,No,3.4,Month-to-Month,Credit Card,Fiber Optic,85.74,3393.62,No,No,Yes
CUST03553,Male,74,Yes,No,0.1,Month-to-Month,Credit Card,No,35.22,0.0,No,No,No
CUST03554,Female,55,No,No,0.9,Month-to-Month,Bank Transfer,DSL,48.36,605.77,No,Yes,No
CUST03555,Female,23,No,No,1.3,One Year,Electronic Check,DSL,52.8,966.8,Yes,No,No
CUST03556,Female,62,No,No,4.0,One Year,Mailed Check,Fiber Optic,80.93,3859.94,No,Yes,No
CUST03557,Male,28,No,Yes,2.0,One Year,Electronic Check,DSL,68.8,1712.55,Yes,Yes,No
CUST03558,Male,31,Yes,No,0.1,One Year,Mailed Check,Fiber Optic,92.32,178.5,No,No,Yes
CUST03559,Female,19,Yes,Yes,2.9,Two Year,Mailed Check,No,36.08,1276.96,No,No,No
CUST03560,Female,57,Yes,No,1.6,Two Year,Bank Transfer,Fiber Optic,102.68,1733.81,No,No,Yes
CUST03561,Female,20,No,Yes,7.6,One Year,Mailed Check,No,32.82,2949.92,Yes,No,No
CUST03562,Female,72,No,No,2.1,Month-to-Month,Bank Transfer,Fiber Optic,82.31,2199.39,No,Yes,Yes
CUST03563,Female,70,No,No,3.7,Month-to-Month,Credit Card,Fiber Optic,73.48,3441.32,Yes,Yes,No
CUST03564,Female,52,Yes,No,0.7,Month-to-Month,Bank Transfer,Fiber Optic,79.4,817.72,Yes,No,No
CUST03565,Male,50,Yes,No,4.3,Month-to-Month,Bank Transfer,DSL,56.27,2905.61,Yes,No,Yes
CUST03566,Female,41,Yes,No,3.8,One Year,Bank Transfer,Fiber Optic,92.45,4364.09,Yes,Yes,No
CUST03567,Male,36,No,No,7.0,Month-to-Month,Credit Card,DSL,49.77,4027.55,No,Yes,No
CUST03568,Male,35,Yes,No,0.1,One Year,Bank Transfer,No,42.67,0.0,No,No,No
CUST03569,Female,66,No,No,1.8,Month-to-Month,Mailed Check,DSL,42.68,804.55,No,No,No
CUST03570,Female,69,Yes,Yes,3.4,One Year,Mailed Check,DSL,52.0,2414.86,Yes,Yes,No
CUST03571,Male,41,No,Yes,0.3,Month-to-Month,Bank Transfer,Fiber Optic,88.23,684.34,No,No,Yes
CUST03572,Female,62,No,Yes,1.6,Month-to-Month,Mailed Check,Fiber Optic,86.05,1377.24,Yes,Yes,Yes
CUST03573,Female,52,No,Yes,8.5,Month-to-Month,Bank Transfer,DSL,58.81,5972.83,Yes,Yes,No
CUST03574,Male,18,No,No,1.7,Two Year,Credit Card,DSL,56.03,1094.59,No,Yes,No
CUST03575,Male,53,No,Yes,12.7,Month-to-Month,Mailed Check,No,35.19,5453.43,No,Yes,No
CUST03576,Male,42,No,Yes,0.2,Month-to-Month,Bank Transfer,Fiber Optic,83.05,308.07,No,No,Yes
CUST03577,Female,62,No,Yes,3.8,Month-to-Month,Electronic Check,DSL,52.6,2358.61,No,Yes,No
CUST03578,Male,66,No,No,2.6,One Year,Credit Card,Fiber Optic,78.4,2534.28,Yes,Yes,No
CUST03579,Female,60,No,No,2.1,Month-to-Month,Electronic Check,DSL,72.39,1936.16,Yes,No,Yes
CUST03580,Male,51,No,No,10.6,Two Year,Bank Transfer,DSL,54.37,6713.64,No,Yes,No
CUST03581,Male,42,No,No,0.4,Month-to-Month,Mailed Check,No,33.48,196.35,Yes,No,Yes
CUST03582,Male,33,No,Yes,6.8,Month-to-Month,Bank Transfer,Fiber Optic,83.31,6794.86,No,No,No
CUST03583,Female,51,Yes,No,3.5,One Year,Mailed Check,DSL,67.74,2689.71,No,Yes,No
CUST03584,Female,46,Yes,No,0.9,Month-to-Month,Bank Transfer,No,29.91,287.65,Yes,Yes,Yes
CUST03585,Male,36,No,Yes,7.0,Two Year,Bank Transfer,Fiber Optic,87.62,7409.76,No,No,No
CUST03586,Male,40,No,No,1.7,Month-to-Month,Mailed Check,DSL,48.02,991.61,Yes,No,No
CUST03587,Male,36,No,No,5.0,Two Year,Mailed Check,Fiber Optic,99.08,5907.44,Yes,Yes,Yes
CUST03588,Female,42,Yes,No,1.5,One Year,Bank Transfer,No,31.74,552.1,No,No,No
CUST03589,Male,33,No,No,5.7,Two Year,Electronic Check,Fiber Optic,99.37,6808.29,No,Yes,Yes
CUST03590,Female,71,No,Yes,3.0,Month-to-Month,Credit Card,Fiber Optic,80.19,2629.46,No,Yes,Yes
CUST03591,Male,68,Yes,Yes,0.5,Month-to-Month,Electronic Check,Fiber Optic,81.46,768.24,Yes,No,No
CUST03592,Male,26,No,Yes,3.1,One Year,Electronic Check,Fiber Optic,80.78,2946.52,Yes,No,No
CUST03593,Male,18,No,Yes,0.6,One Year,Electronic Check,Fiber Optic,82.73,679.39,No,Yes,Yes
CUST03594,Male,59,Yes,Yes,1.6,Month-to-Month,Electronic Check,Fiber Optic,90.36,2027.42,No,Yes,No
CUST03595,Male,36,No,No,0.6,Month-to-Month,Mailed Check,DSL,38.61,365.66,No,No,Yes
CUST03596,Male,50,No,Yes,0.1,Month-to-Month,Electronic Check,No,29.61,53.41,No,No,No
CUST03597,Female,51,Yes,No,0.7,One Year,Credit Card,DSL,48.75,398.84,No,No,No
CUST03598,Male,33,Yes,No,2.3,Month-to-Month,Mailed Check,Fiber Optic,77.9,2146.3,Yes,Yes,No
CUST03599,Female,61,No,No,2.0,Month-to-Month,Electronic Check,Fiber Optic,88.75,1840.89,Yes,No,Yes
CUST03600,Male,57,Yes,No,2.1,Month-to-Month,Mailed Check,Fiber Optic,87.4,1989.25,Yes,Yes,No
CUST03601,Male,72,Yes,No,0.9,Month-to-Month,Electronic Check,Fiber Optic,91.9,1036.72,No,No,Yes
CUST03602,Female,35,Yes,No,3.5,Month-to-Month,Electronic Check,Fiber Optic,88.1,3633.54,No,Yes,Yes
CUST03603,Male,51,No,No,3.7,Two Year,Credit Card,DSL,56.44,2336.75,Yes,No,No
CUST03604,Female,42,No,No,1.3,Month-to-Month,Mailed Check,Fiber Optic,80.53,1302.96,Yes,No,Yes
CUST03605,Female,62,No,No,6.4,Two Year,Mailed Check,No,22.58,1768.63,No,No,No
CUST03606,Male,23,Yes,Yes,3.1,Month-to-Month,Bank Transfer,No,34.79,1375.38,No,No,Yes
CUST03607,Female,38,No,No,3.7,Month-to-Month,Electronic Check,Fiber Optic,82.95,3771.31,No,No,No
CUST03608,Female,23,Yes,No,1.0,Month-to-Month,Electronic Check,DSL,58.19,624.88,Yes,No,No
CUST03609,Male,49,Yes,No,0.0,One Year,Credit Card,DSL,54.96,75.22,No,No,Yes
CUST03610,Female,58,Yes,Yes,6.0,One Year,Credit Card,DSL,38.65,2804.63,No,No,No
CUST03611,Male,65,Yes,No,5.2,Month-to-Month,Mailed Check,Fiber Optic,88.87,5380.94,Yes,No,No
CUST03612,Male,60,No,No,0.4,Month-to-Month,Credit Card,DSL,49.99,144.14,No,Yes,Yes
CUST03613,Male,56,No,Yes,1.4,Two Year,Mailed Check,No,36.91,682.84,Yes,Yes,No
CUST03614,Male,48,Yes,No,3.2,Two Year,Electronic Check,No,15.13,590.45,Yes,Yes,No
CUST03615,Female,59,No,No,3.2,Month-to-Month,Electronic Check,DSL,70.19,2731.56,No,Yes,Yes
CUST03616,Male,27,No,No,5.9,One Year,Mailed Check,Fiber Optic,80.23,5690.6,No,No,No
CUST03617,Male,47,No,No,0.5,Month-to-Month,Credit Card,Fiber Optic,88.77,639.47,No,Yes,Yes
CUST03618,Female,74,Yes,No,1.7,Month-to-Month,Credit Card,DSL,49.3,955.25,Yes,Yes,Yes
CUST03619,Male,69,No,No,0.3,Month-to-Month,Mailed Check,Fiber Optic,80.39,268.93,No,Yes,Yes
CUST03620,Male,35,Yes,Yes,1.5,Month-to-Month,Electronic Check,Fiber Optic,90.48,1763.51,Yes,Yes,No
CUST03621,Female,41,No,No,0.0,Two Year,Mailed Check,DSL,53.38,3.93,Yes,Yes,No
CUST03622,Female,69,Yes,No,6.9,Month-to-Month,Credit Card,Fiber Optic,83.94,6824.4,No,No,No
CUST03623,Female,26,No,No,2.2,One Year,Mailed Check,No,36.8,920.77,No,No,No
CUST03624,Female,48,Yes,No,5.7,Two Year,Electronic Check,Fiber Optic,86.51,5925.13,Yes,Yes,Yes
CUST03625,Female,32,Yes,Yes,0.2,Month-to-Month,Bank Transfer,Fiber Optic,88.59,0.0,No,Yes,Yes
CUST03626,Female,21,No,No,0.8,Month-to-Month,Mailed Check,DSL,50.0,655.13,Yes,No,Yes
CUST03627,Female,57,No,No,0.9,One Year,Bank Transfer,No,35.33,369.31,No,No,No
CUST03628,Male,26,No,Yes,1.5,Month-to-Month,Mailed Check,No,30.89,586.07,No,Yes,Yes
CUST03629,Female,62,No,Yes,4.9,Month-to-Month,Credit Card,DSL,58.44,3510.93,No,Yes,No
CUST03630,Female,26,Yes,Yes,1.5,Month-to-Month,Credit Card,No,32.91,608.97,No,Yes,No
CUST03631,Female,43,No,No,0.7,Month-to-Month,Bank Transfer,DSL,64.04,362.96,Yes,Yes,Yes
CUST03632,Male,21,Yes,Yes,0.2,Two Year,Mailed Check,DSL,59.04,15.72,No,Yes,Yes
CUST03633,Male,34,Yes,Yes,0.2,One Year,Credit Card,Fiber Optic,75.72,0.0,No,No,Yes
CUST03634,Female,33,No,No,4.3,Month-to-Month,Bank Transfer,Fiber Optic,80.24,4316.31,Yes,No,No
CUST03635,Female,32,No,No,1.8,Month-to-Month,Bank Transfer,Fiber Optic,86.81,1607.21,No,Yes,Yes
CUST03636,Female,52,No,Yes,3.9,Two Year,Mailed Check,Fiber Optic,88.19,4010.12,Yes,No,No
CUST03637,Male,74,No,Yes,3.4,Month-to-Month,Credit Card,DSL,44.4,1927.59,No,No,No
CUST03638,Male,69,No,Yes,0.4,Month-to-Month,Bank Transfer,DSL,47.06,119.57,No,No,Yes
CUST03639,Female,22,Yes,Yes,0.5,Two Year,Electronic Check,Fiber Optic,93.75,590.51,No,No,No
CUST03640,Male,72,Yes,Yes,4.2,Two Year,Electronic Check,DSL,70.73,3672.02,Yes,No,No
CUST03641,Female,22,No,No,3.8,Month-to-Month,Credit Card,DSL,41.77,1899.61,No,Yes,No
CUST03642,Male,37,Yes,Yes,1.4,Month-to-Month,Credit Card,DSL,57.07,976.47,No,Yes,Yes
CUST03643,Male,32,Yes,No,0.2,Month-to-Month,Electronic Check,No,30.38,105.31,No,No,No
CUST03644,Female,35,Yes,No,0.0,Month-to-Month,Bank Transfer,No,38.09,136.07,No,Yes,No
CUST03645,Female,64,No,No,1.0,One Year,Mailed Check,DSL,58.97,597.46,Yes,No,Yes
CUST03646,Female,19,Yes,No,0.0,Month-to-Month,Bank Transfer,DSL,61.63,0.0,No,No,Yes
CUST03647,Female,46,No,No,0.8,Month-to-Month,Credit Card,Fiber Optic,66.75,725.31,Yes,Yes,Yes
CUST03648,Male,30,No,No,1.6,Month-to-Month,Credit Card,No,29.94,563.12,No,Yes,No
CUST03649,Male,21,Yes,No,0.4,Two Year,Mailed Check,DSL,47.75,175.64,Yes,Yes,No
CUST03650,Male,59,No,Yes,0.3,Month-to-Month,Bank Transfer,No,22.96,129.97,No,Yes,Yes
CUST03651,Female,62,No,Yes,6.8,Month-to-Month,Mailed Check,Fiber Optic,75.19,5800.95,Yes,Yes,No
CUST03652,Male,27,No,No,2.6,Two Year,Bank Transfer,No,31.83,1064.82,No,Yes,No
CUST03653,Female,48,No,No,8.2,Month-to-Month,Bank Transfer,DSL,57.67,5857.63,Yes,Yes,No
CUST03654,Male,58,Yes,No,1.3,Month-to-Month,Electronic Check,No,35.05,532.35,No,Yes,Yes
CUST03655,Female,25,No,No,3.4,Month-to-Month,Bank Transfer,Fiber Optic,81.78,3121.27,Yes,Yes,No
CUST03656,Female,20,Yes,No,0.7,Month-to-Month,Credit Card,No,41.07,359.59,No,No,Yes
CUST03657,Male,65,No,No,2.9,Month-to-Month,Credit Card,Fiber Optic,77.54,2773.21,Yes,No,No
CUST03658,Female,63,No,No,0.4,Month-to-Month,Credit Card,Fiber Optic,73.54,111.67,No,No,Yes
CUST03659,Female,26,No,No,0.0,Month-to-Month,Electronic Check,No,31.75,5.21,No,Yes,No
CUST03660,Male,47,Yes,No,8.0,Month-to-Month,Mailed Check,Fiber Optic,79.52,7944.39,No,No,No
CUST03661,Female,70,Yes,No,2.4,Month-to-Month,Credit Card,Fiber Optic,89.25,2795.9,No,Yes,Yes
CUST03662,Female,28,Yes,Yes,7.8,Month-to-Month,Credit Card,Fiber Optic,79.74,7547.12,Yes,Yes,No
CUST03663,Female,52,Yes,No,1.2,Month-to-Month,Mailed Check,Fiber Optic,80.37,1223.04,Yes,Yes,No
CUST03664,Male,54,Yes,Yes,1.2,Month-to-Month,Electronic Check,No,24.72,357.87,No,Yes,Yes
CUST03665,Male,59,No,Yes,1.5,Two Year,Bank Transfer,DSL,49.14,899.41,No,Yes,Yes
CUST03666,Female,30,Yes,No,3.7,Month-to-Month,Mailed Check,Fiber Optic,84.98,3757.17,No,Yes,No
CUST03667,Male,53,No,Yes,2.5,Month-to-Month,Bank Transfer,No,31.91,970.46,Yes,Yes,Yes
CUST03668,Female,73,Yes,No,7.8,One Year,Bank Transfer,Fiber Optic,79.13,7148.28,No,Yes,No
CUST03669,Female,30,No,Yes,0.1,Month-to-Month,Bank Transfer,No,20.63,0.0,No,Yes,Yes
CUST03670,Female,29,No,No,3.7,One Year,Mailed Check,No,33.99,1458.08,Yes,No,No
CUST03671,Female,54,No,Yes,1.2,One Year,Mailed Check,Fiber Optic,88.1,1450.58,Yes,Yes,No
CUST03672,Female,27,No,No,0.6,One Year,Bank Transfer,Fiber Optic,90.72,760.87,No,Yes,Yes
CUST03673,Male,73,Yes,Yes,2.1,One Year,Electronic Check,No,21.65,582.3,Yes,No,No
CUST03674,Female,26,No,No,2.1,Month-to-Month,Electronic Check,No,23.39,593.77,No,Yes,No
CUST03675,Male,69,Yes,No,0.4,One Year,Electronic Check,No,36.59,264.51,No,Yes,No
CUST03676,Male,24,Yes,No,0.7,Month-to-Month,Credit Card,DSL,62.17,687.89,No,Yes,No
CUST03677,Female,19,No,Yes,1.6,Month-to-Month,Bank Transfer,DSL,51.73,1116.76,No,No,No
CUST03678,Female,71,No,Yes,1.6,Two Year,Credit Card,Fiber Optic,77.38,1380.17,No,No,Yes
CUST03679,Male,73,No,Yes,1.1,Month-to-Month,Electronic Check,Fiber Optic,79.39,1056.65,Yes,Yes,Yes
CUST03680,Male,40,Yes,No,0.5,Two Year,Mailed Check,DSL,47.28,239.85,Yes,Yes,Yes
CUST03681,Male,56,Yes,No,0.0,Month-to-Month,Electronic Check,DSL,61.38,181.09,No,Yes,Yes
CUST03682,Female,57,Yes,No,10.5,Month-to-Month,Credit Card,DSL,60.7,7784.91,No,No,No
CUST03683,Male,56,Yes,Yes,8.6,Month-to-Month,Credit Card,Fiber Optic,85.65,8917.46,No,No,Yes
CUST03684,Female,38,Yes,No,2.0,One Year,Electronic Check,No,24.58,623.73,No,No,Yes
CUST03685,Female,40,Yes,No,15.0,Month-to-Month,Bank Transfer,No,22.95,4144.53,Yes,Yes,No
CUST03686,Female,46,Yes,Yes,3.4,Month-to-Month,Mailed Check,Fiber Optic,80.08,3117.65,Yes,Yes,No
CUST03687,Male,31,No,No,0.2,Month-to-Month,Mailed Check,Fiber Optic,77.89,353.96,Yes,Yes,No
CUST03688,Female,43,Yes,No,0.4,One Year,Electronic Check,Fiber Optic,86.81,767.02,No,No,Yes
CUST03689,Female,68,No,Yes,7.4,Month-to-Month,Bank Transfer,Fiber Optic,91.1,8181.67,No,Yes,No
CUST03690,Female,22,Yes,Yes,3.0,Two Year,Bank Transfer,Fiber Optic,91.35,3266.63,Yes,Yes,No
CUST03691,Female,72,No,Yes,5.6,Month-to-Month,Electronic Check,Fiber Optic,77.93,5123.28,No,No,No
CUST03692,Female,48,No,No,6.9,Month-to-Month,Mailed Check,DSL,50.22,4132.26,No,Yes,No
CUST03693,Male,42,Yes,Yes,1.8,Month-to-Month,Mailed Check,Fiber Optic,80.57,1534.99,No,No,Yes
CUST03694,Female,48,No,Yes,0.1,Two Year,Mailed Check,DSL,63.15,0.0,No,No,No
CUST03695,Female,67,Yes,No,0.6,Month-to-Month,Bank Transfer,DSL,44.33,304.31,Yes,Yes,No
CUST03696,Male,37,No,Yes,0.2,Month-to-Month,Electronic Check,Fiber Optic,84.98,257.72,No,No,Yes
CUST03697,Female,61,Yes,Yes,0.6,One Year,Bank Transfer,DSL,48.0,203.95,No,No,No
CUST03698,Male,72,No,No,1.6,Month-to-Month,Mailed Check,Fiber Optic,83.47,1634.69,No,Yes,Yes
CUST03699,Female,34,Yes,Yes,0.4,One Year,Bank Transfer,DSL,60.55,482.29,No,No,Yes
CUST03700,Male,62,Yes,No,0.5,Month-to-Month,Mailed Check,Fiber Optic,82.41,566.26,No,No,No
CUST03701,Male,19,No,No,1.8,Month-to-Month,Electronic Check,No,23.97,541.57,No,No,No
CUST03702,Female,42,Yes,No,1.2,Month-to-Month,Mailed Check,Fiber Optic,90.98,1383.98,No,No,No
CUST03703,Female,30,No,No,1.9,Month-to-Month,Credit Card,Fiber Optic,86.04,1686.31,Yes,Yes,Yes
CUST03704,Female,56,Yes,Yes,1.7,One Year,Credit Card,No,33.86,588.32,Yes,Yes,Yes
CUST03705,Male,45,No,No,3.1,One Year,Electronic Check,Fiber Optic,87.12,3344.97,Yes,No,No
CUST03706,Male,59,Yes,No,8.3,Month-to-Month,Bank Transfer,DSL,45.28,4574.38,Yes,Yes,No
CUST03707,Male,72,No,No,0.3,Two Year,Bank Transfer,DSL,65.44,372.34,Yes,No,Yes
CUST03708,Female,23,No,No,0.3,Month-to-Month,Bank Transfer,Fiber Optic,83.41,525.52,No,Yes,Yes
CUST03709,Male,20,Yes,No,5.7,Month-to-Month,Mailed Check,Fiber Optic,91.74,6180.22,Yes,No,Yes
CUST03710,Male,52,Yes,No,2.1,One Year,Credit Card,DSL,52.2,1416.77,No,Yes,No
CUST03711,Female,35,Yes,No,4.4,One Year,Electronic Check,No,34.53,1889.04,No,Yes,Yes
CUST03712,Male,28,No,No,0.7,Month-to-Month,Bank Transfer,DSL,63.09,723.76,No,No,No
CUST03713,Male,71,Yes,No,5.3,One Year,Bank Transfer,No,37.06,2475.81,No,No,No
CUST03714,Female,37,Yes,No,7.7,Month-to-Month,Electronic Check,No,30.84,2825.86,Yes,Yes,No
CUST03715,Male,22,Yes,No,3.0,One Year,Mailed Check,No,27.28,977.88,No,Yes,No
CUST03716,Female,36,Yes,No,0.3,Two Year,Bank Transfer,No,18.73,75.23,Yes,No,No
CUST03717,Female,39,No,No,6.8,One Year,Mailed Check,DSL,45.1,3605.36,No,No,No
CUST03718,Female,36,No,No,4.7,Month-to-Month,Mailed Check,Fiber Optic,93.93,5505.88,No,Yes,Yes
CUST03719,Female,64,No,Yes,4.2,One Year,Mailed Check,DSL,48.41,2419.31,Yes,Yes,No
CUST03720,Female,33,No,No,0.1,One Year,Bank Transfer,No,36.43,128.91,Yes,Yes,No
CUST03721,Male,41,No,Yes,4.8,Month-to-Month,Bank Transfer,DSL,62.31,3777.89,No,No,No
CUST03722,Male,58,Yes,No,0.4,Month-to-Month,Electronic Check,DSL,58.64,248.37,No,Yes,Yes
CUST03723,Female,21,Yes,No,0.8,Two Year,Electronic Check,No,33.13,202.39,No,Yes,No
CUST03724,Female,32,No,Yes,2.6,Month-to-Month,Mailed Check,DSL,45.68,1422.47,Yes,Yes,No
CUST03725,Male,42,No,No,0.9,Month-to-Month,Bank Transfer,DSL,44.2,595.63,No,No,Yes
CUST03726,Female,61,No,No,3.2,Month-to-Month,Mailed Check,Fiber Optic,79.73,3272.79,Yes,No,No
CUST03727,Female,72,Yes,Yes,2.8,One Year,Electronic Check,Fiber Optic,98.22,3280.54,No,Yes,Yes
CUST03728,Female,52,Yes,No,0.3,Two Year,Mailed Check,Fiber Optic,96.0,368.99,No,Yes,No
CUST03729,Male,72,Yes,No,3.2,One Year,Credit Card,Fiber Optic,85.3,3249.39,Yes,No,Yes
CUST03730,Male,31,No,Yes,7.7,Month-to-Month,Mailed Check,No,40.35,3680.89,Yes,Yes,No
CUST03731,Female,66,No,No,0.5,One Year,Bank Transfer,DSL,47.52,122.06,No,Yes,No
CUST03732,Female,36,No,No,2.7,One Year,Mailed Check,Fiber Optic,82.04,2743.51,Yes,No,No
CUST03733,Male,55,Yes,Yes,1.3,One Year,Mailed Check,Fiber Optic,97.7,1429.6,No,No,Yes
CUST03734,Male,53,No,Yes,1.8,Month-to-Month,Bank Transfer,Fiber Optic,101.82,2242.98,No,No,No
CUST03735,Female,24,Yes,No,1.0,One Year,Credit Card,Fiber Optic,91.17,1217.69,Yes,Yes,No
CUST03736,Female,47,Yes,No,1.3,Month-to-Month,Bank Transfer,DSL,42.28,736.06,Yes,Yes,No
CUST03737,Male,36,No,Yes,0.1,Month-to-Month,Electronic Check,DSL,65.8,0.0,No,No,Yes
CUST03738,Male,66,Yes,Yes,12.0,Month-to-Month,Credit Card,DSL,52.86,7508.22,No,Yes,No
CUST03739,Male,42,Yes,No,2.9,Two Year,Credit Card,DSL,60.78,2186.72,No,Yes,No
CUST03740,Female,33,No,No,2.1,Month-to-Month,Bank Transfer,DSL,55.79,1479.75,Yes,Yes,No
CUST03741,Male,64,No,No,1.5,Two Year,Mailed Check,Fiber Optic,93.05,1570.06,Yes,No,No
CUST03742,Female,71,Yes,No,2.3,Month-to-Month,Electronic Check,DSL,55.37,1638.48,No,No,No
CUST03743,Male,57,No,No,1.4,One Year,Electronic Check,Fiber Optic,106.83,1786.64,No,Yes,No
CUST03744,Male,68,Yes,No,1.3,Month-to-Month,Credit Card,No,37.72,532.39,Yes,Yes,No
CUST03745,Male,25,No,No,1.9,Month-to-Month,Electronic Check,Fiber Optic,74.94,1561.2,Yes,No,No
CUST03746,Male,35,No,No,1.0,One Year,Credit Card,Fiber Optic,71.57,928.76,No,No,No
CUST03747,Female,45,No,No,0.6,One Year,Credit Card,No,16.67,128.05,No,No,No
CUST03748,Female,33,No,No,2.4,One Year,Electronic Check,Fiber Optic,89.76,2653.26,Yes,Yes,No
CUST03749,Male,69,Yes,No,5.6,One Year,Credit Card,No,37.7,2449.98,No,Yes,No
CUST03750,Female,36,Yes,No,0.5,One Year,Mailed Check,DSL,34.1,52.84,Yes,No,No
CUST03751,Male,59,Yes,No,0.1,Two Year,Credit Card,No,39.77,96.3,Yes,No,No
CUST03752,Male,34,Yes,Yes,0.9,Month-to-Month,Mailed Check,Fiber Optic,87.8,1159.15,No,Yes,Yes
CUST03753,Male,62,No,No,11.7,Month-to-Month,Mailed Check,DSL,67.94,9318.51,No,Yes,No
CUST03754,Male,30,Yes,No,5.3,Month-to-Month,Mailed Check,No,22.26,1396.73,Yes,Yes,Yes
CUST03755,Female,24,Yes,Yes,2.7,Month-to-Month,Electronic Check,No,32.33,1217.96,Yes,Yes,No
CUST03756,Male,44,Yes,No,7.9,One Year,Mailed Check,Fiber Optic,87.26,8370.95,Yes,Yes,No
CUST03757,Male,27,No,Yes,1.8,Month-to-Month,Electronic Check,No,23.81,576.58,No,No,Yes
CUST03758,Female,51,Yes,No,12.3,Month-to-Month,Bank Transfer,DSL,44.85,6765.7,Yes,Yes,No
CUST03759,Male,53,No,Yes,1.1,Month-to-Month,Mailed Check,Fiber Optic,92.45,1130.81,Yes,Yes,Yes
CUST03760,Male,42,Yes,No,0.8,One Year,Credit Card,DSL,56.83,811.71,Yes,Yes,No
CUST03761,Male,23,Yes,No,3.0,Month-to-Month,Bank Transfer,DSL,58.15,1891.32,No,No,Yes
CUST03762,Female,41,No,Yes,1.4,Month-to-Month,Bank Transfer,Fiber Optic,95.9,1708.76,No,No,No
CUST03763,Male,35,No,No,3.0,One Year,Mailed Check,Fiber Optic,84.68,3107.05,Yes,Yes,No
CUST03764,Female,40,No,Yes,1.1,One Year,Electronic Check,DSL,57.52,632.33,No,Yes,Yes
CUST03765,Male,23,No,No,2.9,Month-to-Month,Bank Transfer,Fiber Optic,87.82,2925.79,Yes,No,Yes
CUST03766,Male,46,Yes,No,1.0,One Year,Mailed Check,DSL,58.03,625.19,No,Yes,No
CUST03767,Female,42,Yes,Yes,0.2,Month-to-Month,Bank Transfer,Fiber Optic,73.73,0.0,Yes,Yes,No
CUST03768,Male,72,No,No,7.3,Two Year,Bank Transfer,DSL,54.84,4649.02,Yes,No,No
CUST03769,Male,34,Yes,Yes,6.4,Month-to-Month,Mailed Check,No,39.27,2990.5,No,Yes,No
CUST03770,Female,63,No,No,10.6,Two Year,Credit Card,DSL,53.98,6813.35,No,No,No
CUST03771,Female,41,No,No,3.8,Two Year,Credit Card,Fiber Optic,81.22,3596.94,No,Yes,No
CUST03772,Female,28,Yes,No,3.4,One Year,Credit Card,DSL,62.75,2664.56,No,Yes,Yes
CUST03773,Female,43,No,No,2.5,Month-to-Month,Bank Transfer,Fiber Optic,85.11,2425.48,Yes,Yes,No
CUST03774,Female,68,Yes,No,0.4,Month-to-Month,Electronic Check,DSL,49.96,266.59,Yes,Yes,Yes
CUST03775,Male,51,Yes,No,0.6,Month-to-Month,Electronic Check,Fiber Optic,78.11,562.22,No,Yes,Yes
CUST03776,Female,45,Yes,No,1.0,Two Year,Bank Transfer,DSL,54.57,620.41,No,No,No
CUST03777,Male,20,No,Yes,6.6,One Year,Bank Transfer,No,24.71,1889.23,No,Yes,No
CUST03778,Male,28,Yes,No,0.6,Two Year,Mailed Check,DSL,62.21,426.67,No,Yes,No
CUST03779,Male,55,No,Yes,7.7,One Year,Electronic Check,No,23.91,2178.87,No,No,No
CUST03780,Female,31,No,Yes,2.2,Month-to-Month,Bank Transfer,DSL,57.23,1620.82,No,No,No
CUST03781,Female,68,No,No,3.8,Month-to-Month,Credit Card,DSL,58.36,2735.69,Yes,No,No
CUST03782,Male,43,No,No,0.4,Month-to-Month,Electronic Check,DSL,60.06,217.67,No,No,Yes
CUST03783,Female,65,Yes,No,0.9,Month-to-Month,Bank Transfer,DSL,67.56,608.92,Yes,Yes,Yes
CUST03784,Female,38,Yes,No,9.5,One Year,Mailed Check,Fiber Optic,74.18,8323.8,Yes,Yes,No
CUST03785,Female,71,Yes,No,0.9,Two Year,Mailed Check,No,34.86,359.35,Yes,Yes,No
CUST03786,Female,73,No,No,1.1,One Year,Electronic Check,DSL,59.98,917.62,No,No,Yes
CUST03787,Male,56,No,Yes,0.7,Two Year,Credit Card,Fiber Optic,76.31,821.14,No,Yes,No
CUST03788,Male,47,No,No,0.4,Two Year,Electronic Check,Fiber Optic,87.08,0.0,No,Yes,No
CUST03789,Female,25,No,No,0.8,Month-to-Month,Bank Transfer,DSL,51.64,652.62,No,Yes,No
CUST03790,Male,68,No,No,3.1,Month-to-Month,Credit Card,DSL,66.22,2447.6,No,Yes,No
CUST03791,Female,37,Yes,No,1.8,One Year,Bank Transfer,No,25.45,479.75,Yes,Yes,Yes
CUST03792,Female,65,No,No,2.4,Month-to-Month,Credit Card,DSL,53.28,1528.96,No,Yes,Yes
CUST03793,Male,49,No,No,0.4,Month-to-Month,Credit Card,Fiber Optic,81.96,257.9,No,Yes,Yes
CUST03794,Male,39,Yes,No,4.9,Month-to-Month,Bank Transfer,DSL,48.29,2999.33,No,Yes,Yes
CUST03795,Male,24,No,No,4.6,Two Year,Electronic Check,Fiber Optic,72.6,3923.64,Yes,Yes,Yes
CUST03796,Female,26,Yes,No,0.1,Month-to-Month,Mailed Check,Fiber Optic,78.34,0.0,Yes,No,Yes
CUST03797,Male,62,No,Yes,1.5,One Year,Credit Card,DSL,56.15,1246.45,Yes,No,No
CUST03798,Female,18,No,Yes,0.2,Two Year,Credit Card,DSL,57.26,183.21,No,Yes,No
CUST03799,Male,46,No,Yes,4.7,One Year,Mailed Check,DSL,61.5,3405.81,No,No,No
CUST03800,Male,25,Yes,No,4.0,One Year,Electronic Check,DSL,63.4,3278.08,No,Yes,Yes
CUST03801,Female,73,No,No,7.0,One Year,Mailed Check,No,33.21,2876.16,No,Yes,No
CUST03802,Female,71,No,No,0.8,Month-to-Month,Electronic Check,DSL,61.37,513.72,Yes,No,No
CUST03803,Female,21,Yes,Yes,1.8,Month-to-Month,Credit Card,Fiber Optic,89.19,1782.9,Yes,Yes,Yes
CUST03804,Female,52,No,No,0.6,Two Year,Credit Card,DSL,46.19,341.69,No,Yes,No
CUST03805,Female,20,No,No,1.4,Month-to-Month,Bank Transfer,No,33.05,544.54,Yes,No,Yes
CUST03806,Female,71,No,No,2.2,One Year,Electronic Check,Fiber Optic,85.09,2125.39,Yes,Yes,Yes
CUST03807,Female,62,Yes,No,0.2,Month-to-Month,Mailed Check,DSL,50.48,119.14,No,Yes,No
CUST03808,Female,57,No,No,3.8,Month-to-Month,Electronic Check,No,30.1,1477.68,No,No,Yes
CUST03809,Male,24,No,Yes,2.4,Two Year,Electronic Check,DSL,57.86,1787.41,No,Yes,No
CUST03810,Female,44,Yes,Yes,5.3,One Year,Electronic Check,Fiber Optic,83.39,5368.05,Yes,No,No
CUST03811,Female,18,Yes,Yes,1.0,Month-to-Month,Electronic Check,Fiber Optic,92.93,1051.87,No,Yes,No
CUST03812,Male,44,No,No,7.0,Two Year,Mailed Check,Fiber Optic,87.73,7346.97,Yes,Yes,No
CUST03813,Female,33,No,Yes,15.0,One Year,Bank Transfer,No,36.99,6709.46,No,Yes,No
CUST03814,Male,55,No,No,7.6,Month-to-Month,Credit Card,No,40.05,3701.08,Yes,Yes,No
CUST03815,Male,24,Yes,No,4.5,One Year,Mailed Check,No,26.83,1452.53,No,No,No
CUST03816,Female,61,Yes,No,5.0,Month-to-Month,Mailed Check,No,26.44,1643.96,Yes,No,No
CUST03817,Male,40,Yes,No,2.6,One Year,Credit Card,Fiber Optic,94.25,2721.18,No,Yes,Yes
CUST03818,Female,58,Yes,Yes,0.6,Month-to-Month,Bank Transfer,DSL,48.84,447.82,Yes,No,No
CUST03819,Male,28,No,No,3.4,Month-to-Month,Mailed Check,Fiber Optic,84.21,3540.5,Yes,Yes,No
CUST03820,Male,59,No,No,3.7,One Year,Credit Card,Fiber Optic,81.1,3369.48,No,Yes,No
CUST03821,Male,70,No,Yes,12.7,Two Year,Bank Transfer,DSL,47.07,7112.26,No,No,No
CUST03822,Female,50,Yes,No,2.3,One Year,Bank Transfer,Fiber Optic,88.98,2722.53,Yes,Yes,No
CUST03823,Female,67,No,No,0.9,Month-to-Month,Electronic Check,No,27.86,330.19,Yes,Yes,No
CUST03824,Male,53,Yes,No,3.5,Two Year,Mailed Check,DSL,47.58,1987.39,No,No,No
CUST03825,Male,54,Yes,No,11.6,One Year,Bank Transfer,No,37.4,5230.9,Yes,Yes,No
CUST03826,Female,58,No,No,0.6,One Year,Mailed Check,Fiber Optic,74.4,537.57,Yes,Yes,Yes
CUST03827,Female,34,No,No,1.2,Month-to-Month,Credit Card,DSL,53.82,813.76,Yes,No,Yes
CUST03828,Male,52,No,Yes,2.3,Two Year,Mailed Check,No,37.12,1094.09,No,No,No
CUST03829,Male,65,Yes,Yes,0.6,Two Year,Bank Transfer,No,37.32,403.87,Yes,Yes,No
CUST03830,Female,22,No,Yes,0.1,One Year,Credit Card,DSL,58.42,0.0,No,Yes,No
CUST03831,Female,65,No,No,1.2,Two Year,Credit Card,DSL,47.96,802.36,No,Yes,No
CUST03832,Female,49,No,No,6.0,Month-to-Month,Electronic Check,Fiber Optic,86.28,6148.4,No,Yes,No
CUST03833,Female,20,Yes,No,0.1,Two Year,Credit Card,No,32.85,0.0,Yes,No,No
CUST03834,Female,69,No,No,1.7,Month-to-Month,Bank Transfer,DSL,51.47,1184.65,No,No,No
CUST03835,Male,64,No,No,4.3,Month-to-Month,Electronic Check,DSL,58.01,2913.3,No,No,Yes
CUST03836,Female,52,No,No,9.2,One Year,Bank Transfer,Fiber Optic,73.18,8224.92,No,No,No
CUST03837,Male,69,Yes,No,12.7,One Year,Bank Transfer,Fiber Optic,70.97,10969.4,No,No,No
CUST03838,Female,31,Yes,Yes,1.6,Month-to-Month,Electronic Check,DSL,49.86,1151.16,Yes,Yes,No
CUST03839,Male,65,Yes,No,9.0,Month-to-Month,Electronic Check,No,35.54,3926.67,No,Yes,No
CUST03840,Female,48,Yes,No,0.1,Month-to-Month,Mailed Check,No,36.88,140.4,Yes,Yes,Yes
CUST03841,Female,48,No,Yes,4.1,Month-to-Month,Bank Transfer,No,19.77,1019.14,No,No,No
CUST03842,Male,34,Yes,No,3.1,Month-to-Month,Mailed Check,DSL,66.74,2512.96,No,Yes,Yes
CUST03843,Male,41,Yes,No,0.9,Month-to-Month,Credit Card,No,30.72,415.05,Yes,Yes,No
CUST03844,Female,69,Yes,Yes,2.1,Month-to-Month,Credit Card,Fiber Optic,72.61,1791.68,Yes,Yes,Yes
CUST03845,Female,40,Yes,Yes,0.4,Two Year,Mailed Check,DSL,57.43,204.04,Yes,No,No
CUST03846,Female,35,Yes,Yes,6.2,One Year,Electronic Check,Fiber Optic,95.18,7194.47,No,No,Yes
CUST03847,Female,67,No,No,1.3,Month-to-Month,Credit Card,DSL,51.12,924.21,No,Yes,No
CUST03848,Female,71,No,No,3.0,Two Year,Electronic Check,Fiber Optic,92.82,3309.64,No,No,No
CUST03849,Male,31,Yes,No,0.5,One Year,Mailed Check,Fiber Optic,96.54,503.03,No,Yes,No
CUST03850,Male,67,Yes,No,0.7,Month-to-Month,Electronic Check,Fiber Optic,85.32,471.7,Yes,No,No
CUST03851,Female,32,Yes,No,14.5,Month-to-Month,Bank Transfer,DSL,49.04,8452.02,Yes,Yes,No
CUST03852,Male,32,Yes,No,4.2,Month-to-Month,Credit Card,Fiber Optic,94.36,4624.46,Yes,Yes,No
CUST03853,Male,23,No,No,9.8,Month-to-Month,Electronic Check,DSL,64.33,7723.46,Yes,Yes,No
CUST03854,Male,44,No,No,1.1,Month-to-Month,Electronic Check,No,19.93,246.98,No,Yes,No
CUST03855,Female,32,No,No,0.5,Month-to-Month,Bank Transfer,Fiber Optic,84.19,586.15,No,No,Yes
CUST03856,Male,67,No,No,2.1,Month-to-Month,Electronic Check,DSL,60.77,1348.94,No,No,Yes
CUST03857,Female,53,Yes,No,2.0,One Year,Mailed Check,DSL,61.21,1628.22,No,Yes,No
CUST03858,Male,72,No,No,0.6,Month-to-Month,Mailed Check,Fiber Optic,82.69,634.29,Yes,Yes,Yes
CUST03859,Female,25,No,Yes,4.0,One Year,Mailed Check,Fiber Optic,77.33,3502.81,Yes,No,Yes
CUST03860,Male,32,No,Yes,1.3,One Year,Credit Card,Fiber Optic,97.57,1420.87,Yes,Yes,No
CUST03861,Female,20,Yes,No,0.6,Two Year,Electronic Check,DSL,55.71,314.76,No,Yes,Yes
CUST03862,Female,64,No,Yes,1.2,Month-to-Month,Credit Card,Fiber Optic,83.57,1242.12,No,Yes,Yes
CUST03863,Male,30,No,No,2.5,Two Year,Credit Card,DSL,50.29,1472.87,Yes,No,No
CUST03864,Female,58,No,No,3.9,Two Year,Electronic Check,Fiber Optic,83.39,3852.85,No,No,No
CUST03865,Female,51,Yes,Yes,2.0,One Year,Electronic Check,No,17.4,388.53,No,No,No
CUST03866,Female,41,No,Yes,2.2,One Year,Mailed Check,Fiber Optic,92.99,2226.57,Yes,Yes,No
CUST03867,Female,57,No,Yes,0.4,Month-to-Month,Credit Card,DSL,52.83,340.32,No,No,Yes
CUST03868,Female,49,No,Yes,7.4,Two Year,Credit Card,No,15.0,1361.9,No,No,No
CUST03869,Female,49,No,No,7.9,Month-to-Month,Electronic Check,DSL,47.12,4404.34,Yes,Yes,No
CUST03870,Female,47,No,No,3.5,One Year,Credit Card,Fiber Optic,92.66,3984.19,No,No,No
CUST03871,Female,69,Yes,No,0.1,Month-to-Month,Bank Transfer,Fiber Optic,83.86,0.0,Yes,No,No
CUST03872,Male,66,No,No,2.3,Month-to-Month,Electronic Check,DSL,48.69,1420.29,No,No,No
CUST03873,Male,30,Yes,No,3.0,One Year,Mailed Check,DSL,56.06,2002.95,No,No,No
CUST03874,Female,18,No,No,15.0,Two Year,Bank Transfer,DSL,52.61,9392.07,No,No,No
CUST03875,Female,51,Yes,No,15.0,Month-to-Month,Bank Transfer,No,30.88,5495.96,Yes,No,No
CUST03876,Male,32,No,No,5.8,Two Year,Mailed Check,No,32.56,2337.0,No,No,No
CUST03877,Male,61,No,Yes,0.2,One Year,Bank Transfer,Fiber Optic,78.47,0.0,Yes,Yes,No
CUST03878,Male,31,No,Yes,9.2,Month-to-Month,Bank Transfer,DSL,50.39,5555.3,Yes,Yes,No
CUST03879,Female,74,No,Yes,2.8,Month-to-Month,Bank Transfer,No,24.12,718.0,No,No,No
CUST03880,Male,46,No,Yes,4.8,One Year,Credit Card,Fiber Optic,79.36,4418.17,Yes,No,No
CUST03881,Female,51,No,No,1.6,Month-to-Month,Bank Transfer,Fiber Optic,79.98,1332.21,Yes,Yes,Yes
CUST03882,Female,35,Yes,Yes,1.2,Month-to-Month,Bank Transfer,Fiber Optic,82.68,785.45,No,No,Yes
CUST03883,Male,71,Yes,No,1.9,Month-to-Month,Electronic Check,Fiber Optic,80.14,1741.38,No,Yes,No
CUST03884,Female,24,Yes,No,0.5,Month-to-Month,Mailed Check,Fiber Optic,86.28,460.15,Yes,No,Yes
CUST03885,Female,46,Yes,No,1.3,One Year,Credit Card,Fiber Optic,82.49,1093.5,No,No,No
CUST03886,Female,72,No,No,5.8,Month-to-Month,Credit Card,Fiber Optic,79.35,5425.71,No,No,No
CUST03887,Female,48,No,Yes,0.1,Month-to-Month,Mailed Check,No,15.0,11.02,Yes,No,No
CUST03888,Male,42,No,No,0.5,Month-to-Month,Credit Card,DSL,47.78,105.62,No,No,No
CUST03889,Male,55,Yes,Yes,0.4,Month-to-Month,Credit Card,Fiber Optic,82.08,399.24,No,No,Yes
CUST03890,Female,31,Yes,No,1.5,Month-to-Month,Credit Card,DSL,62.66,1203.47,No,No,Yes
CUST03891,Female,25,No,No,15.0,One Year,Electronic Check,Fiber Optic,84.44,15248.9,Yes,Yes,No
CUST03892,Male,44,No,No,0.6,One Year,Electronic Check,DSL,42.89,335.75,Yes,Yes,Yes
CUST03893,Female,71,Yes,No,0.5,Month-to-Month,Credit Card,DSL,55.78,317.57,No,No,Yes
CUST03894,Male,19,No,No,7.4,Month-to-Month,Mailed Check,No,26.38,2360.93,No,No,Yes
CUST03895,Female,34,No,Yes,6.4,Month-to-Month,Mailed Check,DSL,59.57,4701.99,No,Yes,No
CUST03896,Female,54,Yes,Yes,0.1,Month-to-Month,Electronic Check,Fiber Optic,73.3,456.5,No,Yes,Yes
CUST03897,Male,31,No,No,4.2,One Year,Electronic Check,No,39.69,1918.23,No,Yes,No
CUST03898,Male,42,Yes,No,3.2,Month-to-Month,Bank Transfer,Fiber Optic,88.58,3254.33,No,Yes,Yes
CUST03899,Male,73,No,No,4.4,Month-to-Month,Electronic Check,DSL,53.33,2712.24,No,No,No
CUST03900,Male,47,Yes,Yes,2.0,One Year,Credit Card,DSL,42.65,1132.29,No,Yes,No
CUST03901,Female,46,Yes,No,14.3,Month-to-Month,Electronic Check,No,18.31,3199.37,Yes,Yes,No
CUST03902,Male,37,No,No,0.1,One Year,Bank Transfer,Fiber Optic,90.48,246.35,No,No,No
CUST03903,Female,38,Yes,No,0.8,Month-to-Month,Bank Transfer,Fiber Optic,91.43,634.75,Yes,Yes,No
CUST03904,Male,70,No,No,1.5,Month-to-Month,Mailed Check,Fiber Optic,93.33,1623.74,Yes,No,No
CUST03905,Male,39,Yes,No,1.8,One Year,Mailed Check,Fiber Optic,98.34,2192.74,No,Yes,No
CUST03906,Female,52,Yes,Yes,7.6,One Year,Credit Card,Fiber Optic,90.99,8360.73,Yes,No,No
CUST03907,Male,54,Yes,No,2.5,Month-to-Month,Electronic Check,DSL,58.26,1973.46,Yes,Yes,Yes
CUST03908,Male,33,No,Yes,0.1,One Year,Bank Transfer,Fiber Optic,104.11,346.05,No,Yes,No
CUST03909,Male,67,No,Yes,1.6,Two Year,Bank Transfer,Fiber Optic,80.64,1711.71,No,Yes,Yes
CUST03910,Male,66,Yes,No,1.6,Two Year,Mailed Check,DSL,54.19,994.86,No,No,No
CUST03911,Female,60,No,No,10.1,One Year,Mailed Check,DSL,42.67,5207.07,No,No,No
CUST03912,Female,34,No,No,2.7,Two Year,Electronic Check,Fiber Optic,90.0,2620.05,No,Yes,No
CUST03913,Male,33,No,No,3.0,Month-to-Month,Bank Transfer,Fiber Optic,83.37,3015.29,Yes,No,No
CUST03914,Male,72,No,No,3.7,Month-to-Month,Mailed Check,Fiber Optic,80.04,3582.12,Yes,Yes,Yes
CUST03915,Male,19,No,Yes,4.4,Month-to-Month,Electronic Check,Fiber Optic,80.2,4033.98,No,No,No
CUST03916,Female,21,No,No,3.0,Month-to-Month,Electronic Check,Fiber Optic,78.64,2784.01,No,Yes,No
CUST03917,Female,38,Yes,Yes,0.8,Month-to-Month,Electronic Check,No,28.65,359.17,No,Yes,Yes
CUST03918,Female,56,Yes,No,6.2,One Year,Mailed Check,Fiber Optic,73.47,5460.24,No,Yes,No
CUST03919,Female,51,Yes,No,4.0,Month-to-Month,Mailed Check,DSL,44.19,2176.08,Yes,No,No
CUST03920,Male,47,Yes,No,4.1,One Year,Mailed Check,Fiber Optic,76.14,4110.14,No,Yes,Yes
CUST03921,Male,23,No,No,15.0,Month-to-Month,Credit Card,Fiber Optic,80.04,14334.25,Yes,Yes,No
CUST03922,Male,34,Yes,Yes,4.9,Month-to-Month,Credit Card,No,26.29,1590.46,No,Yes,No
CUST03923,Female,56,Yes,No,5.3,Month-to-Month,Credit Card,DSL,38.61,2441.17,Yes,No,No
CUST03924,Male,42,No,Yes,9.1,Month-to-Month,Mailed Check,Fiber Optic,80.88,9010.92,No,No,No
CUST03925,Female,22,Yes,Yes,0.5,Month-to-Month,Mailed Check,DSL,48.27,285.4,Yes,No,No
CUST03926,Female,22,Yes,Yes,2.1,One Year,Credit Card,DSL,61.26,1673.19,No,No,No
CUST03927,Male,37,Yes,No,2.6,Month-to-Month,Bank Transfer,Fiber Optic,77.8,2641.08,Yes,No,Yes
CUST03928,Male,33,No,No,1.2,Month-to-Month,Bank Transfer,DSL,63.03,882.01,Yes,Yes,Yes
CUST03929,Male,68,Yes,No,5.5,One Year,Bank Transfer,Fiber Optic,98.94,6738.27,No,No,Yes
CUST03930,Female,58,Yes,No,4.3,Month-to-Month,Bank Transfer,No,39.33,1894.5,No,Yes,No
CUST03931,Female,54,No,No,3.8,Month-to-Month,Credit Card,No,22.15,1015.58,No,No,No
CUST03932,Male,57,No,No,15.0,Month-to-Month,Electronic Check,DSL,59.16,10802.85,Yes,No,No
CUST03933,Male,26,No,No,0.9,Month-to-Month,Electronic Check,Fiber Optic,77.28,1202.6,No,No,Yes
CUST03934,Female,22,No,No,4.0,One Year,Bank Transfer,No,23.4,1063.94,Yes,No,No
CUST03935,Male,59,Yes,No,2.4,Two Year,Mailed Check,DSL,48.93,1298.86,Yes,Yes,No
CUST03936,Female,74,Yes,Yes,1.1,One Year,Bank Transfer,Fiber Optic,86.09,1046.08,No,No,Yes
CUST03937,Female,19,Yes,No,0.5,Month-to-Month,Bank Transfer,No,23.01,145.62,Yes,No,Yes
CUST03938,Male,26,Yes,No,6.8,One Year,Electronic Check,DSL,55.31,4441.54,No,Yes,No
CUST03939,Male,60,Yes,Yes,2.7,Month-to-Month,Mailed Check,No,40.1,1370.85,No,Yes,No
CUST03940,Male,53,Yes,No,5.2,Month-to-Month,Electronic Check,Fiber Optic,76.19,4711.04,Yes,No,Yes
CUST03941,Male,39,No,Yes,2.4,Month-to-Month,Mailed Check,DSL,42.13,1153.43,Yes,Yes,No
CUST03942,Female,39,No,Yes,0.7,One Year,Credit Card,Fiber Optic,79.88,504.36,No,Yes,No
CUST03943,Female,39,Yes,Yes,1.2,One Year,Electronic Check,DSL,66.42,963.82,No,Yes,No
CUST03944,Female,51,No,No,1.4,One Year,Credit Card,DSL,60.51,1072.23,No,No,Yes
CUST03945,Male,72,Yes,No,10.8,One Year,Credit Card,Fiber Optic,78.16,10271.91,No,No,No
CUST03946,Female,46,Yes,No,0.0,Month-to-Month,Bank Transfer,Fiber Optic,76.64,0.0,No,Yes,Yes
CUST03947,Male,55,No,Yes,12.7,Month-to-Month,Mailed Check,Fiber Optic,87.59,13431.56,Yes,Yes,No
CUST03948,Male,63,Yes,No,11.8,One Year,Electronic Check,DSL,55.78,8074.35,No,Yes,No
CUST03949,Male,50,Yes,No,15.0,One Year,Bank Transfer,No,34.98,6382.83,Yes,Yes,No
CUST03950,Male,35,Yes,Yes,1.9,One Year,Electronic Check,Fiber Optic,75.76,1663.99,No,No,Yes
CUST03951,Male,24,No,No,10.0,Month-to-Month,Credit Card,No,29.33,3559.44,Yes,Yes,No
CUST03952,Male,18,No,Yes,1.5,One Year,Electronic Check,No,37.17,655.5,No,Yes,Yes
CUST03953,Female,50,Yes,Yes,0.1,Month-to-Month,Electronic Check,DSL,64.03,20.84,Yes,No,Yes
CUST03954,Male,18,No,No,0.8,One Year,Bank Transfer,DSL,45.09,348.99,No,Yes,No
CUST03955,Female,41,No,No,8.7,Month-to-Month,Mailed Check,No,29.32,3164.71,No,No,No
CUST03956,Female,21,No,Yes,0.0,Two Year,Electronic Check,Fiber Optic,82.71,0.0,No,No,Yes
CUST03957,Male,21,No,Yes,2.4,Month-to-Month,Credit Card,DSL,48.31,1375.98,No,Yes,No
CUST03958,Male,35,Yes,Yes,0.2,One Year,Credit Card,Fiber Optic,79.12,0.0,No,Yes,No
CUST03959,Male,44,Yes,Yes,1.0,One Year,Bank Transfer,DSL,59.54,845.41,Yes,Yes,No
CUST03960,Female,60,No,Yes,0.3,Month-to-Month,Credit Card,DSL,48.87,172.71,No,Yes,No
CUST03961,Male,49,No,No,5.9,Month-to-Month,Electronic Check,Fiber Optic,84.01,6147.82,No,Yes,Yes
CUST03962,Female,50,No,No,2.7,One Year,Mailed Check,DSL,58.89,1949.77,Yes,No,No
CUST03963,Male,45,No,No,7.0,Month-to-Month,Electronic Check,No,44.02,3709.48,No,No,No
CUST03964,Male,59,No,No,3.5,Month-to-Month,Bank Transfer,No,32.39,1415.01,No,Yes,No
CUST03965,Female,58,No,No,10.6,Two Year,Credit Card,Fiber Optic,90.77,11543.48,No,No,No
CUST03966,Female,72,No,Yes,2.1,One Year,Electronic Check,DSL,57.1,1228.9,Yes,Yes,No
CUST03967,Male,53,No,Yes,3.1,Month-to-Month,Electronic Check,DSL,53.36,2013.09,No,No,Yes
CUST03968,Female,23,No,No,2.6,One Year,Credit Card,Fiber Optic,83.21,2781.26,Yes,Yes,No
CUST03969,Female,33,Yes,Yes,2.0,Month-to-Month,Mailed Check,Fiber Optic,84.07,1872.55,No,Yes,Yes
CUST03970,Female,51,Yes,Yes,5.6,Two Year,Mailed Check,DSL,37.88,2386.16,No,No,No
CUST03971,Female,40,No,Yes,3.1,One Year,Mailed Check,Fiber Optic,82.38,2946.24,No,Yes,Yes
CUST03972,Female,67,No,No,4.8,Two Year,Credit Card,Fiber Optic,88.51,5156.16,No,No,Yes
CUST03973,Male,59,No,No,4.6,Month-to-Month,Electronic Check,No,24.1,1273.78,Yes,Yes,No
CUST03974,Male,41,No,No,0.6,One Year,Bank Transfer,No,41.62,290.05,No,Yes,No
CUST03975,Female,73,Yes,No,3.2,Month-to-Month,Electronic Check,Fiber Optic,86.0,3372.89,Yes,No,Yes
CUST03976,Male,66,Yes,No,0.7,Month-to-Month,Credit Card,Fiber Optic,83.95,557.92,Yes,No,Yes
CUST03977,Male,30,No,No,2.6,One Year,Credit Card,DSL,61.69,2083.97,No,Yes,No
CUST03978,Female,73,Yes,Yes,3.4,Month-to-Month,Electronic Check,DSL,59.51,2508.82,Yes,Yes,No
CUST03979,Male,35,Yes,Yes,15.0,One Year,Credit Card,No,39.06,6952.7,No,No,No
CUST03980,Female,71,Yes,Yes,0.1,Two Year,Electronic Check,Fiber Optic,95.62,247.85,No,No,Yes
CUST03981,Female,30,Yes,Yes,0.3,Month-to-Month,Electronic Check,DSL,66.72,129.98,No,No,Yes
CUST03982,Male,66,No,Yes,0.2,Month-to-Month,Mailed Check,Fiber Optic,88.65,121.43,Yes,No,Yes
CUST03983,Female,54,Yes,Yes,1.5,One Year,Credit Card,No,21.7,392.53,No,No,No
CUST03984,Female,60,No,No,5.2,Two Year,Credit Card,DSL,53.09,3400.55,No,Yes,No
CUST03985,Female,56,Yes,No,5.6,One Year,Mailed Check,DSL,68.11,4571.13,No,No,No
CUST03986,Female,59,No,No,4.0,One Year,Mailed Check,No,32.08,1566.13,No,No,No
CUST03987,Female,34,Yes,No,6.8,Month-to-Month,Mailed Check,Fiber Optic,81.53,6886.31,No,No,No
CUST03988,Male,32,No,No,1.2,Month-to-Month,Bank Transfer,Fiber Optic,80.64,1203.36,No,Yes,Yes
CUST03989,Male,35,No,No,0.3,One Year,Credit Card,DSL,46.38,108.44,Yes,No,No
CUST03990,Female,40,Yes,No,0.2,Month-to-Month,Electronic Check,No,37.35,141.77,Yes,No,Yes
CUST03991,Female,71,No,Yes,5.7,Two Year,Electronic Check,No,26.39,1775.99,No,No,No
CUST03992,Male,68,No,Yes,3.9,Month-to-Month,Electronic Check,Fiber Optic,77.14,3565.65,No,Yes,Yes
CUST03993,Female,47,Yes,No,3.6,Month-to-Month,Credit Card,DSL,48.04,2129.52,No,Yes,No
CUST03994,Male,51,Yes,No,1.2,One Year,Bank Transfer,Fiber Optic,64.13,998.54,No,No,Yes
CUST03995,Female,21,No,Yes,1.4,One Year,Credit Card,DSL,60.65,996.92,No,No,No
CUST03996,Female,20,No,Yes,9.5,One Year,Credit Card,DSL,53.1,6020.28,No,No,No
CUST03997,Female,24,Yes,No,0.2,Two Year,Credit Card,Fiber Optic,75.17,455.09,No,No,No
CUST03998,Female,73,Yes,Yes,4.5,Two Year,Credit Card,DSL,66.1,3279.42,No,Yes,No
CUST03999,Female,35,No,No,1.1,Two Year,Credit Card,No,30.37,423.07,Yes,Yes,No
CUST04000,Female,59,No,Yes,0.1,Two Year,Bank Transfer,DSL,37.07,45.74,No,Yes,No
CUST04001,Female,24,No,No,4.1,One Year,Mailed Check,Fiber Optic,90.77,4389.47,No,No,No
CUST04002,Male,57,Yes,Yes,1.2,One Year,Electronic Check,DSL,46.91,702.6,Yes,Yes,No
CUST04003,Male,23,No,No,3.8,Month-to-Month,Credit Card,Fiber Optic,89.76,3918.17,Yes,No,No
CUST04004,Male,39,Yes,Yes,3.7,Month-to-Month,Credit Card,DSL,59.04,2467.6,Yes,No,Yes
CUST04005,Female,18,Yes,No,2.3,Month-to-Month,Credit Card,Fiber Optic,86.1,2555.61,Yes,No,Yes
CUST04006,Female,21,No,No,4.5,Month-to-Month,Electronic Check,Fiber Optic,74.99,3948.33,No,No,Yes
CUST04007,Female,63,No,No,2.6,Month-to-Month,Bank Transfer,No,20.14,623.4,Yes,No,No
CUST04008,Female,66,Yes,No,1.0,Month-to-Month,Electronic Check,Fiber Optic,84.61,633.64,No,No,Yes
CUST04009,Female,69,Yes,No,4.0,Two Year,Bank Transfer,DSL,47.47,2113.87,No,Yes,No
CUST04010,Female,67,No,No,2.7,Two Year,Mailed Check,DSL,64.75,2130.78,No,Yes,No
CUST04011,Female,60,No,No,0.0,Month-to-Month,Credit Card,Fiber Optic,84.19,182.45,No,Yes,Yes
CUST04012,Male,46,No,No,7.0,Month-to-Month,Bank Transfer,DSL,46.96,3880.29,No,Yes,No
CUST04013,Female,38,No,No,2.4,Two Year,Electronic Check,Fiber Optic,92.99,2981.59,Yes,No,No
CUST04014,Male,43,Yes,Yes,6.1,Two Year,Bank Transfer,No,15.0,1136.58,Yes,Yes,No
CUST04015,Male,31,No,No,6.4,Two Year,Bank Transfer,No,28.95,2274.26,No,No,No
CUST04016,Female,26,No,No,1.8,Two Year,Mailed Check,No,34.45,818.78,No,Yes,No
CUST04017,Female,64,No,No,2.1,Two Year,Credit Card,No,21.77,605.79,Yes,No,No
CUST04018,Male,29,No,No,1.6,Month-to-Month,Credit Card,Fiber Optic,81.54,1480.75,Yes,Yes,Yes
CUST04019,Male,59,No,No,1.8,Month-to-Month,Electronic Check,Fiber Optic,79.6,1644.22,No,Yes,Yes
CUST04020,Female,68,Yes,No,6.8,One Year,Electronic Check,Fiber Optic,76.0,6307.8,No,Yes,No
CUST04021,Female,73,Yes,No,4.7,Month-to-Month,Mailed Check,No,30.61,1650.36,No,No,No
CUST04022,Male,68,No,No,0.4,Two Year,Bank Transfer,DSL,61.81,337.75,Yes,Yes,Yes
CUST04023,Female,23,Yes,No,2.8,Month-to-Month,Bank Transfer,Fiber Optic,101.03,3487.36,No,No,No
CUST04024,Female,37,Yes,No,15.0,One Year,Electronic Check,DSL,61.1,11082.63,No,No,No
CUST04025,Female,41,No,No,2.7,Month-to-Month,Credit Card,DSL,52.85,1772.8,No,Yes,Yes
CUST04026,Male,44,No,No,4.6,Month-to-Month,Bank Transfer,Fiber Optic,93.92,4942.35,No,Yes,No
CUST04027,Male,55,Yes,No,4.4,One Year,Mailed Check,Fiber Optic,75.97,3751.92,No,No,No
CUST04028,Male,25,No,No,1.3,Two Year,Electronic Check,Fiber Optic,80.71,1269.71,No,Yes,No
CUST04029,Female,18,No,Yes,1.4,Month-to-Month,Bank Transfer,Fiber Optic,92.62,2009.09,No,No,Yes
CUST04030,Female,71,No,No,3.9,Two Year,Credit Card,Fiber Optic,79.74,3578.34,Yes,Yes,No
CUST04031,Male,66,No,No,2.1,Two Year,Credit Card,DSL,55.46,1361.91,No,No,Yes
CUST04032,Male,66,Yes,Yes,2.5,One Year,Mailed Check,Fiber Optic,79.39,2429.04,No,No,No
CUST04033,Male,41,Yes,Yes,3.7,One Year,Mailed Check,No,28.27,1224.93,No,No,No
CUST04034,Female,64,Yes,No,4.5,One Year,Electronic Check,DSL,54.45,3011.45,No,Yes,No
CUST04035,Male,24,No,No,1.0,Month-to-Month,Electronic Check,Fiber Optic,88.77,1191.46,No,No,No
CUST04036,Male,36,No,No,0.5,Month-to-Month,Credit Card,Fiber Optic,86.33,784.1,No,No,Yes
CUST04037,Female,39,No,No,1.0,Two Year,Credit Card,No,35.72,467.93,Yes,Yes,No
CUST04038,Female,74,No,No,2.1,One Year,Bank Transfer,Fiber Optic,88.14,2162.83,No,No,Yes
CUST04039,Female,72,No,No,1.3,Month-to-Month,Bank Transfer,DSL,53.4,925.79,No,No,No
CUST04040,Male,52,No,Yes,2.5,One Year,Bank Transfer,No,25.13,751.75,Yes,No,No
CUST04041,Female,47,Yes,No,0.2,Month-to-Month,Mailed Check,No,22.68,37.34,No,No,Yes
CUST04042,Female,46,Yes,Yes,2.1,Month-to-Month,Mailed Check,Fiber Optic,63.18,1539.84,Yes,Yes,No
CUST04043,Male,39,No,No,1.4,Month-to-Month,Bank Transfer,Fiber Optic,84.08,1329.44,No,Yes,Yes
CUST04044,Female,28,Yes,No,2.3,Month-to-Month,Credit Card,Fiber Optic,75.86,2258.87,No,No,Yes
CUST04045,Male,37,Yes,No,1.6,Month-to-Month,Electronic Check,Fiber Optic,77.99,1665.02,Yes,Yes,Yes
CUST04046,Male,46,No,No,1.0,Month-to-Month,Mailed Check,Fiber Optic,82.6,1037.75,No,No,Yes
CUST04047,Female,68,Yes,Yes,7.0,One Year,Mailed Check,No,25.83,2146.82,No,No,No
CUST04048,Female,58,No,No,0.6,Month-to-Month,Bank Transfer,No,34.38,260.46,Yes,Yes,Yes
CUST04049,Female,59,Yes,Yes,3.4,Month-to-Month,Electronic Check,Fiber Optic,83.67,3290.62,No,Yes,No
CUST04050,Female,51,Yes,Yes,7.8,Month-to-Month,Mailed Check,No,43.01,4018.2,No,Yes,No
CUST04051,Female,18,Yes,No,2.3,Month-to-Month,Electronic Check,DSL,72.55,1783.1,Yes,No,No
CUST04052,Female,48,No,Yes,6.3,Month-to-Month,Mailed Check,DSL,52.55,3960.89,No,Yes,No
CUST04053,Male,47,Yes,No,0.4,Month-to-Month,Electronic Check,Fiber Optic,78.22,511.82,Yes,Yes,Yes
CUST04054,Male,65,No,No,2.0,Month-to-Month,Electronic Check,Fiber Optic,70.89,1625.98,Yes,No,Yes
CUST04055,Female,35,No,Yes,1.8,Two Year,Mailed Check,DSL,69.62,1647.13,Yes,Yes,No
CUST04056,Male,72,No,Yes,0.0,Month-to-Month,Electronic Check,Fiber Optic,79.21,97.12,Yes,No,Yes
CUST04057,Female,34,Yes,No,1.8,Month-to-Month,Credit Card,DSL,50.68,1138.81,Yes,Yes,Yes
CUST04058,Male,55,Yes,No,1.4,Month-to-Month,Mailed Check,Fiber Optic,79.4,1244.6,No,Yes,No
CUST04059,Male,31,No,No,3.3,Month-to-Month,Mailed Check,No,27.39,1034.68,Yes,Yes,Yes
CUST04060,Male,40,No,No,8.4,One Year,Credit Card,Fiber Optic,81.18,8346.35,Yes,Yes,No
CUST04061,Female,42,No,No,0.3,Month-to-Month,Electronic Check,Fiber Optic,91.61,114.36,Yes,Yes,Yes
CUST04062,Male,32,Yes,No,1.2,Month-to-Month,Credit Card,No,15.0,204.28,No,Yes,No
CUST04063,Female,63,No,Yes,1.8,Month-to-Month,Mailed Check,Fiber Optic,83.5,1844.7,No,No,Yes
CUST04064,Male,73,Yes,No,1.8,One Year,Credit Card,No,35.74,944.7,No,No,No
CUST04065,Male,39,Yes,No,4.5,Month-to-Month,Electronic Check,Fiber Optic,79.48,4405.83,Yes,Yes,Yes
CUST04066,Male,20,Yes,No,1.8,One Year,Credit Card,No,34.71,703.71,No,Yes,No
CUST04067,Male,73,Yes,No,0.1,Month-to-Month,Mailed Check,No,30.72,35.77,No,Yes,Yes
CUST04068,Male,72,No,No,3.7,Month-to-Month,Electronic Check,Fiber Optic,79.26,3482.05,No,Yes,Yes
CUST04069,Female,36,Yes,Yes,6.5,One Year,Mailed Check,Fiber Optic,70.5,5545.41,No,Yes,No
CUST04070,Female,74,No,No,2.2,One Year,Mailed Check,Fiber Optic,88.25,2505.95,No,No,No
CUST04071,Male,61,Yes,No,2.6,One Year,Bank Transfer,Fiber Optic,87.55,2623.09,Yes,Yes,No
CUST04072,Male,51,No,No,0.5,Month-to-Month,Mailed Check,Fiber Optic,79.07,505.26,Yes,Yes,No
CUST04073,Male,52,Yes,Yes,0.7,Month-to-Month,Mailed Check,DSL,61.08,632.35,Yes,No,Yes
CUST04074,Male,67,Yes,No,0.8,Month-to-Month,Electronic Check,Fiber Optic,81.12,584.39,No,No,Yes
CUST04075,Female,18,Yes,No,1.7,One Year,Electronic Check,Fiber Optic,93.28,1877.06,Yes,No,No
CUST04076,Male,69,Yes,No,7.9,One Year,Electronic Check,No,32.42,3049.94,No,Yes,No
CUST04077,Female,38,No,Yes,2.2,Month-to-Month,Credit Card,Fiber Optic,96.84,2552.8,No,Yes,Yes
CUST04078,Male,46,Yes,No,0.6,One Year,Credit Card,DSL,57.9,159.98,No,Yes,No
CUST04079,Female,23,No,Yes,0.9,One Year,Electronic Check,DSL,55.22,518.71,No,Yes,No
CUST04080,Male,54,Yes,No,1.5,Month-to-Month,Credit Card,DSL,39.92,550.1,No,Yes,No
CUST04081,Male,18,No,No,2.9,Two Year,Bank Transfer,DSL,55.43,1810.75,No,No,No
CUST04082,Female,68,No,Yes,1.7,Two Year,Credit Card,DSL,53.09,1097.27,No,No,No
CUST04083,Male,18,Yes,No,1.5,Month-to-Month,Bank Transfer,Fiber Optic,97.92,1842.91,No,Yes,Yes
CUST04084,Male,44,Yes,No,2.5,Two Year,Electronic Check,No,31.71,926.24,No,Yes,Yes
CUST04085,Male,38,Yes,No,0.8,Month-to-Month,Electronic Check,Fiber Optic,91.26,490.52,Yes,No,No
CUST04086,Female,70,No,No,0.2,One Year,Credit Card,Fiber Optic,96.23,118.03,No,Yes,No
CUST04087,Male,33,Yes,No,0.1,Two Year,Electronic Check,Fiber Optic,95.72,0.0,Yes,No,No
CUST04088,Male,61,No,No,0.9,Month-to-Month,Electronic Check,No,29.3,301.53,No,No,Yes
CUST04089,Female,71,No,No,0.3,Month-to-Month,Mailed Check,No,47.03,178.36,Yes,No,Yes
CUST04090,Female,57,No,No,1.2,Two Year,Electronic Check,DSL,50.95,569.48,Yes,No,No
CUST04091,Female,43,No,No,4.4,Month-to-Month,Mailed Check,DSL,65.64,3415.67,No,Yes,No
CUST04092,Male,33,No,Yes,3.8,Month-to-Month,Electronic Check,DSL,49.03,2019.6,No,No,No
CUST04093,Male,45,Yes,No,2.8,Month-to-Month,Bank Transfer,Fiber Optic,91.88,3051.79,No,Yes,No
CUST04094,Male,18,No,No,5.7,Two Year,Bank Transfer,Fiber Optic,77.29,5256.25,No,Yes,No
CUST04095,Female,53,No,No,1.0,Two Year,Electronic Check,DSL,59.95,538.44,No,Yes,No
CUST04096,Male,27,Yes,No,6.5,Month-to-Month,Bank Transfer,No,23.17,1740.15,No,Yes,No
CUST04097,Male,60,No,No,1.5,Two Year,Bank Transfer,Fiber Optic,76.71,1651.56,No,Yes,No
CUST04098,Female,34,Yes,No,1.5,Month-to-Month,Bank Transfer,No,22.27,416.04,Yes,Yes,No
CUST04099,Female,74,No,No,1.6,Two Year,Credit Card,DSL,58.98,1050.04,No,Yes,Yes
CUST04100,Female,40,No,No,0.3,One Year,Bank Transfer,DSL,58.96,173.19,No,No,No
CUST04101,Female,24,Yes,Yes,11.1,Month-to-Month,Mailed Check,DSL,58.92,7708.06,No,No,No
CUST04102,Female,61,No,No,0.4,Month-to-Month,Credit Card,DSL,56.77,297.84,No,Yes,No
CUST04103,Male,70,Yes,No,1.3,Month-to-Month,Mailed Check,Fiber Optic,81.13,1246.8,No,Yes,No
CUST04104,Female,24,Yes,No,1.2,Month-to-Month,Mailed Check,DSL,49.23,780.7,Yes,Yes,No
CUST04105,Male,61,Yes,No,0.2,One Year,Mailed Check,Fiber Optic,76.72,341.59,Yes,No,No
CUST04106,Male,32,No,Yes,0.5,Month-to-Month,Credit Card,DSL,46.24,402.21,Yes,No,Yes
CUST04107,Female,51,Yes,Yes,0.1,Two Year,Electronic Check,DSL,64.7,188.91,Yes,Yes,Yes
CUST04108,Female,63,Yes,No,1.0,One Year,Bank Transfer,No,21.53,249.03,No,No,No
CUST04109,Female,62,No,No,6.0,One Year,Bank Transfer,No,22.54,1561.85,Yes,No,No
CUST04110,Male,21,Yes,No,1.2,Month-to-Month,Electronic Check,Fiber Optic,77.01,1063.78,Yes,Yes,Yes
CUST04111,Female,31,Yes,No,0.4,Two Year,Electronic Check,No,19.39,91.17,No,Yes,Yes
CUST04112,Female,31,Yes,Yes,3.1,One Year,Mailed Check,Fiber Optic,87.44,3321.79,No,No,Yes
CUST04113,Female,33,Yes,Yes,15.0,Two Year,Credit Card,Fiber Optic,80.71,14437.7,No,No,No
CUST04114,Female,24,Yes,No,0.8,Two Year,Mailed Check,No,28.69,206.5,No,Yes,No
CUST04115,Female,49,Yes,No,1.0,Month-to-Month,Bank Transfer,DSL,54.07,676.51,No,Yes,No
CUST04116,Male,36,No,No,10.7,Month-to-Month,Electronic Check,DSL,57.31,7635.57,No,No,No
CUST04117,Male,19,No,No,0.6,Two Year,Bank Transfer,Fiber Optic,85.81,862.69,No,Yes,No
CUST04118,Male,27,Yes,No,2.1,Two Year,Electronic Check,Fiber Optic,94.47,2605.68,No,No,Yes
CUST04119,Female,67,Yes,Yes,0.8,One Year,Credit Card,DSL,49.66,440.03,Yes,Yes,No
CUST04120,Female,34,Yes,No,8.1,Month-to-Month,Mailed Check,DSL,50.26,4810.04,No,Yes,No
CUST04121,Female,54,No,No,12.0,One Year,Bank Transfer,Fiber Optic,84.29,12266.05,No,Yes,No
CUST04122,Male,29,Yes,Yes,5.1,Month-to-Month,Credit Card,Fiber Optic,84.41,5378.96,No,No,No
CUST04123,Female,23,Yes,No,1.1,Month-to-Month,Bank Transfer,Fiber Optic,73.14,927.02,No,No,Yes
CUST04124,Female,39,No,No,1.5,Month-to-Month,Electronic Check,No,17.39,292.64,No,No,Yes
CUST04125,Female,49,Yes,No,0.8,Month-to-Month,Bank Transfer,Fiber Optic,83.87,715.18,No,Yes,No
CUST04126,Male,58,Yes,No,6.6,Month-to-Month,Credit Card,Fiber Optic,96.09,7651.24,Yes,No,No
CUST04127,Female,37,No,No,7.4,Two Year,Credit Card,No,41.88,3713.2,Yes,No,No
CUST04128,Male,18,No,Yes,1.6,Two Year,Mailed Check,No,21.06,405.01,Yes,Yes,No
CUST04129,Female,71,Yes,Yes,3.2,Two Year,Bank Transfer,Fiber Optic,81.56,3334.41,Yes,No,No
CUST04130,Male,64,No,Yes,0.5,Two Year,Electronic Check,Fiber Optic,86.3,667.25,Yes,No,No
CUST04131,Male,70,Yes,No,1.7,Month-to-Month,Bank Transfer,Fiber Optic,87.43,1753.06,No,No,Yes
CUST04132,Male,23,No,Yes,3.0,Two Year,Mailed Check,Fiber Optic,77.21,2779.45,No,No,Yes
CUST04133,Female,36,No,No,1.5,Two Year,Electronic Check,DSL,68.62,1374.35,No,No,No
CUST04134,Female,35,No,Yes,1.3,Two Year,Electronic Check,Fiber Optic,80.44,1339.85,No,No,No
CUST04135,Male,23,No,No,0.0,One Year,Mailed Check,DSL,57.95,191.02,No,Yes,No
CUST04136,Male,62,No,Yes,4.9,Month-to-Month,Electronic Check,DSL,52.37,3149.96,Yes,No,Yes
CUST04137,Female,50,No,No,6.6,Month-to-Month,Credit Card,Fiber Optic,82.41,6569.12,No,Yes,No
CUST04138,Female,40,No,Yes,10.5,Month-to-Month,Credit Card,No,36.05,4507.27,No,No,No
CUST04139,Male,40,Yes,No,3.8,Two Year,Electronic Check,DSL,62.88,2669.98,Yes,No,No
CUST04140,Female,43,Yes,No,2.4,Month-to-Month,Bank Transfer,DSL,60.45,1869.04,Yes,No,No
CUST04141,Female,30,No,No,0.9,Two Year,Electronic Check,Fiber Optic,77.93,1008.7,Yes,No,No
CUST04142,Female,24,No,Yes,15.0,Month-to-Month,Bank Transfer,Fiber Optic,74.24,13564.87,No,Yes,No
CUST04143,Female,32,Yes,Yes,2.7,One Year,Mailed Check,DSL,76.28,2285.45,No,Yes,No
CUST04144,Male,61,No,No,3.4,Month-to-Month,Credit Card,DSL,57.46,2388.17,No,Yes,Yes
CUST04145,Female,44,No,No,3.4,Month-to-Month,Credit Card,Fiber Optic,77.82,3070.52,Yes,Yes,No
CUST04146,Female,43,No,No,5.6,Month-to-Month,Mailed Check,No,37.54,2514.89,Yes,No,Yes
CUST04147,Male,50,No,No,0.0,One Year,Mailed Check,DSL,47.75,0.0,Yes,No,No
CUST04148,Male,32,Yes,No,0.7,Month-to-Month,Credit Card,DSL,70.75,498.21,Yes,Yes,Yes
CUST04149,Female,53,Yes,No,3.3,One Year,Mailed Check,Fiber Optic,81.74,3219.89,Yes,Yes,No
CUST04150,Female,62,Yes,No,6.8,Month-to-Month,Electronic Check,DSL,61.87,5097.5,Yes,Yes,No
CUST04151,Female,72,Yes,No,3.5,Two Year,Electronic Check,DSL,54.64,2376.87,No,No,No
CUST04152,Female,44,No,Yes,1.6,Month-to-Month,Bank Transfer,Fiber Optic,72.81,1629.55,No,No,No
CUST04153,Male,74,No,No,1.3,One Year,Bank Transfer,No,22.13,339.94,No,Yes,No
CUST04154,Male,22,No,Yes,4.0,Month-to-Month,Bank Transfer,DSL,48.86,2299.31,No,No,No
CUST04155,Male,19,No,No,4.1,One Year,Electronic Check,Fiber Optic,79.52,3967.98,No,Yes,No
CUST04156,Female,72,Yes,No,2.8,Month-to-Month,Credit Card,Fiber Optic,86.5,2959.22,No,No,Yes
CUST04157,Female,50,Yes,No,1.0,One Year,Bank Transfer,No,15.0,146.53,Yes,Yes,No
CUST04158,Female,33,Yes,No,7.8,Two Year,Electronic Check,DSL,56.55,5155.83,No,No,No
CUST04159,Female,40,Yes,No,2.4,Month-to-Month,Credit Card,Fiber Optic,69.19,2310.0,No,Yes,No
CUST04160,Male,55,No,No,4.7,Month-to-Month,Mailed Check,No,32.86,1871.45,Yes,No,No
CUST04161,Male,72,Yes,No,0.7,One Year,Electronic Check,No,23.6,235.79,Yes,Yes,No
CUST04162,Female,33,Yes,Yes,1.3,One Year,Mailed Check,Fiber Optic,86.08,1440.38,No,Yes,No
CUST04163,Male,31,Yes,Yes,6.2,Month-to-Month,Bank Transfer,Fiber Optic,74.33,5600.59,No,Yes,No
CUST04164,Female,46,No,No,0.2,Month-to-Month,Credit Card,Fiber Optic,79.97,394.73,Yes,Yes,Yes
CUST04165,Female,43,Yes,Yes,2.2,Month-to-Month,Electronic Check,Fiber Optic,68.63,2118.79,Yes,No,No
CUST04166,Male,52,No,No,2.0,Month-to-Month,Bank Transfer,Fiber Optic,75.03,1884.55,No,Yes,No
CUST04167,Female,32,Yes,No,4.2,Month-to-Month,Bank Transfer,Fiber Optic,96.21,4872.27,Yes,No,No
CUST04168,Female,20,No,No,1.0,Two Year,Credit Card,No,41.42,581.35,No,No,Yes
CUST04169,Male,40,Yes,No,0.7,Month-to-Month,Mailed Check,Fiber Optic,75.05,596.58,Yes,Yes,No
CUST04170,Female,46,No,No,7.8,One Year,Bank Transfer,Fiber Optic,82.29,7504.38,No,Yes,No
CUST04171,Female,51,No,No,2.5,Two Year,Credit Card,No,33.67,1053.97,Yes,No,No
CUST04172,Male,50,No,No,0.3,Month-to-Month,Credit Card,No,30.64,54.81,Yes,Yes,No
CUST04173,Female,58,No,Yes,0.6,One Year,Electronic Check,Fiber Optic,80.39,452.38,No,Yes,Yes
CUST04174,Male,58,Yes,No,15.0,Two Year,Bank Transfer,Fiber Optic,72.54,12874.15,Yes,No,No
CUST04175,Female,40,Yes,No,0.7,Month-to-Month,Mailed Check,Fiber Optic,92.02,310.71,Yes,Yes,Yes
CUST04176,Male,24,Yes,No,2.8,Month-to-Month,Mailed Check,DSL,50.94,1576.99,No,Yes,Yes
CUST04177,Male,20,No,No,1.6,Two Year,Bank Transfer,DSL,41.84,812.23,Yes,Yes,No
CUST04178,Male,49,Yes,No,6.5,Two Year,Mailed Check,Fiber Optic,84.64,6804.99,Yes,No,No
CUST04179,Female,48,Yes,No,4.2,Month-to-Month,Credit Card,DSL,52.25,2577.66,Yes,Yes,Yes
CUST04180,Male,35,No,No,2.7,Month-to-Month,Credit Card,Fiber Optic,80.93,2509.99,No,No,Yes
CUST04181,Male,60,No,No,0.0,Month-to-Month,Bank Transfer,Fiber Optic,86.01,0.0,No,Yes,Yes
CUST04182,Male,24,Yes,Yes,6.4,Month-to-Month,Mailed Check,Fiber Optic,83.3,6385.25,No,Yes,Yes
CUST04183,Male,58,No,No,1.8,Month-to-Month,Credit Card,DSL,63.97,1374.6,No,No,Yes
CUST04184,Male,18,No,No,8.0,One Year,Bank Transfer,DSL,47.69,4679.91,No,Yes,No
CUST04185,Female,31,Yes,Yes,2.1,Two Year,Credit Card,DSL,48.83,1200.46,No,Yes,Yes
CUST04186,Female,69,Yes,No,3.6,Month-to-Month,Bank Transfer,DSL,61.17,2582.77,No,Yes,No
CUST04187,Female,49,No,Yes,0.2,Two Year,Electronic Check,No,49.96,121.25,No,No,Yes
CUST04188,Female,23,No,No,4.1,Month-to-Month,Electronic Check,DSL,73.71,3722.67,No,Yes,No
CUST04189,Female,56,Yes,No,1.2,Month-to-Month,Bank Transfer,DSL,60.86,1224.86,No,No,Yes
CUST04190,Female,27,Yes,No,1.3,Month-to-Month,Electronic Check,DSL,52.2,996.5,Yes,Yes,Yes
CUST04191,Female,24,No,No,0.4,Month-to-Month,Electronic Check,Fiber Optic,80.73,427.32,No,Yes,Yes
CUST04192,Male,43,No,Yes,0.5,Month-to-Month,Mailed Check,Fiber Optic,81.9,407.48,No,Yes,Yes
CUST04193,Female,51,No,Yes,0.6,Two Year,Electronic Check,DSL,41.07,288.67,Yes,No,No
CUST04194,Male,47,Yes,No,1.2,Month-to-Month,Mailed Check,No,35.46,463.02,Yes,No,No
CUST04195,Male,53,Yes,No,6.7,One Year,Electronic Check,No,40.57,3279.48,No,No,No
CUST04196,Female,38,No,No,1.4,Month-to-Month,Electronic Check,DSL,53.92,940.65,No,Yes,Yes
CUST04197,Male,34,Yes,No,3.9,Month-to-Month,Credit Card,Fiber Optic,101.74,4885.9,No,Yes,Yes
CUST04198,Male,50,No,No,0.3,One Year,Bank Transfer,Fiber Optic,106.81,0.0,No,No,No
CUST04199,Male,27,No,No,2.7,Two Year,Electronic Check,DSL,62.08,1902.76,No,No,No
CUST04200,Male,68,Yes,No,2.0,Month-to-Month,Bank Transfer,No,24.64,662.87,Yes,No,No
CUST04201,Female,64,No,Yes,11.4,One Year,Bank Transfer,DSL,48.13,6478.7,No,Yes,No
CUST04202,Female,59,Yes,No,5.6,Two Year,Credit Card,Fiber Optic,91.19,5988.13,No,No,No
CUST04203,Female,68,No,No,1.8,One Year,Bank Transfer,Fiber Optic,93.43,1957.4,No,Yes,Yes
CUST04204,Female,29,Yes,Yes,4.5,Month-to-Month,Bank Transfer,Fiber Optic,79.75,4532.95,No,Yes,No
CUST04205,Female,73,Yes,No,0.6,One Year,Electronic Check,No,20.72,176.7,No,No,Yes
CUST04206,Female,33,No,No,2.5,Month-to-Month,Credit Card,DSL,41.31,1216.46,No,No,No
CUST04207,Female,58,No,No,0.2,One Year,Bank Transfer,DSL,46.65,68.97,No,Yes,Yes
CUST04208,Female,49,Yes,No,1.3,Month-to-Month,Electronic Check,Fiber Optic,81.65,1162.36,No,No,Yes
CUST04209,Female,32,No,Yes,0.8,Month-to-Month,Credit Card,DSL,63.72,451.73,No,Yes,No
CUST04210,Female,44,Yes,No,3.8,One Year,Electronic Check,DSL,50.42,2217.23,No,Yes,No
CUST04211,Male,45,Yes,Yes,2.0,Month-to-Month,Credit Card,Fiber Optic,60.46,1663.99,No,No,No
CUST04212,Female,34,Yes,No,4.2,Month-to-Month,Credit Card,DSL,49.76,2655.97,No,Yes,No
CUST04213,Male,63,Yes,No,2.2,Two Year,Mailed Check,Fiber Optic,82.33,2117.14,No,Yes,No
CUST04214,Male,67,Yes,No,0.3,Two Year,Mailed Check,DSL,52.16,136.19,No,Yes,Yes
CUST04215,Male,19,Yes,Yes,4.0,Month-to-Month,Mailed Check,DSL,34.33,1726.26,No,Yes,No
CUST04216,Male,53,Yes,No,5.4,Month-to-Month,Bank Transfer,Fiber Optic,82.27,5231.7,No,Yes,No
CUST04217,Female,67,Yes,No,7.0,Month-to-Month,Electronic Check,DSL,65.56,5594.52,Yes,No,No
CUST04218,Male,24,Yes,No,2.5,Month-to-Month,Credit Card,No,26.27,729.98,Yes,No,No
CUST04219,Female,30,No,No,4.2,Two Year,Electronic Check,DSL,49.6,2516.67,Yes,Yes,No
CUST04220,Female,32,Yes,Yes,4.2,One Year,Bank Transfer,Fiber Optic,78.82,3898.3,Yes,No,No
CUST04221,Male,42,No,No,0.5,Month-to-Month,Mailed Check,No,31.23,216.02,No,No,No
CUST04222,Female,40,No,No,0.5,Month-to-Month,Mailed Check,DSL,42.81,367.39,No,No,No
CUST04223,Male,39,No,No,0.2,One Year,Electronic Check,Fiber Optic,75.93,90.3,No,Yes,Yes
CUST04224,Male,43,No,No,1.2,One Year,Electronic Check,No,38.98,478.17,Yes,Yes,No
CUST04225,Female,50,No,No,1.9,One Year,Credit Card,DSL,60.37,1340.41,No,No,Yes
CUST04226,Female,28,Yes,No,15.0,Month-to-Month,Electronic Check,No,25.66,4687.55,No,Yes,No
CUST04227,Male,27,No,No,1.7,Month-to-Month,Credit Card,DSL,58.89,1216.94,Yes,Yes,No
CUST04228,Female,42,No,Yes,3.9,Month-to-Month,Credit Card,DSL,47.64,2222.55,No,No,No
CUST04229,Female,54,No,Yes,3.5,Month-to-Month,Mailed Check,Fiber Optic,77.54,3435.75,Yes,Yes,Yes
CUST04230,Female,65,No,No,0.7,Month-to-Month,Electronic Check,DSL,47.38,447.12,Yes,No,No
CUST04231,Male,60,Yes,Yes,0.2,Two Year,Mailed Check,Fiber Optic,72.44,510.09,No,No,No
CUST04232,Male,70,No,No,2.4,Month-to-Month,Credit Card,No,29.24,778.36,No,No,No
CUST04233,Female,55,No,No,3.6,Two Year,Mailed Check,No,45.92,1982.96,No,No,No
CUST04234,Female,58,Yes,No,15.0,Month-to-Month,Mailed Check,Fiber Optic,69.02,12232.63,No,Yes,No
CUST04235,Female,62,Yes,No,1.3,Month-to-Month,Credit Card,No,43.49,583.56,Yes,No,No
CUST04236,Female,41,No,No,6.8,Month-to-Month,Bank Transfer,Fiber Optic,63.28,5329.85,No,No,No
CUST04237,Female,57,No,Yes,1.4,Month-to-Month,Bank Transfer,DSL,58.99,884.59,No,Yes,No
CUST04238,Male,63,No,No,3.5,Two Year,Electronic Check,Fiber Optic,70.14,3165.65,No,No,Yes
CUST04239,Female,73,No,Yes,2.7,Month-to-Month,Mailed Check,Fiber Optic,89.09,2688.99,No,No,Yes
CUST04240,Male,50,Yes,No,0.2,Month-to-Month,Electronic Check,Fiber Optic,78.5,173.86,Yes,No,Yes
CUST04241,Female,34,Yes,No,0.2,Two Year,Mailed Check,Fiber Optic,90.75,1.1,No,No,Yes
CUST04242,Male,41,Yes,No,0.1,Month-to-Month,Electronic Check,Fiber Optic,78.56,197.2,No,Yes,No
CUST04243,Female,54,Yes,No,1.4,Month-to-Month,Electronic Check,Fiber Optic,88.95,1530.66,Yes,Yes,Yes
CUST04244,Male,74,Yes,No,4.1,Month-to-Month,Credit Card,No,28.27,1461.93,Yes,Yes,No
CUST04245,Female,19,Yes,No,0.6,Month-to-Month,Bank Transfer,Fiber Optic,94.67,841.38,Yes,Yes,Yes
CUST04246,Male,49,No,No,2.8,Month-to-Month,Bank Transfer,DSL,53.45,1808.97,No,Yes,No
CUST04247,Male,74,No,No,1.0,Month-to-Month,Bank Transfer,Fiber Optic,86.65,1059.78,Yes,No,No
CUST04248,Male,41,Yes,No,4.8,Two Year,Credit Card,DSL,55.44,3053.27,Yes,No,No
CUST04249,Male,26,Yes,No,4.8,Two Year,Bank Transfer,No,36.98,2158.53,No,Yes,No
CUST04250,Male,21,Yes,Yes,4.5,Month-to-Month,Credit Card,DSL,62.44,3359.96,Yes,Yes,No
CUST04251,Male,34,No,Yes,2.2,Month-to-Month,Mailed Check,DSL,55.29,1532.44,Yes,Yes,No
CUST04252,Female,34,Yes,Yes,1.0,Month-to-Month,Credit Card,DSL,41.11,554.87,No,No,No
CUST04253,Male,70,Yes,Yes,5.0,One Year,Electronic Check,DSL,47.17,2769.37,No,No,No
CUST04254,Female,67,No,No,0.6,Month-to-Month,Electronic Check,Fiber Optic,91.24,524.92,Yes,No,Yes
CUST04255,Female,65,No,No,1.0,Two Year,Mailed Check,Fiber Optic,72.58,882.11,Yes,Yes,Yes
CUST04256,Female,47,Yes,No,0.6,One Year,Mailed Check,No,24.08,160.75,No,Yes,Yes
CUST04257,Female,57,Yes,No,3.4,Month-to-Month,Electronic Check,Fiber Optic,80.09,3033.56,No,No,No
CUST04258,Female,28,Yes,No,3.5,One Year,Bank Transfer,DSL,53.1,2123.42,No,Yes,No
CUST04259,Male,38,No,No,3.2,Month-to-Month,Bank Transfer,Fiber Optic,81.95,3323.25,No,No,Yes
CUST04260,Male,38,No,No,1.6,Month-to-Month,Bank Transfer,Fiber Optic,85.26,1713.36,Yes,Yes,No
CUST04261,Male,35,Yes,No,0.3,Month-to-Month,Mailed Check,Fiber Optic,76.4,270.93,Yes,Yes,Yes
CUST04262,Female,72,No,No,7.3,Month-to-Month,Electronic Check,Fiber Optic,78.0,7027.54,No,Yes,No
CUST04263,Male,46,Yes,No,2.1,One Year,Credit Card,DSL,69.16,1734.38,Yes,No,No
CUST04264,Male,41,Yes,No,1.6,One Year,Mailed Check,Fiber Optic,96.17,1982.38,No,Yes,No
CUST04265,Male,27,Yes,No,2.7,Month-to-Month,Electronic Check,Fiber Optic,89.06,2878.93,No,Yes,No
CUST04266,Male,62,No,Yes,0.6,Two Year,Bank Transfer,Fiber Optic,89.87,657.96,No,Yes,No
CUST04267,Male,34,Yes,No,0.4,Month-to-Month,Bank Transfer,No,32.05,355.15,No,Yes,No
CUST04268,Female,35,Yes,No,1.6,Month-to-Month,Bank Transfer,Fiber Optic,84.43,1503.88,No,No,Yes
CUST04269,Male,59,Yes,No,0.8,Month-to-Month,Electronic Check,Fiber Optic,77.9,833.62,Yes,Yes,Yes
CUST04270,Female,65,Yes,No,0.8,One Year,Bank Transfer,Fiber Optic,96.44,1027.97,No,Yes,Yes
CUST04271,Female,37,No,No,6.7,Two Year,Electronic Check,DSL,69.79,5772.02,No,Yes,No
CUST04272,Female,54,Yes,No,2.3,One Year,Mailed Check,Fiber Optic,80.42,2207.88,Yes,Yes,Yes
CUST04273,Female,62,Yes,No,2.0,Two Year,Credit Card,Fiber Optic,93.62,2621.6,No,No,No
CUST04274,Female,35,No,No,3.5,Month-to-Month,Bank Transfer,Fiber Optic,81.33,3357.26,No,Yes,No
CUST04275,Male,34,No,No,9.1,Month-to-Month,Mailed Check,Fiber Optic,78.45,8496.01,No,No,No
CUST04276,Male,26,No,No,0.4,Month-to-Month,Mailed Check,No,26.25,170.27,Yes,No,No
CUST04277,Male,31,No,Yes,5.4,One Year,Electronic Check,DSL,51.72,3478.59,No,Yes,No
CUST04278,Female,66,Yes,No,2.6,Month-to-Month,Mailed Check,DSL,59.51,1708.24,Yes,No,No
CUST04279,Male,46,No,Yes,0.5,Two Year,Electronic Check,No,26.13,116.51,No,No,No
CUST04280,Male,48,No,No,1.1,Month-to-Month,Electronic Check,No,36.53,494.61,Yes,Yes,No
CUST04281,Female,21,Yes,No,2.0,Month-to-Month,Mailed Check,Fiber Optic,78.84,1986.01,No,Yes,No
CUST04282,Female,35,No,Yes,3.5,Month-to-Month,Electronic Check,No,29.21,1305.52,No,No,No
CUST04283,Female,37,Yes,No,0.8,One Year,Electronic Check,DSL,45.62,448.51,No,No,No
CUST04284,Female,73,No,No,2.3,Month-to-Month,Electronic Check,DSL,44.25,1323.56,Yes,Yes,No
CUST04285,Male,73,No,Yes,3.5,Month-to-Month,Mailed Check,No,32.62,1252.32,No,Yes,Yes
CUST04286,Female,64,No,Yes,1.8,Month-to-Month,Credit Card,No,30.55,586.46,No,No,No
CUST04287,Female,60,No,No,6.0,One Year,Electronic Check,DSL,51.0,3671.12,No,Yes,No
CUST04288,Male,61,No,No,6.1,One Year,Bank Transfer,DSL,47.27,3558.57,No,No,No
CUST04289,Male,26,Yes,No,1.9,One Year,Mailed Check,DSL,45.39,1005.71,No,No,No
CUST04290,Female,30,Yes,No,10.8,Month-to-Month,Mailed Check,DSL,57.55,7424.55,No,No,Yes
CUST04291,Male,32,Yes,No,0.2,Two Year,Electronic Check,Fiber Optic,79.16,250.37,No,No,Yes
CUST04292,Female,44,Yes,No,0.0,Two Year,Mailed Check,Fiber Optic,97.76,0.0,Yes,No,Yes
CUST04293,Female,32,No,No,1.4,Month-to-Month,Bank Transfer,Fiber Optic,86.14,1689.01,No,No,Yes
CUST04294,Male,45,Yes,No,2.8,Month-to-Month,Credit Card,Fiber Optic,88.96,3006.56,No,Yes,Yes
CUST04295,Male,54,Yes,No,3.0,Month-to-Month,Mailed Check,No,41.02,1678.45,No,No,No
CUST04296,Female,72,No,No,1.9,Month-to-Month,Mailed Check,DSL,48.13,1111.86,Yes,No,No
CUST04297,Female,36,No,No,0.4,Two Year,Mailed Check,Fiber Optic,88.34,357.11,No,No,No
CUST04298,Female,43,Yes,No,0.6,One Year,Electronic Check,No,33.77,249.14,No,No,Yes
CUST04299,Male,69,Yes,No,5.7,Two Year,Bank Transfer,DSL,50.62,3573.0,Yes,No,No
CUST04300,Female,43,Yes,Yes,6.1,Month-to-Month,Credit Card,No,17.48,1273.45,No,Yes,No
CUST04301,Female,42,No,No,3.4,One Year,Bank Transfer,Fiber Optic,67.5,2374.67,Yes,No,No
CUST04302,Female,43,Yes,No,3.3,Month-to-Month,Bank Transfer,DSL,47.5,1836.13,No,Yes,Yes
CUST04303,Female,43,No,No,2.7,Month-to-Month,Mailed Check,DSL,63.69,1768.27,No,No,No
CUST04304,Female,63,Yes,No,0.7,One Year,Credit Card,Fiber Optic,78.5,740.4,Yes,Yes,No
CUST04305,Male,45,Yes,No,1.7,Month-to-Month,Bank Transfer,Fiber Optic,92.45,1678.63,Yes,Yes,Yes
CUST04306,Female,66,No,No,3.6,One Year,Credit Card,Fiber Optic,78.66,3405.75,No,No,No
CUST04307,Female,35,Yes,No,2.3,One Year,Electronic Check,DSL,55.12,1359.23,No,No,No
CUST04308,Female,49,Yes,Yes,0.1,Two Year,Mailed Check,Fiber Optic,89.0,91.64,No,No,No
CUST04309,Female,70,Yes,No,9.2,Month-to-Month,Electronic Check,DSL,63.01,6977.93,No,Yes,No
CUST04310,Male,20,No,No,5.6,One Year,Credit Card,Fiber Optic,81.08,5368.43,No,No,No
CUST04311,Male,19,No,No,0.9,Two Year,Mailed Check,Fiber Optic,79.64,852.9,No,No,Yes
CUST04312,Male,50,Yes,No,2.9,Two Year,Electronic Check,Fiber Optic,68.93,2166.75,No,Yes,Yes
CUST04313,Female,59,Yes,No,7.7,One Year,Mailed Check,DSL,51.33,4747.73,No,No,No
CUST04314,Female,36,Yes,Yes,0.3,One Year,Electronic Check,DSL,81.34,188.96,No,No,Yes
CUST04315,Male,34,No,No,2.1,Month-to-Month,Bank Transfer,DSL,53.03,1345.66,No,Yes,Yes
CUST04316,Male,61,No,Yes,1.8,One Year,Mailed Check,DSL,43.4,926.97,Yes,Yes,No
CUST04317,Male,50,No,No,1.6,One Year,Credit Card,DSL,53.56,1002.74,No,No,Yes
CUST04318,Female,29,No,No,5.4,One Year,Mailed Check,Fiber Optic,90.69,5795.82,No,No,Yes
CUST04319,Female,66,Yes,No,1.4,One Year,Credit Card,Fiber Optic,79.98,1387.42,No,Yes,Yes
CUST04320,Male,73,Yes,No,0.2,Month-to-Month,Electronic Check,Fiber Optic,76.07,436.25,No,No,Yes
CUST04321,Male,20,Yes,No,0.2,Month-to-Month,Electronic Check,Fiber Optic,105.1,224.21,No,No,Yes
CUST04322,Male,60,Yes,Yes,0.1,One Year,Credit Card,DSL,57.98,132.26,Yes,Yes,No
CUST04323,Female,66,Yes,No,1.6,Month-to-Month,Electronic Check,No,42.25,943.5,No,Yes,No
CUST04324,Female,72,No,Yes,3.8,Month-to-Month,Mailed Check,DSL,51.8,2403.67,Yes,No,No
CUST04325,Female,43,No,Yes,0.7,Month-to-Month,Electronic Check,Fiber Optic,99.19,982.83,Yes,No,Yes
CUST04326,Male,52,No,Yes,3.1,Month-to-Month,Credit Card,No,37.26,1322.16,No,No,No
CUST04327,Male,25,Yes,No,3.5,Two Year,Credit Card,Fiber Optic,89.09,3806.25,Yes,No,No
CUST04328,Female,69,No,No,0.9,Month-to-Month,Bank Transfer,DSL,45.17,519.64,Yes,No,No
CUST04329,Male,53,No,No,2.8,Month-to-Month,Credit Card,DSL,49.11,1824.75,No,No,No
CUST04330,Female,70,No,No,3.5,Month-to-Month,Electronic Check,DSL,58.6,2315.02,Yes,Yes,Yes
CUST04331,Male,71,Yes,Yes,1.9,Month-to-Month,Credit Card,Fiber Optic,82.22,2232.08,Yes,Yes,No
CUST04332,Male,24,Yes,No,1.2,Month-to-Month,Electronic Check,Fiber Optic,87.98,1469.22,No,No,Yes
CUST04333,Male,63,Yes,Yes,2.9,Month-to-Month,Electronic Check,Fiber Optic,81.19,2982.06,No,No,No
CUST04334,Male,63,Yes,No,11.4,Two Year,Bank Transfer,DSL,58.37,7851.18,Yes,Yes,No
CUST04335,Female,53,No,Yes,1.7,Month-to-Month,Electronic Check,No,24.76,460.26,Yes,No,No
CUST04336,Male,33,Yes,No,1.5,One Year,Credit Card,Fiber Optic,88.6,1705.6,No,No,No
CUST04337,Female,41,Yes,No,1.9,Two Year,Credit Card,DSL,46.93,874.77,Yes,Yes,No
CUST04338,Female,71,No,No,0.2,Two Year,Credit Card,DSL,52.26,0.0,No,No,Yes
CUST04339,Female,18,No,No,2.4,Month-to-Month,Electronic Check,Fiber Optic,83.28,2531.04,No,Yes,No
CUST04340,Male,66,Yes,No,1.2,Month-to-Month,Credit Card,Fiber Optic,77.79,1305.26,No,No,Yes
CUST04341,Female,42,No,Yes,0.4,Month-to-Month,Mailed Check,DSL,49.87,453.0,No,No,Yes
CUST04342,Female,27,Yes,No,1.9,Month-to-Month,Mailed Check,DSL,57.24,1266.81,No,No,No
CUST04343,Female,71,Yes,No,0.0,Month-to-Month,Credit Card,Fiber Optic,90.66,0.0,No,Yes,Yes
CUST04344,Male,33,Yes,Yes,1.5,Two Year,Electronic Check,DSL,57.01,938.55,No,Yes,No
CUST04345,Male,33,No,No,0.3,Month-to-Month,Credit Card,DSL,59.05,265.97,No,Yes,No
CUST04346,Female,25,No,Yes,0.1,Month-to-Month,Mailed Check,No,30.69,24.5,No,No,Yes
CUST04347,Male,46,Yes,No,5.2,Month-to-Month,Electronic Check,Fiber Optic,79.44,4741.86,No,Yes,No
CUST04348,Female,56,No,Yes,7.4,Two Year,Credit Card,Fiber Optic,71.19,6395.95,No,Yes,No
CUST04349,Female,45,Yes,No,0.7,One Year,Electronic Check,Fiber Optic,80.76,512.72,Yes,No,No
CUST04350,Male,23,No,No,2.3,Month-to-Month,Credit Card,Fiber Optic,84.03,2444.31,No,Yes,Yes
CUST04351,Female,33,Yes,Yes,1.0,Month-to-Month,Bank Transfer,Fiber Optic,79.98,1072.69,Yes,Yes,Yes
CUST04352,Male,37,Yes,No,2.0,Month-to-Month,Electronic Check,No,42.42,992.97,Yes,No,No
CUST04353,Male,33,No,No,1.7,One Year,Mailed Check,DSL,57.21,1199.78,No,No,No
CUST04354,Female,24,No,No,0.9,One Year,Mailed Check,DSL,54.27,554.43,No,Yes,Yes
CUST04355,Male,58,Yes,No,3.6,One Year,Mailed Check,DSL,59.38,2556.66,No,No,No
CUST04356,Male,31,Yes,No,0.4,Month-to-Month,Mailed Check,Fiber Optic,101.18,226.39,No,Yes,Yes
CUST04357,Female,60,Yes,No,0.2,One Year,Credit Card,Fiber Optic,82.75,0.0,Yes,Yes,Yes
CUST04358,Female,43,Yes,Yes,4.4,One Year,Credit Card,DSL,47.29,2484.8,No,Yes,No
CUST04359,Male,43,No,Yes,3.3,Two Year,Electronic Check,Fiber Optic,87.57,3293.8,No,Yes,No
CUST04360,Male,31,No,No,2.1,One Year,Bank Transfer,DSL,45.81,1075.98,No,No,Yes
CUST04361,Female,24,Yes,Yes,1.9,Month-to-Month,Bank Transfer,DSL,47.37,993.43,Yes,Yes,No
CUST04362,Male,50,Yes,No,2.1,Month-to-Month,Electronic Check,No,41.39,1121.8,No,No,No
CUST04363,Male,43,No,No,1.7,Month-to-Month,Mailed Check,Fiber Optic,95.37,2150.66,No,Yes,No
CUST04364,Male,74,Yes,No,1.5,One Year,Bank Transfer,DSL,60.2,1124.71,No,Yes,No
CUST04365,Male,62,No,Yes,2.1,One Year,Bank Transfer,DSL,58.12,1426.62,Yes,Yes,Yes
CUST04366,Male,37,Yes,No,2.3,Month-to-Month,Electronic Check,DSL,45.23,1278.33,No,Yes,Yes
CUST04367,Male,20,No,No,3.5,Month-to-Month,Mailed Check,Fiber Optic,78.53,3470.78,No,Yes,Yes
CUST04368,Male,69,No,Yes,3.7,Month-to-Month,Credit Card,Fiber Optic,95.58,4561.56,No,No,No
CUST04369,Female,21,No,No,1.4,Two Year,Credit Card,No,25.94,396.64,No,No,No
CUST04370,Female,43,No,No,1.6,Month-to-Month,Bank Transfer,Fiber Optic,78.6,1270.43,No,No,Yes
CUST04371,Female,28,Yes,Yes,1.4,Month-to-Month,Credit Card,Fiber Optic,83.48,1454.18,No,No,Yes
CUST04372,Female,19,No,No,2.3,Month-to-Month,Electronic Check,No,34.62,831.11,Yes,Yes,No
CUST04373,Female,31,No,Yes,1.8,Month-to-Month,Bank Transfer,Fiber Optic,83.34,1846.31,No,No,Yes
CUST04374,Male,61,Yes,No,6.6,One Year,Bank Transfer,DSL,53.58,4267.1,No,No,No
CUST04375,Male,47,Yes,No,3.6,Two Year,Mailed Check,Fiber Optic,67.58,2901.29,Yes,Yes,No
CUST04376,Male,66,Yes,No,6.9,Month-to-Month,Credit Card,Fiber Optic,84.43,7293.37,No,No,No
CUST04377,Male,29,Yes,No,3.7,One Year,Mailed Check,Fiber Optic,92.98,4142.62,Yes,Yes,No
CUST04378,Female,43,Yes,No,10.6,Month-to-Month,Bank Transfer,DSL,54.45,6986.41,Yes,Yes,No
CUST04379,Male,61,No,No,3.0,Two Year,Credit Card,DSL,71.56,2741.69,No,Yes,No
CUST04380,Male,50,Yes,No,9.9,Month-to-Month,Mailed Check,DSL,49.22,5840.67,No,No,Yes
CUST04381,Female,30,No,Yes,0.5,Month-to-Month,Credit Card,DSL,51.08,266.21,No,No,No
CUST04382,Male,31,Yes,Yes,0.2,Month-to-Month,Bank Transfer,No,24.64,41.21,Yes,No,No
CUST04383,Male,41,Yes,No,2.6,Month-to-Month,Bank Transfer,Fiber Optic,79.41,2544.7,No,No,Yes
CUST04384,Female,51,No,No,12.3,Month-to-Month,Bank Transfer,Fiber Optic,89.3,13237.47,No,No,No
CUST04385,Male,61,No,Yes,1.6,One Year,Electronic Check,Fiber Optic,82.8,1873.28,No,Yes,Yes
CUST04386,Male,43,Yes,Yes,0.7,One Year,Mailed Check,Fiber Optic,100.55,717.0,No,Yes,No
CUST04387,Male,38,Yes,No,2.2,Month-to-Month,Mailed Check,No,31.98,829.15,No,No,Yes
CUST04388,Male,45,Yes,No,3.1,One Year,Bank Transfer,Fiber Optic,78.02,3051.43,Yes,Yes,No
CUST04389,Male,65,No,No,1.1,Month-to-Month,Mailed Check,Fiber Optic,77.06,1118.36,No,Yes,Yes
CUST04390,Female,53,No,No,3.8,One Year,Bank Transfer,Fiber Optic,98.33,4472.81,No,Yes,Yes
CUST04391,Female,57,Yes,No,11.1,One Year,Mailed Check,No,31.77,4218.78,Yes,Yes,No
CUST04392,Female,19,No,No,6.8,One Year,Credit Card,No,40.44,3259.5,No,Yes,No
CUST04393,Female,59,No,No,1.0,Month-to-Month,Mailed Check,No,30.56,311.4,No,Yes,No
CUST04394,Female,26,Yes,Yes,1.2,Month-to-Month,Bank Transfer,DSL,55.13,791.1,No,Yes,No
CUST04395,Female,40,No,No,1.4,Month-to-Month,Mailed Check,DSL,65.72,1180.82,No,Yes,Yes
CUST04396,Male,32,No,No,1.5,Month-to-Month,Credit Card,DSL,57.98,1086.54,Yes,Yes,No
CUST04397,Female,30,Yes,No,0.3,One Year,Credit Card,Fiber Optic,87.89,301.94,Yes,No,Yes
CUST04398,Female,40,Yes,Yes,4.3,Month-to-Month,Credit Card,Fiber Optic,81.76,4270.77,No,No,Yes
CUST04399,Male,34,Yes,No,1.4,Month-to-Month,Bank Transfer,DSL,61.97,922.95,Yes,No,Yes
CUST04400,Male,65,Yes,Yes,6.4,Month-to-Month,Electronic Check,Fiber Optic,84.41,6578.07,Yes,No,No
CUST04401,Female,19,No,Yes,7.8,Month-to-Month,Bank Transfer,DSL,50.56,4587.59,No,Yes,No
CUST04402,Male,37,Yes,No,0.1,One Year,Credit Card,No,47.22,80.74,Yes,No,No
CUST04403,Female,37,No,No,13.4,Month-to-Month,Mailed Check,DSL,52.6,8520.82,No,No,No
CUST04404,Male,63,No,No,3.7,One Year,Credit Card,Fiber Optic,78.68,3509.76,No,Yes,No
CUST04405,Female,20,No,No,2.2,Month-to-Month,Electronic Check,Fiber Optic,94.1,2485.45,No,Yes,Yes
CUST04406,Male,72,No,No,1.5,Two Year,Electronic Check,Fiber Optic,90.43,1436.24,No,No,No
CUST04407,Male,29,Yes,No,2.2,Two Year,Credit Card,DSL,49.7,1307.64,No,Yes,Yes
CUST04408,Female,57,Yes,No,1.2,One Year,Bank Transfer,No,29.37,539.36,No,No,No
CUST04409,Female,19,No,Yes,2.9,Two Year,Electronic Check,Fiber Optic,90.35,3131.96,No,No,No
CUST04410,Female,53,Yes,No,0.3,Month-to-Month,Credit Card,No,31.69,96.57,No,Yes,No
CUST04411,Female,31,Yes,No,2.9,Two Year,Bank Transfer,No,36.29,1145.52,No,Yes,No
CUST04412,Female,33,No,Yes,1.0,Two Year,Mailed Check,Fiber Optic,84.95,1081.43,No,No,Yes
CUST04413,Male,36,No,No,0.1,Two Year,Bank Transfer,No,36.54,75.83,No,Yes,No
CUST04414,Female,51,Yes,No,2.4,One Year,Electronic Check,No,27.53,766.62,No,No,No
CUST04415,Female,61,No,No,2.6,One Year,Bank Transfer,No,24.83,762.62,No,Yes,Yes
CUST04416,Male,63,No,No,1.7,Month-to-Month,Bank Transfer,No,38.42,681.69,No,No,Yes
CUST04417,Male,23,Yes,No,0.2,Month-to-Month,Mailed Check,No,32.33,85.56,Yes,Yes,Yes
CUST04418,Female,30,Yes,Yes,6.7,Month-to-Month,Credit Card,Fiber Optic,90.5,7365.85,Yes,No,Yes
CUST04419,Male,53,No,Yes,2.8,Two Year,Bank Transfer,DSL,64.79,1884.53,No,Yes,No
CUST04420,Male,39,Yes,No,0.4,Month-to-Month,Mailed Check,No,25.42,120.14,Yes,Yes,No
CUST04421,Female,35,Yes,No,2.1,One Year,Electronic Check,Fiber Optic,89.26,2558.23,Yes,No,No
CUST04422,Male,29,No,No,2.1,Month-to-Month,Credit Card,DSL,73.56,1875.86,No,Yes,Yes
CUST04423,Male,69,No,No,0.2,Month-to-Month,Electronic Check,DSL,53.72,181.77,Yes,Yes,No
CUST04424,Female,71,Yes,No,2.8,Two Year,Credit Card,Fiber Optic,75.35,2691.27,No,Yes,Yes
CUST04425,Female,47,Yes,No,5.0,Two Year,Bank Transfer,Fiber Optic,91.58,5598.72,Yes,Yes,No
CUST04426,Male,70,Yes,Yes,4.1,One Year,Bank Transfer,DSL,41.68,2020.83,No,Yes,No
CUST04427,Male,68,No,Yes,0.7,Month-to-Month,Credit Card,DSL,46.22,238.55,No,No,Yes
CUST04428,Female,57,Yes,No,5.9,Month-to-Month,Electronic Check,Fiber Optic,85.05,6481.27,Yes,Yes,No
CUST04429,Male,24,No,No,1.3,Month-to-Month,Electronic Check,DSL,54.77,936.12,No,Yes,Yes
CUST04430,Male,49,No,No,8.8,Month-to-Month,Electronic Check,Fiber Optic,86.51,9281.04,No,Yes,Yes
CUST04431,Male,65,Yes,No,0.2,Month-to-Month,Bank Transfer,Fiber Optic,102.66,459.97,No,No,No
CUST04432,Female,36,No,No,2.0,Month-to-Month,Credit Card,Fiber Optic,85.68,2248.01,No,No,No
CUST04433,Male,23,No,No,2.7,Month-to-Month,Credit Card,DSL,50.38,1712.5,No,No,No
CUST04434,Male,37,No,No,0.9,One Year,Electronic Check,DSL,49.87,541.47,Yes,No,Yes
CUST04435,Female,44,Yes,No,4.4,Month-to-Month,Bank Transfer,Fiber Optic,81.35,4243.33,No,No,No
CUST04436,Male,70,No,No,3.0,Month-to-Month,Credit Card,Fiber Optic,75.29,2820.69,Yes,Yes,No
CUST04437,Male,60,No,No,0.1,Month-to-Month,Credit Card,DSL,59.48,88.64,No,Yes,Yes
CUST04438,Female,54,No,Yes,2.8,Two Year,Electronic Check,Fiber Optic,87.41,2956.86,Yes,Yes,No
CUST04439,Female,65,Yes,No,2.0,Month-to-Month,Electronic Check,No,33.73,876.11,No,Yes,Yes
CUST04440,Female,24,No,No,0.7,Month-to-Month,Credit Card,No,36.41,458.48,Yes,No,No
CUST04441,Female,22,Yes,No,15.0,Month-to-Month,Bank Transfer,Fiber Optic,89.95,16022.43,Yes,No,No
CUST04442,Male,28,Yes,No,6.8,Two Year,Mailed Check,DSL,43.95,3628.37,No,No,No
CUST04443,Male,32,Yes,No,1.0,One Year,Credit Card,DSL,52.75,526.88,No,Yes,No
CUST04444,Female,20,No,Yes,2.3,One Year,Credit Card,DSL,53.08,1485.74,No,No,No
CUST04445,Female,22,Yes,No,1.1,Month-to-Month,Bank Transfer,DSL,66.02,649.46,No,Yes,Yes
CUST04446,Male,40,No,Yes,4.5,One Year,Credit Card,Fiber Optic,96.72,5088.05,Yes,Yes,No
CUST04447,Female,70,No,Yes,8.0,One Year,Mailed Check,Fiber Optic,81.59,7836.17,No,No,Yes
CUST04448,Male,54,Yes,No,1.3,One Year,Bank Transfer,DSL,47.07,835.0,No,Yes,No
CUST04449,Female,26,No,No,4.9,Two Year,Mailed Check,No,31.27,1746.0,Yes,Yes,No
CUST04450,Male,32,Yes,No,2.1,Month-to-Month,Mailed Check,Fiber Optic,82.45,2149.23,No,No,No
CUST04451,Female,20,Yes,No,1.5,Month-to-Month,Credit Card,Fiber Optic,84.33,1511.94,No,No,Yes
CUST04452,Female,46,No,No,8.4,Two Year,Mailed Check,No,39.72,4120.54,Yes,Yes,No
CUST04453,Male,23,No,Yes,2.1,One Year,Credit Card,Fiber Optic,87.15,2125.73,Yes,No,No
CUST04454,Female,34,No,Yes,1.9,Month-to-Month,Credit Card,No,26.16,619.19,No,No,No
CUST04455,Male,43,No,No,3.3,Month-to-Month,Bank Transfer,DSL,49.73,1953.75,No,Yes,No
CUST04456,Male,38,Yes,Yes,0.9,Two Year,Bank Transfer,DSL,43.51,384.92,No,Yes,No
CUST04457,Male,25,Yes,No,1.2,Month-to-Month,Bank Transfer,Fiber Optic,89.5,1186.37,No,No,Yes
CUST04458,Male,38,No,No,8.1,Month-to-Month,Credit Card,Fiber Optic,87.26,8349.39,Yes,Yes,No
CUST04459,Male,74,Yes,No,3.4,Month-to-Month,Mailed Check,DSL,59.51,2220.15,No,Yes,No
CUST04460,Female,28,Yes,Yes,5.3,Two Year,Mailed Check,Fiber Optic,84.87,5659.91,Yes,No,No
CUST04461,Female,55,No,No,0.9,Two Year,Bank Transfer,DSL,46.55,469.38,Yes,No,No
CUST04462,Male,25,Yes,No,2.4,Month-to-Month,Bank Transfer,Fiber Optic,85.45,2542.49,Yes,Yes,No
CUST04463,Female,59,Yes,Yes,10.7,One Year,Credit Card,Fiber Optic,94.12,11876.23,No,Yes,No
CUST04464,Male,41,No,No,1.2,Month-to-Month,Electronic Check,Fiber Optic,85.47,1238.63,Yes,No,Yes
CUST04465,Female,52,No,No,0.5,Month-to-Month,Electronic Check,Fiber Optic,98.14,688.27,No,Yes,Yes
CUST04466,Female,72,No,No,2.1,Two Year,Credit Card,No,32.02,812.43,No,No,No
CUST04467,Female,31,No,No,1.5,Month-to-Month,Electronic Check,DSL,70.74,1155.9,No,No,Yes
CUST04468,Female,72,Yes,Yes,0.5,Month-to-Month,Electronic Check,No,46.39,353.4,Yes,Yes,No
CUST04469,Male,31,No,No,6.6,One Year,Electronic Check,DSL,47.82,3591.38,Yes,No,Yes
CUST04470,Male,27,No,No,14.0,Month-to-Month,Bank Transfer,Fiber Optic,79.83,13159.14,No,No,No
CUST04471,Female,29,Yes,Yes,2.5,Month-to-Month,Mailed Check,Fiber Optic,81.34,2421.43,No,Yes,Yes
CUST04472,Female,55,Yes,No,4.5,One Year,Mailed Check,No,16.34,803.89,No,Yes,No
CUST04473,Male,61,No,Yes,5.9,One Year,Bank Transfer,Fiber Optic,88.71,6141.53,No,Yes,No
CUST04474,Female,72,No,No,3.6,Month-to-Month,Bank Transfer,No,33.49,1415.32,No,Yes,No
CUST04475,Male,63,No,Yes,0.1,Month-to-Month,Bank Transfer,DSL,56.54,239.82,Yes,Yes,No
CUST04476,Male,51,No,No,0.5,One Year,Electronic Check,No,20.21,94.59,No,Yes,Yes
CUST04477,Male,58,No,No,0.2,Two Year,Credit Card,DSL,67.71,91.78,No,Yes,Yes
CUST04478,Female,27,No,No,0.0,Month-to-Month,Credit Card,DSL,39.96,0.0,No,Yes,Yes
CUST04479,Male,34,No,No,1.1,Two Year,Electronic Check,DSL,44.42,593.06,No,Yes,No
CUST04480,Female,34,Yes,No,1.5,One Year,Electronic Check,Fiber Optic,92.09,1659.44,No,Yes,No
CUST04481,Male,20,No,No,0.8,Two Year,Bank Transfer,Fiber Optic,87.53,648.98,No,Yes,No
CUST04482,Female,48,Yes,No,0.2,Month-to-Month,Bank Transfer,DSL,50.09,211.75,Yes,Yes,No
CUST04483,Female,68,No,No,2.3,Month-to-Month,Mailed Check,DSL,55.44,1624.24,No,No,Yes
CUST04484,Female,18,No,No,1.0,Month-to-Month,Bank Transfer,Fiber Optic,86.03,936.16,Yes,Yes,Yes
CUST04485,Male,29,No,No,4.8,Month-to-Month,Electronic Check,No,39.42,2118.88,No,No,Yes
CUST04486,Male,56,No,No,0.0,Two Year,Mailed Check,Fiber Optic,75.27,0.0,No,Yes,Yes
CUST04487,Female,21,Yes,No,5.5,Month-to-Month,Bank Transfer,Fiber Optic,87.34,6032.14,Yes,No,No
CUST04488,Female,59,Yes,Yes,9.3,One Year,Mailed Check,Fiber Optic,93.63,10475.21,Yes,Yes,No
CUST04489,Female,30,Yes,No,3.8,Month-to-Month,Mailed Check,Fiber Optic,77.02,3393.91,No,No,Yes
CUST04490,Male,51,No,Yes,4.0,One Year,Bank Transfer,No,29.59,1501.05,Yes,Yes,No
CUST04491,Male,59,No,No,8.1,Month-to-Month,Credit Card,Fiber Optic,84.53,8184.83,No,No,Yes
CUST04492,Male,38,No,Yes,0.7,Month-to-Month,Electronic Check,Fiber Optic,72.09,607.49,Yes,Yes,Yes
CUST04493,Male,39,Yes,No,15.0,Month-to-Month,Electronic Check,No,32.34,5975.35,Yes,Yes,No
CUST04494,Female,74,No,No,4.5,One Year,Mailed Check,No,32.81,1832.46,No,Yes,No
CUST04495,Female,21,No,No,3.9,Month-to-Month,Credit Card,DSL,66.97,3095.96,No,No,No
CUST04496,Male,35,Yes,No,1.3,Month-to-Month,Credit Card,Fiber Optic,84.83,1386.1,No,No,Yes
CUST04497,Male,22,No,No,2.4,Month-to-Month,Bank Transfer,Fiber Optic,88.5,2646.38,No,Yes,No
CUST04498,Female,36,No,No,3.2,Two Year,Bank Transfer,Fiber Optic,96.78,3875.27,No,No,No
CUST04499,Male,19,No,No,2.9,One Year,Electronic Check,Fiber Optic,79.87,2613.75,No,No,No
CUST04500,Male,29,Yes,No,3.7,One Year,Bank Transfer,Fiber Optic,75.55,3600.8,Yes,No,No
CUST04501,Male,34,No,No,0.3,One Year,Bank Transfer,DSL,55.98,360.97,Yes,No,No
CUST04502,Male,27,Yes,No,1.3,Month-to-Month,Mailed Check,DSL,53.42,734.13,Yes,Yes,Yes
CUST04503,Male,51,No,Yes,1.7,One Year,Credit Card,No,29.27,596.34,No,Yes,No
CUST04504,Male,23,Yes,No,0.9,Month-to-Month,Credit Card,Fiber Optic,81.62,893.65,No,No,No
CUST04505,Female,25,Yes,No,0.6,Month-to-Month,Bank Transfer,No,23.28,175.09,No,Yes,No
CUST04506,Male,68,No,No,0.4,One Year,Bank Transfer,No,37.47,238.0,No,No,No
CUST04507,Male,28,Yes,No,1.4,One Year,Bank Transfer,Fiber Optic,84.84,1368.95,Yes,No,Yes
CUST04508,Female,74,No,No,2.0,Month-to-Month,Electronic Check,No,47.96,1192.57,No,No,No
CUST04509,Female,29,No,No,0.2,Month-to-Month,Electronic Check,DSL,46.68,171.14,Yes,Yes,No
CUST04510,Female,26,No,Yes,8.8,One Year,Mailed Check,Fiber Optic,101.05,10771.14,No,Yes,No
CUST04511,Male,19,No,No,4.3,One Year,Electronic Check,Fiber Optic,87.34,4589.83,No,Yes,Yes
CUST04512,Female,25,Yes,Yes,3.9,Month-to-Month,Credit Card,Fiber Optic,85.15,4079.45,No,No,Yes
CUST04513,Male,28,No,No,0.6,Month-to-Month,Electronic Check,DSL,46.19,352.47,No,Yes,Yes
CUST04514,Male,70,Yes,No,2.8,Two Year,Credit Card,DSL,49.7,1479.25,No,Yes,No
CUST04515,Male,53,Yes,Yes,2.3,One Year,Electronic Check,DSL,65.07,1663.94,No,Yes,No
CUST04516,Female,27,No,No,12.1,Two Year,Electronic Check,Fiber Optic,63.68,9081.03,Yes,Yes,No
CUST04517,Female,38,Yes,No,4.1,Month-to-Month,Mailed Check,No,15.64,735.81,Yes,Yes,No
CUST04518,Female,37,No,Yes,2.6,Month-to-Month,Bank Transfer,No,17.1,499.83,No,Yes,No
CUST04519,Female,65,No,No,5.7,Month-to-Month,Bank Transfer,DSL,64.37,4536.23,No,Yes,Yes
CUST04520,Female,25,No,Yes,0.5,One Year,Bank Transfer,DSL,60.45,523.97,No,No,No
CUST04521,Male,53,No,No,0.0,Month-to-Month,Mailed Check,DSL,46.9,60.33,No,No,Yes
CUST04522,Male,46,Yes,No,3.5,Month-to-Month,Credit Card,Fiber Optic,81.23,3250.19,No,No,Yes
CUST04523,Male,59,No,No,0.3,Month-to-Month,Electronic Check,No,31.04,54.49,Yes,Yes,No
CUST04524,Male,29,No,No,0.4,One Year,Mailed Check,No,38.16,133.86,Yes,No,Yes
CUST04525,Female,31,No,No,4.1,Month-to-Month,Credit Card,DSL,46.9,2238.56,No,No,Yes
CUST04526,Female,65,Yes,Yes,0.9,One Year,Mailed Check,DSL,56.07,753.59,Yes,No,No
CUST04527,Male,71,No,No,3.0,Two Year,Mailed Check,DSL,52.25,1739.02,No,Yes,No
CUST04528,Female,67,Yes,No,7.5,One Year,Credit Card,Fiber Optic,84.18,7628.7,No,No,No
CUST04529,Female,38,Yes,Yes,1.1,Month-to-Month,Bank Transfer,No,22.83,243.17,Yes,Yes,Yes
CUST04530,Male,39,No,No,0.7,Two Year,Electronic Check,Fiber Optic,86.68,814.09,No,Yes,No
CUST04531,Male,38,No,Yes,0.3,Month-to-Month,Bank Transfer,Fiber Optic,78.74,223.28,No,Yes,Yes
CUST04532,Female,61,No,No,0.4,Month-to-Month,Mailed Check,Fiber Optic,85.76,219.22,No,No,Yes
CUST04533,Female,67,No,No,0.2,Two Year,Credit Card,DSL,67.5,86.66,No,No,Yes
CUST04534,Male,47,No,No,0.3,Month-to-Month,Mailed Check,DSL,63.35,291.47,No,Yes,No
CUST04535,Male,56,Yes,No,1.7,Month-to-Month,Bank Transfer,DSL,66.12,1133.55,No,No,No
CUST04536,Male,37,Yes,No,1.2,Month-to-Month,Bank Transfer,Fiber Optic,87.53,1150.59,No,Yes,No
CUST04537,Female,41,Yes,Yes,3.7,Month-to-Month,Bank Transfer,No,39.06,1719.77,No,Yes,No
CUST04538,Male,40,No,No,6.1,One Year,Electronic Check,Fiber Optic,70.58,4972.34,No,Yes,No
CUST04539,Male,24,Yes,No,4.6,Month-to-Month,Bank Transfer,DSL,41.44,2208.73,No,Yes,No
CUST04540,Female,26,Yes,No,2.3,One Year,Electronic Check,Fiber Optic,76.96,2347.71,No,Yes,No
CUST04541,Female,18,No,No,0.3,One Year,Electronic Check,DSL,47.51,45.35,No,Yes,No
CUST04542,Female,43,Yes,Yes,3.7,Month-to-Month,Bank Transfer,DSL,63.38,2746.32,No,No,No
CUST04543,Female,55,Yes,No,1.4,Month-to-Month,Credit Card,Fiber Optic,72.93,1295.89,No,No,No
CUST04544,Female,55,No,Yes,0.3,Month-to-Month,Mailed Check,Fiber Optic,74.15,255.81,No,Yes,Yes
CUST04545,Male,71,Yes,Yes,5.5,Two Year,Mailed Check,No,29.02,1882.47,No,No,No
CUST04546,Male,61,Yes,No,1.2,One Year,Electronic Check,Fiber Optic,86.1,1374.89,Yes,Yes,Yes
CUST04547,Female,39,Yes,Yes,0.7,Two Year,Electronic Check,DSL,62.0,263.3,No,Yes,No
CUST04548,Female,61,No,Yes,6.2,Month-to-Month,Electronic Check,DSL,52.86,4006.82,Yes,Yes,No
CUST04549,Female,27,No,No,7.0,Month-to-Month,Mailed Check,DSL,53.54,4395.53,No,Yes,No
CUST04550,Female,72,Yes,Yes,1.2,Month-to-Month,Electronic Check,DSL,62.1,576.77,No,Yes,Yes
CUST04551,Female,23,No,Yes,1.3,Month-to-Month,Credit Card,DSL,47.8,951.77,No,Yes,Yes
CUST04552,Male,34,Yes,Yes,2.6,Month-to-Month,Credit Card,Fiber Optic,85.98,2689.05,No,Yes,No
CUST04553,Male,68,No,Yes,4.0,Two Year,Electronic Check,DSL,59.56,2950.44,No,No,No
CUST04554,Male,67,Yes,No,0.2,Month-to-Month,Mailed Check,No,27.04,123.05,Yes,No,No
CUST04555,Male,55,No,No,2.7,Two Year,Bank Transfer,Fiber Optic,91.89,2807.19,No,No,Yes
CUST04556,Female,41,No,No,9.2,Month-to-Month,Mailed Check,DSL,48.15,5290.26,Yes,No,No
CUST04557,Male,68,No,No,0.9,Two Year,Bank Transfer,Fiber Optic,97.5,1046.06,No,Yes,Yes
CUST04558,Female,27,Yes,Yes,7.2,Month-to-Month,Bank Transfer,Fiber Optic,82.48,7010.51,No,No,No
CUST04559,Female,73,Yes,Yes,9.0,Two Year,Electronic Check,Fiber Optic,81.49,8994.35,No,Yes,No
CUST04560,Female,25,No,Yes,0.9,Month-to-Month,Credit Card,DSL,43.31,583.12,No,No,No
CUST04561,Male,38,Yes,No,4.2,Two Year,Electronic Check,No,21.04,1054.93,No,No,No
CUST04562,Female,73,No,No,0.8,Month-to-Month,Bank Transfer,DSL,48.51,514.07,Yes,Yes,No
CUST04563,Male,23,No,No,4.0,Month-to-Month,Electronic Check,No,20.98,1042.72,No,Yes,No
CUST04564,Male,38,No,No,4.8,Month-to-Month,Bank Transfer,DSL,45.54,2648.74,Yes,Yes,No
CUST04565,Female,74,Yes,Yes,0.9,Month-to-Month,Electronic Check,Fiber Optic,85.35,823.43,Yes,Yes,Yes
CUST04566,Female,56,No,No,3.8,One Year,Credit Card,Fiber Optic,89.81,3649.23,No,No,No
CUST04567,Female,41,No,No,5.0,Two Year,Credit Card,Fiber Optic,87.24,5250.67,Yes,No,No
CUST04568,Male,50,No,No,1.3,One Year,Mailed Check,DSL,29.42,505.82,Yes,Yes,No
CUST04569,Female,35,Yes,No,0.6,One Year,Bank Transfer,DSL,46.67,247.91,Yes,Yes,No
CUST04570,Male,73,Yes,No,0.3,Month-to-Month,Bank Transfer,Fiber Optic,94.1,371.05,No,Yes,No
CUST04571,Female,45,Yes,No,2.6,One Year,Electronic Check,No,19.25,617.77,No,No,No
CUST04572,Female,74,Yes,No,11.5,Month-to-Month,Mailed Check,Fiber Optic,84.03,11672.17,No,No,No
CUST04573,Male,69,No,No,5.2,Two Year,Credit Card,Fiber Optic,76.23,4775.84,No,No,No
CUST04574,Male,49,No,No,1.7,Month-to-Month,Electronic Check,DSL,65.44,1204.24,No,No,No
CUST04575,Male,29,Yes,Yes,2.3,One Year,Mailed Check,Fiber Optic,78.64,2360.25,Yes,No,No
CUST04576,Male,65,No,No,1.0,Month-to-Month,Credit Card,DSL,60.5,720.6,Yes,Yes,Yes
CUST04577,Male,59,Yes,No,0.5,Month-to-Month,Electronic Check,DSL,49.2,242.38,No,No,Yes
CUST04578,Male,44,Yes,Yes,2.0,Month-to-Month,Credit Card,Fiber Optic,65.59,1358.85,No,Yes,Yes
CUST04579,Female,27,Yes,No,1.9,Month-to-Month,Bank Transfer,Fiber Optic,88.77,2095.67,No,Yes,Yes
CUST04580,Female,63,Yes,Yes,2.2,Month-to-Month,Mailed Check,DSL,39.65,1241.45,Yes,Yes,Yes
CUST04581,Male,74,No,No,9.2,Month-to-Month,Credit Card,DSL,47.69,5242.96,Yes,No,No
CUST04582,Female,69,Yes,No,2.8,Two Year,Mailed Check,Fiber Optic,99.93,3260.17,Yes,Yes,No
CUST04583,Male,59,No,No,2.8,Month-to-Month,Electronic Check,DSL,80.04,2687.26,No,No,No
CUST04584,Female,49,Yes,Yes,0.4,Two Year,Mailed Check,No,30.16,140.22,Yes,No,No
CUST04585,Female,59,No,No,15.0,Month-to-Month,Electronic Check,DSL,47.87,8581.15,No,No,No
CUST04586,Male,43,Yes,No,4.4,Month-to-Month,Mailed Check,DSL,55.21,3144.11,Yes,No,No
CUST04587,Male,42,Yes,No,6.3,One Year,Electronic Check,Fiber Optic,74.49,5637.88,No,Yes,No
CUST04588,Male,28,Yes,No,1.6,Month-to-Month,Electronic Check,Fiber Optic,81.62,1354.44,Yes,Yes,Yes
CUST04589,Female,40,Yes,No,2.1,Month-to-Month,Electronic Check,DSL,67.82,1549.31,Yes,Yes,Yes
CUST04590,Male,51,Yes,No,2.2,One Year,Credit Card,Fiber Optic,86.68,2485.73,Yes,Yes,Yes
CUST04591,Female,74,No,Yes,0.6,Month-to-Month,Bank Transfer,DSL,43.62,338.85,Yes,No,No
CUST04592,Male,69,No,Yes,3.5,One Year,Mailed Check,Fiber Optic,88.25,3644.51,Yes,No,No
CUST04593,Female,57,No,No,7.0,Month-to-Month,Bank Transfer,Fiber Optic,71.31,5927.77,No,Yes,No
CUST04594,Female,40,No,Yes,0.5,Month-to-Month,Bank Transfer,Fiber Optic,69.99,517.49,Yes,No,Yes
CUST04595,Male,46,Yes,No,0.3,Two Year,Bank Transfer,Fiber Optic,91.13,184.22,Yes,No,No
CUST04596,Female,48,Yes,Yes,4.0,One Year,Bank Transfer,Fiber Optic,78.89,3763.12,No,No,Yes
CUST04597,Female,24,No,No,1.0,Month-to-Month,Mailed Check,Fiber Optic,97.59,1313.29,No,Yes,Yes
CUST04598,Male,57,No,No,2.9,Two Year,Mailed Check,Fiber Optic,76.57,2550.65,Yes,No,No
CUST04599,Female,50,No,No,3.6,Two Year,Bank Transfer,Fiber Optic,94.82,4337.42,No,Yes,No
CUST04600,Male,38,No,No,1.2,Month-to-Month,Mailed Check,Fiber Optic,98.13,1091.71,No,Yes,Yes
CUST04601,Male,19,Yes,Yes,5.1,Month-to-Month,Mailed Check,DSL,56.24,3446.48,Yes,Yes,No
CUST04602,Male,35,Yes,No,2.4,Two Year,Electronic Check,Fiber Optic,82.58,2390.86,No,Yes,No
CUST04603,Male,64,Yes,No,6.1,Month-to-Month,Mailed Check,Fiber Optic,80.2,5529.71,Yes,Yes,No
CUST04604,Female,50,Yes,No,4.3,Month-to-Month,Credit Card,DSL,50.7,2540.66,Yes,Yes,No
CUST04605,Female,54,Yes,No,6.1,Month-to-Month,Bank Transfer,No,17.18,1278.41,No,No,No
CUST04606,Female,51,Yes,No,0.1,One Year,Mailed Check,Fiber Optic,90.13,0.0,Yes,No,No
CUST04607,Male,37,No,No,0.8,Two Year,Bank Transfer,Fiber Optic,89.85,814.98,Yes,No,Yes
CUST04608,Female,52,No,No,0.3,One Year,Mailed Check,DSL,53.16,148.16,No,Yes,No
CUST04609,Female,68,No,No,1.8,Two Year,Bank Transfer,Fiber Optic,85.24,2007.2,No,No,Yes
CUST04610,Male,67,No,No,6.6,Month-to-Month,Credit Card,Fiber Optic,81.37,6500.14,No,No,Yes
CUST04611,Male,71,Yes,No,1.9,Month-to-Month,Mailed Check,DSL,45.27,991.38,No,Yes,Yes
CUST04612,Female,35,Yes,No,5.7,One Year,Mailed Check,Fiber Optic,74.57,4993.54,No,No,No
CUST04613,Male,63,No,Yes,1.2,Two Year,Credit Card,No,25.45,410.62,No,No,Yes
CUST04614,Male,41,Yes,No,1.2,Month-to-Month,Mailed Check,Fiber Optic,81.86,1202.39,Yes,Yes,No
CUST04615,Male,25,Yes,No,6.8,Month-to-Month,Bank Transfer,Fiber Optic,94.24,7880.2,No,No,Yes
CUST04616,Male,47,Yes,No,1.7,Month-to-Month,Credit Card,Fiber Optic,90.35,1954.7,Yes,No,Yes
CUST04617,Female,61,Yes,No,4.7,Month-to-Month,Electronic Check,DSL,67.32,3356.97,Yes,No,No
CUST04618,Male,70,No,No,0.8,Month-to-Month,Bank Transfer,No,35.52,417.18,No,No,No
CUST04619,Male,27,Yes,No,8.9,Month-to-Month,Mailed Check,No,17.32,1854.13,No,No,No
CUST04620,Male,40,No,No,2.6,Two Year,Bank Transfer,Fiber Optic,73.12,2317.44,Yes,No,No
CUST04621,Male,69,No,No,4.3,Month-to-Month,Credit Card,DSL,46.52,2213.71,Yes,No,No
CUST04622,Male,66,Yes,Yes,0.3,One Year,Mailed Check,DSL,52.18,137.0,No,No,Yes
CUST04623,Male,28,Yes,Yes,2.0,Month-to-Month,Mailed Check,DSL,48.79,1176.65,No,No,No
CUST04624,Male,19,Yes,Yes,6.9,Month-to-Month,Credit Card,Fiber Optic,90.54,7264.05,No,No,No
CUST04625,Male,43,Yes,No,6.3,One Year,Electronic Check,DSL,64.43,5041.78,No,Yes,Yes
CUST04626,Female,53,No,No,0.1,Two Year,Mailed Check,Fiber Optic,75.33,202.87,No,No,No
CUST04627,Male,50,No,Yes,1.1,Month-to-Month,Mailed Check,Fiber Optic,71.86,890.8,No,Yes,Yes
CUST04628,Female,64,No,No,1.8,Two Year,Mailed Check,DSL,68.16,1719.39,No,No,No
CUST04629,Male,30,Yes,No,0.6,Two Year,Electronic Check,Fiber Optic,86.85,689.57,No,Yes,Yes
CUST04630,Male,57,No,Yes,3.9,Month-to-Month,Bank Transfer,DSL,50.72,2512.77,No,Yes,Yes
CUST04631,Male,42,No,No,0.6,Month-to-Month,Electronic Check,No,42.65,237.49,No,Yes,Yes
CUST04632,Male,21,No,No,1.3,One Year,Bank Transfer,Fiber Optic,94.96,1572.19,No,No,Yes
CUST04633,Female,59,No,No,3.3,Month-to-Month,Mailed Check,DSL,50.27,2125.54,Yes,No,No
CUST04634,Male,36,No,No,2.0,Month-to-Month,Bank Transfer,DSL,61.96,1633.86,No,Yes,Yes
CUST04635,Male,35,No,No,4.0,Month-to-Month,Bank Transfer,No,39.22,1961.62,No,No,No
CUST04636,Female,54,No,No,9.7,Month-to-Month,Bank Transfer,Fiber Optic,91.71,10903.09,No,No,No
CUST04637,Female,47,Yes,No,0.4,Two Year,Bank Transfer,Fiber Optic,95.15,747.34,Yes,Yes,Yes
CUST04638,Male,36,No,No,3.7,Month-to-Month,Mailed Check,DSL,47.4,1885.93,Yes,No,Yes
CUST04639,Female,40,Yes,No,0.8,Month-to-Month,Credit Card,Fiber Optic,85.21,745.37,No,Yes,Yes
CUST04640,Female,71,Yes,No,1.6,Month-to-Month,Electronic Check,DSL,68.16,1071.21,No,No,No
CUST04641,Female,33,No,No,0.1,One Year,Bank Transfer,No,26.88,0.0,No,Yes,Yes
CUST04642,Male,18,No,Yes,0.4,One Year,Mailed Check,No,24.84,93.32,Yes,No,No
CUST04643,Male,29,Yes,No,1.2,Two Year,Mailed Check,Fiber Optic,85.89,1163.15,No,Yes,Yes
CUST04644,Male,41,Yes,No,1.3,One Year,Mailed Check,No,17.34,317.61,Yes,Yes,No
CUST04645,Female,51,Yes,No,6.9,One Year,Mailed Check,DSL,57.61,4632.88,No,Yes,No
CUST04646,Male,70,No,Yes,4.1,Month-to-Month,Bank Transfer,DSL,41.67,2065.24,No,Yes,No
CUST04647,Female,74,No,Yes,10.7,Month-to-Month,Electronic Check,DSL,65.13,8571.31,No,No,Yes
CUST04648,Male,25,No,No,2.7,One Year,Mailed Check,DSL,42.03,1348.94,No,Yes,No
CUST04649,Male,35,No,Yes,0.8,Two Year,Electronic Check,No,36.79,496.86,Yes,Yes,No
CUST04650,Female,74,Yes,No,1.2,Two Year,Electronic Check,DSL,49.16,523.55,No,No,Yes
CUST04651,Male,65,No,No,1.2,One Year,Electronic Check,No,21.54,273.57,No,No,Yes
CUST04652,Female,22,Yes,No,1.2,Month-to-Month,Credit Card,Fiber Optic,85.21,1489.97,Yes,No,No
CUST04653,Female,43,No,Yes,3.4,Month-to-Month,Mailed Check,Fiber Optic,87.39,3447.33,No,No,Yes
CUST04654,Male,47,No,Yes,2.3,Month-to-Month,Mailed Check,DSL,55.74,1511.59,No,No,No
CUST04655,Female,71,No,Yes,1.5,Month-to-Month,Mailed Check,DSL,57.72,1231.89,Yes,No,Yes
CUST04656,Male,30,Yes,Yes,0.5,Month-to-Month,Electronic Check,DSL,60.53,443.6,No,Yes,Yes
CUST04657,Male,36,Yes,No,0.1,Month-to-Month,Mailed Check,Fiber Optic,68.91,0.0,Yes,Yes,Yes
CUST04658,Female,46,Yes,No,0.7,Month-to-Month,Mailed Check,Fiber Optic,86.08,829.35,No,Yes,Yes
CUST04659,Male,20,No,Yes,0.3,One Year,Electronic Check,Fiber Optic,74.09,161.99,No,Yes,Yes
CUST04660,Female,43,Yes,Yes,4.6,Month-to-Month,Mailed Check,Fiber Optic,74.85,4057.97,Yes,No,No
CUST04661,Male,57,Yes,Yes,0.4,One Year,Bank Transfer,Fiber Optic,76.2,351.52,No,No,Yes
CUST04662,Male,29,Yes,No,3.9,Month-to-Month,Credit Card,DSL,39.22,1790.11,No,Yes,No
CUST04663,Male,19,No,No,1.5,Month-to-Month,Bank Transfer,No,29.91,567.72,No,Yes,No
CUST04664,Male,28,Yes,No,0.2,Two Year,Bank Transfer,DSL,40.86,26.83,Yes,No,No
CUST04665,Male,61,No,No,5.0,Month-to-Month,Bank Transfer,DSL,58.24,3529.81,No,No,Yes
CUST04666,Female,45,No,No,2.6,Two Year,Electronic Check,Fiber Optic,97.15,3178.12,No,Yes,Yes
CUST04667,Female,35,No,No,0.8,Month-to-Month,Mailed Check,No,42.52,402.54,Yes,Yes,No
CUST04668,Female,30,Yes,Yes,6.8,Month-to-Month,Bank Transfer,No,21.27,1738.74,Yes,No,No
CUST04669,Female,54,Yes,No,0.1,Month-to-Month,Bank Transfer,DSL,45.5,62.83,No,No,Yes
CUST04670,Female,39,Yes,Yes,0.7,Month-to-Month,Mailed Check,Fiber Optic,91.25,790.0,No,Yes,No
CUST04671,Female,29,Yes,No,4.2,Month-to-Month,Electronic Check,DSL,55.45,2783.41,No,Yes,Yes
CUST04672,Male,19,Yes,Yes,3.7,One Year,Bank Transfer,No,29.41,1296.79,No,No,Yes
CUST04673,Male,54,No,No,1.0,Month-to-Month,Mailed Check,DSL,44.54,523.59,Yes,No,No
CUST04674,Female,24,Yes,Yes,0.2,One Year,Mailed Check,DSL,55.96,155.14,No,Yes,Yes
CUST04675,Female,43,No,No,5.9,Month-to-Month,Credit Card,No,36.92,2582.06,No,No,No
CUST04676,Male,43,Yes,No,1.1,Month-to-Month,Bank Transfer,No,23.82,307.44,No,Yes,Yes
CUST04677,Male,41,No,No,0.7,Two Year,Bank Transfer,Fiber Optic,88.71,921.11,Yes,No,No
CUST04678,Male,29,No,No,2.2,Two Year,Credit Card,DSL,56.28,1711.59,No,No,No
CUST04679,Female,33,No,No,7.2,Month-to-Month,Mailed Check,Fiber Optic,79.78,7285.49,No,Yes,No
CUST04680,Female,40,No,No,0.1,Month-to-Month,Mailed Check,No,29.59,43.43,No,Yes,No
CUST04681,Female,57,No,No,4.4,Month-to-Month,Bank Transfer,Fiber Optic,76.63,3887.9,No,Yes,No
CUST04682,Male,26,No,Yes,2.5,Two Year,Bank Transfer,DSL,61.85,1825.28,Yes,No,No
CUST04683,Male,49,Yes,No,1.7,Month-to-Month,Credit Card,DSL,46.76,967.59,No,Yes,Yes
CUST04684,Female,32,No,No,4.1,Two Year,Bank Transfer,No,25.22,1295.24,No,No,No
CUST04685,Female,54,Yes,No,10.1,Month-to-Month,Bank Transfer,Fiber Optic,92.22,11044.81,No,No,Yes
CUST04686,Male,30,Yes,No,0.8,Two Year,Electronic Check,Fiber Optic,80.81,755.75,Yes,No,Yes
CUST04687,Male,22,Yes,No,0.5,Month-to-Month,Credit Card,Fiber Optic,77.51,308.36,No,No,No
CUST04688,Male,28,Yes,No,7.3,Month-to-Month,Mailed Check,Fiber Optic,86.47,7862.9,Yes,No,Yes
CUST04689,Male,27,Yes,No,3.3,One Year,Bank Transfer,No,44.36,1804.9,No,No,No
CUST04690,Female,69,Yes,No,1.7,Two Year,Mailed Check,DSL,64.31,1266.35,Yes,No,No
CUST04691,Male,30,Yes,Yes,2.6,Two Year,Bank Transfer,Fiber Optic,89.88,2815.82,No,No,Yes
CUST04692,Male,58,No,Yes,4.1,One Year,Electronic Check,DSL,62.95,2927.36,No,Yes,No
CUST04693,Male,70,Yes,No,4.4,One Year,Credit Card,DSL,59.13,3175.89,Yes,No,No
CUST04694,Female,63,No,No,7.6,One Year,Credit Card,Fiber Optic,86.83,7985.77,Yes,Yes,No
CUST04695,Female,67,Yes,No,1.7,One Year,Mailed Check,No,37.31,628.98,No,No,Yes
CUST04696,Male,32,No,Yes,1.0,Two Year,Electronic Check,Fiber Optic,87.78,925.28,No,No,Yes
CUST04697,Male,59,No,No,3.1,Month-to-Month,Mailed Check,DSL,54.57,1997.53,No,Yes,No
CUST04698,Male,73,No,No,1.6,One Year,Electronic Check,DSL,56.49,1051.96,Yes,Yes,No
CUST04699,Female,24,No,No,2.7,Month-to-Month,Bank Transfer,No,32.66,1024.99,No,Yes,No
CUST04700,Female,57,Yes,No,1.6,One Year,Bank Transfer,DSL,57.45,1117.7,Yes,Yes,No
CUST04701,Female,45,No,No,0.5,Two Year,Electronic Check,No,32.92,289.32,No,No,No
CUST04702,Male,49,No,Yes,1.9,Month-to-Month,Bank Transfer,DSL,47.1,1119.1,No,No,No
CUST04703,Female,52,No,No,3.5,Month-to-Month,Credit Card,No,28.35,1257.29,No,Yes,No
CUST04704,Male,32,No,No,4.8,Month-to-Month,Electronic Check,No,19.87,1158.72,Yes,Yes,Yes
CUST04705,Male,65,Yes,No,2.0,Month-to-Month,Electronic Check,DSL,57.1,1333.99,No,No,No
CUST04706,Male,53,No,Yes,0.5,Month-to-Month,Mailed Check,Fiber Optic,87.75,495.42,Yes,Yes,Yes
CUST04707,Female,38,Yes,No,1.6,Two Year,Electronic Check,DSL,65.54,1363.7,No,No,Yes
CUST04708,Male,23,No,Yes,4.6,One Year,Mailed Check,DSL,57.4,3230.7,No,Yes,Yes
CUST04709,Female,18,Yes,No,1.6,Two Year,Electronic Check,Fiber Optic,82.04,1793.86,Yes,No,Yes
CUST04710,Female,21,No,Yes,3.6,Month-to-Month,Credit Card,Fiber Optic,81.63,3527.51,Yes,Yes,No
CUST04711,Male,28,Yes,Yes,2.1,Two Year,Credit Card,DSL,60.17,1348.26,Yes,Yes,No
CUST04712,Male,61,Yes,Yes,0.8,One Year,Credit Card,Fiber Optic,79.55,732.7,Yes,Yes,No
CUST04713,Female,43,No,Yes,4.8,Month-to-Month,Mailed Check,DSL,56.23,3070.79,No,No,No
CUST04714,Male,54,No,Yes,0.3,One Year,Mailed Check,DSL,62.63,208.61,Yes,Yes,No
CUST04715,Female,40,No,No,2.2,Two Year,Bank Transfer,Fiber Optic,101.2,2434.09,No,No,Yes
CUST04716,Male,46,Yes,Yes,0.7,Month-to-Month,Mailed Check,Fiber Optic,94.24,774.1,Yes,Yes,Yes
CUST04717,Female,38,Yes,No,0.2,One Year,Mailed Check,Fiber Optic,80.8,217.73,No,Yes,No
CUST04718,Female,65,No,Yes,2.1,Two Year,Credit Card,Fiber Optic,79.03,1972.4,Yes,Yes,No
CUST04719,Female,62,No,No,2.1,Month-to-Month,Electronic Check,No,35.04,863.74,Yes,Yes,Yes
CUST04720,Female,62,No,No,3.7,One Year,Mailed Check,Fiber Optic,83.29,3634.09,No,Yes,Yes
CUST04721,Male,66,Yes,Yes,4.1,Month-to-Month,Bank Transfer,DSL,43.17,2221.77,No,Yes,Yes
CUST04722,Male,44,No,No,3.9,Month-to-Month,Electronic Check,Fiber Optic,105.74,5008.2,No,No,Yes
CUST04723,Female,56,Yes,Yes,1.6,One Year,Mailed Check,Fiber Optic,86.38,1395.88,No,No,No
CUST04724,Female,57,No,No,3.0,Month-to-Month,Electronic Check,Fiber Optic,94.99,3445.05,No,No,Yes
CUST04725,Male,30,Yes,No,2.6,One Year,Electronic Check,Fiber Optic,82.33,2818.69,No,Yes,No
CUST04726,Male,40,Yes,Yes,1.6,Month-to-Month,Electronic Check,DSL,54.75,1000.65,Yes,Yes,No
CUST04727,Male,33,No,No,2.7,Month-to-Month,Electronic Check,DSL,56.21,1778.03,Yes,Yes,No
CUST04728,Male,47,No,Yes,8.8,Month-to-Month,Electronic Check,Fiber Optic,82.82,8850.16,No,Yes,No
CUST04729,Male,21,Yes,No,0.6,Month-to-Month,Mailed Check,DSL,48.93,268.59,No,Yes,No
CUST04730,Male,57,Yes,No,7.1,Month-to-Month,Electronic Check,Fiber Optic,102.58,8497.59,No,Yes,Yes
CUST04731,Female,33,Yes,No,0.2,Two Year,Electronic Check,Fiber Optic,87.84,0.0,Yes,Yes,No
CUST04732,Male,48,No,No,1.1,Two Year,Bank Transfer,Fiber Optic,72.38,1053.77,No,Yes,Yes
CUST04733,Male,70,Yes,Yes,1.0,Two Year,Bank Transfer,Fiber Optic,85.81,1178.99,No,Yes,No
CUST04734,Female,59,Yes,Yes,3.0,Month-to-Month,Electronic Check,DSL,43.49,1514.73,No,Yes,Yes
CUST04735,Male,42,No,Yes,0.4,Two Year,Mailed Check,No,23.23,57.87,Yes,Yes,No
CUST04736,Male,61,No,No,6.4,Two Year,Bank Transfer,Fiber Optic,85.85,6743.01,No,No,No
CUST04737,Male,29,No,Yes,5.3,Month-to-Month,Bank Transfer,Fiber Optic,89.31,5657.93,No,Yes,No
CUST04738,Male,43,No,No,3.2,Month-to-Month,Electronic Check,DSL,34.81,1197.14,No,Yes,No
CUST04739,Male,54,No,No,1.8,Month-to-Month,Mailed Check,DSL,68.73,1535.61,No,Yes,Yes
CUST04740,Female,65,No,Yes,8.1,Month-to-Month,Credit Card,Fiber Optic,79.73,7796.14,No,Yes,No
CUST04741,Male,50,No,No,5.3,Two Year,Mailed Check,DSL,53.2,3531.48,Yes,No,No
CUST04742,Female,45,No,No,2.1,One Year,Bank Transfer,DSL,67.27,1808.09,No,Yes,No
CUST04743,Female,26,Yes,No,3.6,One Year,Bank Transfer,Fiber Optic,98.69,4440.31,No,Yes,No
CUST04744,Male,29,No,No,2.5,Month-to-Month,Bank Transfer,Fiber Optic,80.04,2260.83,Yes,No,No
CUST04745,Female,22,Yes,No,2.7,Month-to-Month,Bank Transfer,Fiber Optic,93.51,2776.58,Yes,No,Yes
CUST04746,Male,71,Yes,No,1.2,Month-to-Month,Bank Transfer,Fiber Optic,86.27,1330.72,No,No,No
CUST04747,Female,69,Yes,No,1.9,Two Year,Electronic Check,No,51.24,1170.07,No,No,Yes
CUST04748,Female,71,Yes,No,0.2,Month-to-Month,Electronic Check,DSL,49.61,183.21,No,Yes,Yes
CUST04749,Male,45,No,Yes,1.3,Two Year,Electronic Check,Fiber Optic,98.2,1556.56,Yes,Yes,Yes
CUST04750,Male,73,No,No,3.6,Month-to-Month,Bank Transfer,DSL,50.32,2319.14,No,No,No
CUST04751,Male,52,No,Yes,9.2,One Year,Electronic Check,Fiber Optic,76.41,8369.89,No,No,No
CUST04752,Male,22,No,Yes,9.9,One Year,Bank Transfer,Fiber Optic,82.57,9816.64,No,No,No
CUST04753,Male,51,No,No,2.4,Two Year,Mailed Check,DSL,41.88,1152.98,No,Yes,No
CUST04754,Female,63,Yes,No,2.8,Month-to-Month,Credit Card,Fiber Optic,77.55,2470.03,No,Yes,Yes
CUST04755,Female,51,No,No,0.6,Month-to-Month,Mailed Check,No,27.44,270.27,Yes,No,No
CUST04756,Female,30,No,Yes,3.6,Month-to-Month,Credit Card,DSL,52.98,2276.52,No,Yes,Yes
CUST04757,Female,56,Yes,No,0.2,Two Year,Electronic Check,Fiber Optic,92.33,676.84,No,Yes,Yes
CUST04758,Female,59,No,No,1.0,Month-to-Month,Credit Card,No,36.57,340.62,Yes,No,No
CUST04759,Female,62,Yes,Yes,3.3,Month-to-Month,Mailed Check,Fiber Optic,84.72,3371.2,No,Yes,Yes
CUST04760,Female,65,Yes,No,1.1,Month-to-Month,Mailed Check,Fiber Optic,71.1,961.4,Yes,No,No
CUST04761,Male,31,Yes,No,0.2,Month-to-Month,Credit Card,No,15.0,73.41,No,No,Yes
CUST04762,Male,28,Yes,No,5.3,Two Year,Mailed Check,DSL,50.76,3138.86,No,Yes,No
CUST04763,Female,59,No,Yes,1.1,Two Year,Electronic Check,DSL,48.32,580.18,No,No,No
CUST04764,Female,55,No,Yes,0.2,Month-to-Month,Mailed Check,Fiber Optic,80.27,0.0,No,No,Yes
CUST04765,Male,21,Yes,No,0.2,Two Year,Credit Card,Fiber Optic,97.98,522.22,No,Yes,No
CUST04766,Male,70,No,No,0.9,One Year,Electronic Check,DSL,50.14,368.87,No,Yes,No
CUST04767,Male,50,No,No,0.6,Month-to-Month,Credit Card,DSL,48.08,357.79,No,Yes,Yes
CUST04768,Male,24,Yes,Yes,4.5,Two Year,Bank Transfer,Fiber Optic,84.97,5012.95,No,No,No
CUST04769,Female,73,Yes,No,1.2,One Year,Bank Transfer,No,25.84,430.91,No,Yes,No
CUST04770,Male,58,No,No,4.9,Month-to-Month,Electronic Check,Fiber Optic,89.78,5499.96,No,Yes,No
CUST04771,Female,25,No,Yes,0.6,One Year,Electronic Check,No,31.96,339.7,Yes,Yes,No
CUST04772,Female,54,No,No,2.0,Month-to-Month,Mailed Check,No,44.83,1091.43,No,Yes,No
CUST04773,Female,68,Yes,No,3.5,Month-to-Month,Credit Card,Fiber Optic,82.67,3499.51,Yes,Yes,No
CUST04774,Male,27,No,Yes,3.2,One Year,Bank Transfer,Fiber Optic,100.45,3856.61,No,Yes,No
CUST04775,Male,60,Yes,Yes,2.8,Two Year,Mailed Check,Fiber Optic,90.58,3029.62,Yes,Yes,No
CUST04776,Female,74,Yes,No,7.8,One Year,Bank Transfer,DSL,59.24,5472.69,No,No,No
CUST04777,Female,32,No,No,0.8,Month-to-Month,Mailed Check,Fiber Optic,69.09,854.36,Yes,No,Yes
CUST04778,Female,55,Yes,No,2.0,Two Year,Mailed Check,Fiber Optic,67.89,1557.75,Yes,No,No
CUST04779,Male,32,Yes,No,6.5,Month-to-Month,Bank Transfer,Fiber Optic,72.12,5584.66,No,Yes,No
CUST04780,Female,22,Yes,Yes,0.2,Month-to-Month,Mailed Check,Fiber Optic,86.71,0.0,No,No,Yes
CUST04781,Male,46,Yes,No,0.2,Month-to-Month,Bank Transfer,Fiber Optic,91.03,369.64,No,Yes,No
CUST04782,Female,36,No,No,0.8,Month-to-Month,Electronic Check,Fiber Optic,89.28,1141.42,Yes,Yes,Yes
CUST04783,Female,71,No,Yes,3.0,Month-to-Month,Credit Card,Fiber Optic,85.3,2690.27,No,Yes,Yes
CUST04784,Female,68,Yes,No,0.9,One Year,Mailed Check,DSL,62.23,864.66,Yes,Yes,No
CUST04785,Male,27,Yes,Yes,0.6,Two Year,Bank Transfer,Fiber Optic,94.56,820.39,No,Yes,No
CUST04786,Male,29,Yes,Yes,1.8,Two Year,Bank Transfer,No,27.53,664.68,No,Yes,No
CUST04787,Female,71,No,Yes,2.9,Two Year,Credit Card,No,34.47,1225.14,Yes,Yes,No
CUST04788,Male,21,Yes,Yes,0.9,Month-to-Month,Credit Card,DSL,58.07,696.92,No,Yes,No
CUST04789,Female,48,No,No,1.1,One Year,Credit Card,Fiber Optic,91.45,1267.91,No,Yes,No
CUST04790,Male,35,Yes,No,2.9,Two Year,Mailed Check,No,32.62,1070.01,No,No,No
CUST04791,Male,33,Yes,No,8.7,Month-to-Month,Bank Transfer,DSL,57.11,5948.73,Yes,No,No
CUST04792,Male,57,No,No,3.4,One Year,Mailed Check,DSL,50.16,1997.59,No,No,No
CUST04793,Female,53,No,No,4.6,Month-to-Month,Mailed Check,DSL,56.65,3249.83,No,No,Yes
CUST04794,Male,42,Yes,No,1.4,Month-to-Month,Electronic Check,Fiber Optic,82.28,1338.0,No,Yes,Yes
CUST04795,Male,40,No,No,1.0,Month-to-Month,Credit Card,Fiber Optic,76.45,992.08,No,No,Yes
CUST04796,Female,29,No,No,1.8,One Year,Electronic Check,DSL,57.4,1114.94,Yes,No,No
CUST04797,Female,51,No,No,4.9,One Year,Electronic Check,Fiber Optic,76.82,4800.17,Yes,Yes,No
CUST04798,Female,53,No,No,1.8,Month-to-Month,Mailed Check,DSL,54.66,1209.1,Yes,Yes,Yes
CUST04799,Female,54,No,Yes,5.6,One Year,Mailed Check,Fiber Optic,82.07,5292.89,No,Yes,Yes
CUST04800,Male,20,No,No,13.5,Two Year,Bank Transfer,Fiber Optic,80.5,13203.84,No,No,No
CUST04801,Male,26,Yes,No,0.2,Two Year,Electronic Check,Fiber Optic,96.24,279.28,No,Yes,No
CUST04802,Male,70,No,No,0.1,Month-to-Month,Credit Card,DSL,68.11,189.49,No,No,Yes
CUST04803,Male,35,Yes,Yes,0.5,Month-to-Month,Electronic Check,Fiber Optic,82.63,1016.15,No,No,Yes
CUST04804,Male,60,Yes,No,1.5,One Year,Bank Transfer,Fiber Optic,92.98,1886.67,Yes,Yes,No
CUST04805,Female,52,Yes,No,0.4,Month-to-Month,Electronic Check,Fiber Optic,72.35,505.57,No,No,Yes
CUST04806,Male,74,Yes,Yes,6.1,Month-to-Month,Electronic Check,Fiber Optic,75.55,5476.37,No,No,No
CUST04807,Male,72,No,No,0.1,Month-to-Month,Electronic Check,Fiber Optic,84.51,119.55,No,Yes,Yes
CUST04808,Male,51,No,Yes,1.1,Two Year,Bank Transfer,DSL,46.47,580.24,Yes,Yes,Yes
CUST04809,Female,58,No,No,0.6,One Year,Electronic Check,DSL,58.01,265.62,No,No,No
CUST04810,Female,31,Yes,No,8.0,Month-to-Month,Mailed Check,DSL,57.3,5451.65,No,Yes,No
CUST04811,Male,21,Yes,No,3.3,Month-to-Month,Electronic Check,Fiber Optic,84.62,3543.1,Yes,No,Yes
CUST04812,Female,46,No,No,7.3,One Year,Mailed Check,Fiber Optic,103.94,9184.35,No,Yes,Yes
CUST04813,Female,58,Yes,No,10.8,Month-to-Month,Electronic Check,Fiber Optic,87.94,11192.37,No,Yes,No
CUST04814,Female,62,No,Yes,2.1,Month-to-Month,Mailed Check,Fiber Optic,89.61,2238.8,Yes,No,No
CUST04815,Female,67,No,Yes,0.8,Month-to-Month,Electronic Check,No,33.88,272.05,Yes,Yes,Yes
CUST04816,Female,32,No,Yes,0.6,Month-to-Month,Credit Card,Fiber Optic,77.79,632.64,No,Yes,Yes
CUST04817,Female,45,No,Yes,0.8,Month-to-Month,Mailed Check,DSL,70.6,581.18,Yes,No,No
CUST04818,Female,59,No,No,3.7,One Year,Credit Card,No,18.77,812.51,No,No,No
CUST04819,Male,33,Yes,No,0.1,One Year,Mailed Check,DSL,57.28,0.0,No,Yes,Yes
CUST04820,Male,29,No,Yes,0.2,Month-to-Month,Electronic Check,Fiber Optic,90.95,521.1,Yes,No,Yes
CUST04821,Female,69,Yes,Yes,2.8,Month-to-Month,Bank Transfer,DSL,62.87,2105.83,Yes,Yes,No
CUST04822,Male,22,Yes,No,3.1,Month-to-Month,Electronic Check,No,27.51,1017.15,No,No,No
CUST04823,Male,51,Yes,No,3.3,One Year,Bank Transfer,Fiber Optic,90.95,3662.23,Yes,Yes,No
CUST04824,Female,59,No,No,1.4,Month-to-Month,Credit Card,DSL,46.61,821.0,No,Yes,Yes
CUST04825,Male,18,Yes,No,4.9,Month-to-Month,Bank Transfer,Fiber Optic,98.36,5648.95,No,No,Yes
CUST04826,Female,56,Yes,No,2.3,One Year,Bank Transfer,DSL,53.7,1507.42,No,No,No
CUST04827,Female,49,Yes,Yes,0.3,One Year,Bank Transfer,No,26.03,98.49,Yes,No,Yes
CUST04828,Female,43,No,No,4.8,Month-to-Month,Bank Transfer,Fiber Optic,79.9,4765.35,No,Yes,Yes
CUST04829,Male,34,No,Yes,9.2,Month-to-Month,Credit Card,Fiber Optic,87.38,9778.08,No,No,Yes
CUST04830,Male,65,No,Yes,0.2,Two Year,Bank Transfer,DSL,42.36,100.87,Yes,Yes,No
CUST04831,Male,44,No,Yes,1.5,Two Year,Electronic Check,No,37.08,669.2,Yes,Yes,No
CUST04832,Male,41,Yes,No,2.0,Month-to-Month,Mailed Check,No,25.22,594.65,No,No,No
CUST04833,Female,52,Yes,No,0.5,Two Year,Mailed Check,Fiber Optic,95.44,593.39,Yes,Yes,Yes
CUST04834,Female,63,No,Yes,6.1,One Year,Electronic Check,No,20.06,1467.12,No,Yes,No
CUST04835,Male,59,Yes,No,1.0,Two Year,Credit Card,DSL,56.06,690.48,No,No,No
CUST04836,Female,71,Yes,No,4.6,Month-to-Month,Electronic Check,No,34.43,1799.5,No,No,No
CUST04837,Female,56,Yes,No,3.3,One Year,Electronic Check,Fiber Optic,90.3,3460.2,No,No,No
CUST04838,Male,43,No,Yes,2.7,One Year,Bank Transfer,No,25.87,912.39,No,Yes,No
CUST04839,Female,66,Yes,No,0.6,Month-to-Month,Bank Transfer,Fiber Optic,75.12,441.82,No,Yes,No
CUST04840,Male,55,No,No,0.7,One Year,Credit Card,DSL,51.34,417.01,Yes,Yes,No
CUST04841,Female,40,Yes,Yes,0.1,Month-to-Month,Credit Card,Fiber Optic,94.33,153.03,No,Yes,Yes
CUST04842,Male,39,No,Yes,0.8,Month-to-Month,Mailed Check,DSL,71.74,664.02,No,Yes,Yes
CUST04843,Female,21,Yes,Yes,1.3,Month-to-Month,Credit Card,Fiber Optic,72.02,1042.08,Yes,Yes,Yes
CUST04844,Female,66,Yes,Yes,5.4,Two Year,Electronic Check,Fiber Optic,79.1,5271.07,Yes,Yes,No
CUST04845,Male,26,Yes,No,1.4,Month-to-Month,Mailed Check,DSL,41.14,605.83,Yes,Yes,No
CUST04846,Male,21,No,No,4.2,One Year,Mailed Check,No,25.61,1185.44,No,No,No
CUST04847,Male,24,Yes,No,1.7,One Year,Bank Transfer,No,24.9,572.06,Yes,Yes,No
CUST04848,Male,40,No,Yes,4.6,Month-to-Month,Bank Transfer,No,20.44,1075.33,No,No,No
CUST04849,Female,19,No,No,11.2,Month-to-Month,Mailed Check,Fiber Optic,98.3,13354.46,No,Yes,No
CUST04850,Female,66,No,No,0.8,One Year,Bank Transfer,Fiber Optic,94.17,831.05,No,Yes,Yes
CUST04851,Male,41,Yes,No,5.9,Two Year,Bank Transfer,Fiber Optic,86.95,6417.09,No,No,No
CUST04852,Female,57,Yes,No,2.9,Month-to-Month,Bank Transfer,DSL,54.12,1856.47,No,Yes,No
CUST04853,Male,72,Yes,Yes,5.1,Month-to-Month,Mailed Check,No,37.14,2232.76,No,Yes,Yes
CUST04854,Male,48,No,No,3.2,Month-to-Month,Mailed Check,No,21.99,883.37,No,No,No
CUST04855,Female,64,No,No,1.7,Month-to-Month,Mailed Check,Fiber Optic,86.91,1988.39,No,Yes,Yes
CUST04856,Female,48,No,No,0.8,Month-to-Month,Electronic Check,No,25.16,323.01,Yes,No,No
CUST04857,Male,64,No,No,0.2,Month-to-Month,Mailed Check,Fiber Optic,103.75,0.0,Yes,No,No
CUST04858,Male,57,Yes,Yes,2.3,Month-to-Month,Bank Transfer,Fiber Optic,74.13,1752.55,No,Yes,No
CUST04859,Male,65,Yes,Yes,13.9,Month-to-Month,Mailed Check,No,27.82,4580.15,No,Yes,No
CUST04860,Female,68,No,No,4.0,One Year,Electronic Check,Fiber Optic,74.64,3416.05,Yes,No,No
CUST04861,Female,60,Yes,No,1.2,Two Year,Bank Transfer,Fiber Optic,91.02,1220.87,Yes,No,No
CUST04862,Female,51,Yes,No,5.3,Month-to-Month,Credit Card,Fiber Optic,91.0,5796.76,No,No,No
CUST04863,Female,72,No,Yes,4.4,One Year,Mailed Check,Fiber Optic,79.42,4223.72,Yes,No,No
CUST04864,Male,41,Yes,No,1.0,Month-to-Month,Mailed Check,Fiber Optic,75.06,983.89,No,Yes,Yes
CUST04865,Male,66,No,No,0.0,Two Year,Credit Card,Fiber Optic,81.91,0.0,Yes,Yes,Yes
CUST04866,Male,43,No,No,0.4,One Year,Bank Transfer,Fiber Optic,79.42,366.9,No,No,Yes
CUST04867,Male,33,No,Yes,6.3,Two Year,Mailed Check,DSL,55.51,4189.82,No,Yes,No
CUST04868,Male,74,Yes,Yes,5.4,Month-to-Month,Electronic Check,Fiber Optic,97.96,6350.99,Yes,No,No
CUST04869,Male,64,Yes,No,1.0,One Year,Bank Transfer,No,35.29,387.81,No,No,No
CUST04870,Female,30,No,No,1.0,Month-to-Month,Mailed Check,DSL,61.07,758.86,No,No,No
CUST04871,Female,32,Yes,No,4.7,Month-to-Month,Bank Transfer,DSL,54.97,2986.05,No,Yes,Yes
CUST04872,Male,44,Yes,No,8.3,Month-to-Month,Mailed Check,DSL,76.15,7846.43,No,No,No
CUST04873,Male,21,Yes,No,4.5,One Year,Credit Card,No,30.93,1615.97,No,Yes,No
CUST04874,Female,33,Yes,Yes,2.8,One Year,Mailed Check,Fiber Optic,90.8,3122.85,No,No,No
CUST04875,Female,47,Yes,Yes,0.8,Month-to-Month,Bank Transfer,No,38.79,347.2,Yes,No,Yes
CUST04876,Female,61,No,Yes,2.2,One Year,Mailed Check,Fiber Optic,84.59,2150.04,No,Yes,No
CUST04877,Female,47,Yes,No,0.8,Month-to-Month,Mailed Check,Fiber Optic,86.66,569.86,Yes,Yes,Yes
CUST04878,Male,53,Yes,No,5.0,Month-to-Month,Bank Transfer,Fiber Optic,80.44,4739.32,Yes,No,No
CUST04879,Male,20,No,No,1.5,One Year,Mailed Check,DSL,55.14,965.87,No,Yes,No
CUST04880,Male,39,No,Yes,5.4,Month-to-Month,Mailed Check,Fiber Optic,96.71,6154.7,Yes,Yes,Yes
CUST04881,Male,66,Yes,No,1.4,Month-to-Month,Bank Transfer,Fiber Optic,94.31,1711.74,No,No,Yes
CUST04882,Male,39,Yes,No,5.2,Month-to-Month,Credit Card,DSL,60.5,3977.48,No,No,Yes
CUST04883,Female,67,No,No,1.2,One Year,Electronic Check,Fiber Optic,92.28,1315.81,No,No,Yes
CUST04884,Male,74,No,Yes,1.7,Month-to-Month,Electronic Check,DSL,54.7,1171.87,Yes,Yes,Yes
CUST04885,Female,67,No,No,2.9,Two Year,Electronic Check,DSL,62.59,2333.07,Yes,No,No
CUST04886,Male,72,No,No,0.2,Month-to-Month,Electronic Check,DSL,53.78,14.01,No,No,Yes
CUST04887,Male,66,Yes,No,8.9,One Year,Electronic Check,Fiber Optic,71.93,7937.47,No,Yes,No
CUST04888,Male,29,No,No,2.6,Month-to-Month,Electronic Check,DSL,69.66,1989.57,Yes,No,No
CUST04889,Male,72,Yes,Yes,2.1,Month-to-Month,Bank Transfer,DSL,53.37,1344.69,No,Yes,Yes
CUST04890,Male,38,No,No,5.5,One Year,Bank Transfer,DSL,63.43,4272.2,No,Yes,No
CUST04891,Female,73,No,No,6.0,Month-to-Month,Bank Transfer,Fiber Optic,82.1,6164.83,Yes,Yes,Yes
CUST04892,Female,21,No,No,2.2,Month-to-Month,Mailed Check,Fiber Optic,63.48,1674.54,No,Yes,Yes
CUST04893,Female,48,Yes,No,7.9,Month-to-Month,Credit Card,No,29.42,2794.86,Yes,No,No
CUST04894,Male,61,Yes,Yes,0.2,Month-to-Month,Credit Card,No,15.27,86.42,No,Yes,Yes
CUST04895,Male,48,No,Yes,0.4,Month-to-Month,Electronic Check,DSL,61.04,109.43,Yes,No,No
CUST04896,Female,40,No,No,2.7,One Year,Electronic Check,DSL,53.17,1615.58,Yes,Yes,No
CUST04897,Male,71,No,Yes,1.3,One Year,Bank Transfer,DSL,64.75,851.51,No,Yes,No
CUST04898,Male,70,Yes,No,1.9,Month-to-Month,Credit Card,No,31.87,657.42,Yes,Yes,Yes
CUST04899,Female,37,Yes,Yes,1.2,Month-to-Month,Mailed Check,Fiber Optic,76.76,963.42,No,Yes,No
CUST04900,Male,32,No,Yes,1.6,Month-to-Month,Mailed Check,DSL,60.36,1307.7,Yes,Yes,No
CUST04901,Female,40,Yes,No,5.2,Month-to-Month,Bank Transfer,DSL,42.52,2782.74,No,Yes,No
CUST04902,Male,45,No,Yes,2.7,One Year,Electronic Check,Fiber Optic,82.54,2737.22,No,No,Yes
CUST04903,Female,33,Yes,No,15.0,One Year,Credit Card,DSL,40.09,7294.54,No,No,No
CUST04904,Male,54,No,No,4.6,Month-to-Month,Mailed Check,No,32.8,1864.23,Yes,No,No
CUST04905,Male,38,No,No,1.0,Month-to-Month,Electronic Check,Fiber Optic,86.98,1044.05,Yes,No,Yes
CUST04906,Female,32,No,No,0.9,Two Year,Credit Card,Fiber Optic,86.01,1088.31,No,No,No
CUST04907,Male,34,Yes,Yes,1.2,Month-to-Month,Mailed Check,Fiber Optic,77.51,1233.58,Yes,Yes,Yes
CUST04908,Male,67,No,No,5.6,Month-to-Month,Electronic Check,DSL,65.82,4508.15,No,No,No
CUST04909,Female,54,Yes,No,0.1,One Year,Mailed Check,Fiber Optic,92.27,127.23,No,Yes,No
CUST04910,Male,30,No,No,0.8,One Year,Electronic Check,Fiber Optic,86.87,866.53,No,No,No
CUST04911,Female,36,Yes,No,7.1,Month-to-Month,Electronic Check,Fiber Optic,80.35,6818.84,Yes,No,No
CUST04912,Male,47,Yes,No,3.1,Two Year,Electronic Check,Fiber Optic,82.2,2768.56,No,No,No
CUST04913,Male,62,Yes,No,0.8,Month-to-Month,Credit Card,No,29.88,283.0,No,No,No
CUST04914,Male,35,Yes,No,0.7,One Year,Bank Transfer,DSL,46.19,392.99,No,Yes,No
CUST04915,Male,31,No,Yes,6.0,Month-to-Month,Electronic Check,Fiber Optic,91.82,6447.2,No,Yes,No
CUST04916,Female,53,Yes,Yes,6.7,One Year,Electronic Check,DSL,65.07,5169.63,Yes,Yes,No
CUST04917,Male,53,No,No,0.9,Two Year,Mailed Check,Fiber Optic,98.67,1204.0,No,Yes,No
CUST04918,Female,37,No,Yes,1.6,Month-to-Month,Mailed Check,DSL,52.25,1094.83,No,No,No
CUST04919,Male,69,Yes,Yes,5.4,One Year,Credit Card,Fiber Optic,96.02,5903.12,Yes,Yes,No
CUST04920,Male,36,No,Yes,4.4,Two Year,Bank Transfer,DSL,66.51,3419.22,No,No,No
CUST04921,Male,62,Yes,No,5.0,Month-to-Month,Mailed Check,DSL,49.94,3076.12,Yes,No,No
CUST04922,Male,61,Yes,No,2.2,One Year,Credit Card,Fiber Optic,76.97,1837.29,No,Yes,No
CUST04923,Female,24,Yes,No,7.3,Two Year,Credit Card,Fiber Optic,93.69,8183.05,No,Yes,Yes
CUST04924,Female,74,No,No,1.2,One Year,Credit Card,No,25.61,305.03,Yes,Yes,No
CUST04925,Female,61,Yes,No,0.5,Month-to-Month,Electronic Check,Fiber Optic,79.13,334.02,No,No,Yes
CUST04926,Female,70,No,No,3.7,Month-to-Month,Bank Transfer,Fiber Optic,91.53,4128.55,No,No,Yes
CUST04927,Male,21,No,No,2.3,Month-to-Month,Bank Transfer,Fiber Optic,73.91,2132.76,No,Yes,No
CUST04928,Female,51,No,No,5.8,Month-to-Month,Bank Transfer,DSL,51.43,3687.54,No,Yes,No
CUST04929,Female,19,Yes,No,0.3,Month-to-Month,Electronic Check,DSL,40.09,368.53,No,Yes,No
CUST04930,Male,22,No,No,5.6,Month-to-Month,Electronic Check,DSL,48.27,3225.72,No,Yes,No
CUST04931,Male,72,No,No,1.0,Month-to-Month,Mailed Check,DSL,49.74,583.1,No,No,Yes
CUST04932,Male,27,No,No,3.2,Month-to-Month,Mailed Check,DSL,49.0,2007.02,No,No,Yes
CUST04933,Male,49,No,No,0.1,Month-to-Month,Mailed Check,No,26.56,91.69,No,Yes,No
CUST04934,Female,59,No,No,2.8,One Year,Credit Card,No,15.0,520.34,No,No,No
CUST04935,Female,58,Yes,No,3.8,One Year,Bank Transfer,No,21.95,983.89,Yes,Yes,No
CUST04936,Male,30,Yes,No,1.4,Month-to-Month,Electronic Check,No,40.76,745.17,Yes,Yes,No
CUST04937,Male,56,Yes,No,0.7,Month-to-Month,Mailed Check,Fiber Optic,87.39,631.1,No,No,Yes
CUST04938,Male,22,Yes,No,2.3,Month-to-Month,Credit Card,DSL,50.9,1337.73,No,Yes,No
CUST04939,Female,27,Yes,No,5.4,Month-to-Month,Electronic Check,Fiber Optic,79.76,5212.45,No,Yes,Yes
CUST04940,Female,27,Yes,No,1.2,Month-to-Month,Credit Card,No,36.12,669.62,No,No,No
CUST04941,Male,55,Yes,No,0.9,One Year,Credit Card,Fiber Optic,85.69,876.72,Yes,Yes,Yes
CUST04942,Male,44,No,No,1.0,Month-to-Month,Credit Card,Fiber Optic,76.02,921.2,No,Yes,Yes
CUST04943,Female,68,Yes,No,8.9,Two Year,Bank Transfer,DSL,50.73,5258.2,Yes,No,No
CUST04944,Male,38,No,No,1.3,Month-to-Month,Electronic Check,Fiber Optic,75.11,1035.69,Yes,Yes,No
CUST04945,Male,25,No,No,0.0,Month-to-Month,Electronic Check,Fiber Optic,79.46,57.79,Yes,Yes,No
CUST04946,Female,18,No,No,4.6,One Year,Credit Card,Fiber Optic,90.48,5081.19,Yes,Yes,Yes
CUST04947,Male,45,No,Yes,3.6,One Year,Bank Transfer,No,34.68,1632.67,Yes,Yes,No
CUST04948,Female,66,Yes,No,0.4,One Year,Credit Card,DSL,63.23,171.12,Yes,Yes,Yes
CUST04949,Male,56,Yes,No,12.6,Two Year,Mailed Check,No,31.14,4716.55,No,No,No
CUST04950,Male,31,Yes,No,2.8,Month-to-Month,Electronic Check,DSL,42.93,1403.4,Yes,No,Yes
CUST04951,Female,38,Yes,No,2.1,Two Year,Electronic Check,No,20.03,516.27,Yes,Yes,No
CUST04952,Female,47,No,Yes,1.4,Month-to-Month,Bank Transfer,Fiber Optic,88.79,1396.66,No,No,Yes
CUST04953,Male,38,No,No,6.9,Two Year,Electronic Check,Fiber Optic,85.81,6807.81,No,Yes,No
CUST04954,Female,66,Yes,No,0.8,Month-to-Month,Electronic Check,DSL,45.73,497.66,Yes,Yes,Yes
CUST04955,Male,26,Yes,Yes,1.0,Month-to-Month,Electronic Check,Fiber Optic,82.26,865.04,Yes,No,Yes
CUST04956,Male,34,Yes,No,0.4,One Year,Bank Transfer,No,45.2,195.81,No,No,No
CUST04957,Female,22,Yes,No,4.3,Month-to-Month,Credit Card,DSL,62.45,3231.01,No,Yes,No
CUST04958,Male,74,No,No,2.7,Month-to-Month,Electronic Check,DSL,66.99,2167.0,Yes,Yes,No
CUST04959,Male,48,Yes,Yes,2.8,Month-to-Month,Credit Card,DSL,45.57,1260.37,Yes,Yes,Yes
CUST04960,Female,69,No,No,0.7,One Year,Bank Transfer,DSL,68.36,356.47,No,Yes,No
CUST04961,Female,57,Yes,No,3.2,Two Year,Credit Card,DSL,50.84,1924.0,No,Yes,No
CUST04962,Male,55,Yes,Yes,4.4,One Year,Mailed Check,Fiber Optic,97.58,5601.65,No,No,No
CUST04963,Female,60,No,Yes,1.3,Two Year,Electronic Check,DSL,57.87,794.72,Yes,Yes,No
CUST04964,Female,36,No,Yes,4.8,Month-to-Month,Bank Transfer,Fiber Optic,90.03,5118.26,Yes,Yes,No
CUST04965,Female,53,No,No,1.3,Month-to-Month,Bank Transfer,No,35.56,650.35,No,Yes,Yes
CUST04966,Female,67,No,Yes,4.3,Month-to-Month,Credit Card,Fiber Optic,85.79,4547.62,No,No,Yes
CUST04967,Male,50,Yes,Yes,0.1,One Year,Electronic Check,DSL,59.67,122.14,Yes,Yes,No
CUST04968,Male,30,Yes,No,2.4,Month-to-Month,Bank Transfer,Fiber Optic,76.85,2231.91,No,Yes,Yes
CUST04969,Male,31,No,No,10.5,Month-to-Month,Mailed Check,Fiber Optic,83.97,10260.37,Yes,Yes,No
CUST04970,Female,73,No,No,11.9,Month-to-Month,Credit Card,DSL,61.25,8552.33,No,No,No
CUST04971,Female,50,No,No,1.0,One Year,Mailed Check,DSL,55.87,568.16,Yes,Yes,No
CUST04972,Female,46,Yes,Yes,1.7,Month-to-Month,Mailed Check,No,27.19,533.05,No,Yes,Yes
CUST04973,Female,60,No,No,0.2,Two Year,Credit Card,Fiber Optic,86.87,418.15,No,Yes,No
CUST04974,Female,66,Yes,Yes,6.2,One Year,Mailed Check,DSL,44.09,3282.99,No,Yes,No
CUST04975,Female,53,No,No,2.5,One Year,Credit Card,Fiber Optic,93.37,2682.23,No,Yes,No
CUST04976,Female,61,No,No,1.5,Two Year,Credit Card,DSL,38.37,669.09,No,Yes,Yes
CUST04977,Male,27,Yes,Yes,0.4,Month-to-Month,Bank Transfer,No,29.8,224.96,No,Yes,Yes
CUST04978,Male,48,No,No,8.8,One Year,Bank Transfer,No,36.08,3819.43,Yes,No,No
CUST04979,Female,23,Yes,No,2.3,Two Year,Mailed Check,DSL,55.65,1610.3,No,Yes,No
CUST04980,Female,74,No,Yes,1.0,One Year,Mailed Check,Fiber Optic,81.25,896.3,Yes,No,No
CUST04981,Female,18,Yes,No,1.3,One Year,Mailed Check,Fiber Optic,93.8,1101.64,No,Yes,No
CUST04982,Male,24,No,No,0.9,Month-to-Month,Mailed Check,Fiber Optic,79.49,962.45,No,No,Yes
CUST04983,Male,44,Yes,No,2.8,One Year,Mailed Check,DSL,68.48,2345.05,Yes,No,No
CUST04984,Female,38,No,No,8.0,Month-to-Month,Bank Transfer,Fiber Optic,83.32,8160.03,No,No,No
CUST04985,Female,45,No,No,5.8,Two Year,Mailed Check,DSL,53.04,3700.34,No,No,Yes
CUST04986,Male,33,Yes,Yes,1.9,Two Year,Mailed Check,Fiber Optic,90.82,2510.38,No,Yes,Yes
CUST04987,Male,73,Yes,Yes,5.3,Two Year,Electronic Check,Fiber Optic,82.52,5092.68,Yes,No,Yes
CUST04988,Male,63,No,No,1.7,One Year,Credit Card,Fiber Optic,85.77,1563.14,No,Yes,No
CUST04989,Male,40,Yes,Yes,0.9,Month-to-Month,Credit Card,Fiber Optic,89.57,934.48,No,No,No
CUST04990,Female,69,No,No,12.3,Month-to-Month,Bank Transfer,Fiber Optic,75.2,11054.71,Yes,Yes,No
CUST04991,Male,37,Yes,No,1.1,Two Year,Credit Card,Fiber Optic,89.9,1151.64,No,Yes,Yes
CUST04992,Male,55,No,Yes,1.2,Month-to-Month,Mailed Check,Fiber Optic,71.45,1014.89,No,No,Yes
CUST04993,Female,71,Yes,Yes,13.7,Month-to-Month,Credit Card,DSL,54.9,8989.62,No,Yes,No
CUST04994,Male,42,Yes,No,0.4,One Year,Bank Transfer,DSL,52.15,193.46,No,No,No
CUST04995,Male,45,Yes,No,4.3,Month-to-Month,Credit Card,DSL,44.51,2208.54,No,No,No
CUST04996,Male,22,Yes,No,8.2,One Year,Credit Card,DSL,68.53,6819.72,No,Yes,No
CUST04997,Female,73,Yes,No,2.2,Month-to-Month,Electronic Check,Fiber Optic,86.34,2485.14,Yes,Yes,No
CUST04998,Male,38,No,Yes,0.0,One Year,Electronic Check,Fiber Optic,79.78,525.7,Yes,Yes,No
CUST04999,Female,35,No,No,1.4,Two Year,Mailed Check,DSL,56.14,984.5,No,No,No
CUST05000,Female,64,No,Yes,0.4,Month-to-Month,Credit Card,No,49.89,352.14,Yes,No,Yes
CUST05001,Male,23,No,No,1.6,Month-to-Month,Mailed Check,Fiber Optic,77.04,1512.53,No,No,No
CUST05002,Male,74,Yes,No,4.7,Month-to-Month,Credit Card,Fiber Optic,90.26,5218.35,No,No,Yes
CUST05003,Male,46,No,No,1.7,Two Year,Mailed Check,DSL,47.68,965.87,Yes,Yes,No
CUST05004,Male,36,Yes,No,1.7,Month-to-Month,Mailed Check,DSL,58.86,1166.74,Yes,Yes,No
CUST05005,Female,50,No,No,2.4,Month-to-Month,Credit Card,Fiber Optic,79.73,2258.34,No,Yes,Yes
CUST05006,Male,18,Yes,No,2.6,One Year,Electronic Check,No,28.69,1004.01,Yes,No,No
CUST05007,Male,62,Yes,No,5.8,Month-to-Month,Bank Transfer,DSL,56.27,4116.68,No,Yes,No
CUST05008,Male,20,Yes,No,1.1,Two Year,Mailed Check,Fiber Optic,95.56,1101.3,No,No,No
CUST05009,Female,59,No,No,5.2,Two Year,Bank Transfer,No,18.21,1154.43,No,No,No
CUST05010,Male,38,Yes,No,2.5,Month-to-Month,Credit Card,Fiber Optic,98.6,2906.26,Yes,Yes,No
CUST05011,Male,52,No,Yes,1.1,One Year,Mailed Check,Fiber Optic,69.65,1169.24,Yes,Yes,No
CUST05012,Female,58,Yes,Yes,1.0,Month-to-Month,Credit Card,Fiber Optic,87.62,843.45,Yes,Yes,Yes
CUST05013,Female,57,No,Yes,1.3,One Year,Mailed Check,No,30.48,544.92,Yes,No,No
CUST05014,Male,20,No,No,2.9,One Year,Electronic Check,Fiber Optic,83.95,2938.25,No,Yes,No
CUST05015,Male,42,Yes,Yes,0.8,Month-to-Month,Mailed Check,No,30.29,178.4,No,Yes,No
CUST05016,Male,62,No,No,7.6,Month-to-Month,Mailed Check,Fiber Optic,89.17,8475.46,Yes,No,No
CUST05017,Male,55,No,No,2.6,Two Year,Mailed Check,No,33.69,934.6,Yes,Yes,No
CUST05018,Male,62,No,Yes,7.6,Month-to-Month,Credit Card,No,28.56,2546.73,No,Yes,No
CUST05019,Female,72,No,No,0.1,One Year,Electronic Check,Fiber Optic,90.63,0.0,No,No,Yes
CUST05020,Female,37,No,Yes,1.3,Month-to-Month,Credit Card,Fiber Optic,83.16,1513.84,No,No,Yes
